team_id,institution_name,unitid,season,eada_year,carried_forward,state,budget_pct,log_budget,opex_per_player_pct,log_opex_per_player,log_budget_per_player,roster_size,log_revenue,net_revenue,coaching_staff_size,dept_recruiting_pct,log_dept_recruiting,log_dept_coach_salary
IPEDS:100654,Alabama A & M University,100654,2021,2021,False,AL,0.478947,12.442144,0.792105,7.981392,8.68111,43.0,12.540357,26135.0,2.0,0.903947,10.849259,11.498076
IPEDS:100663,University of Alabama at Birmingham,100663,2021,2021,False,AL,0.863158,13.756804,0.891447,8.559869,10.093282,39.0,13.767605,10241.0,3.0,0.856579,10.576687,12.931595
IPEDS:100724,Alabama State University,100724,2021,2021,False,AL,0.763158,13.329701,0.671711,7.643483,9.692175,38.0,13.329701,0.0,3.0,0.880921,10.701175,11.688793
IPEDS:100751,The University of Alabama,100751,2021,2021,False,AL,0.989474,15.109699,0.998026,10.463874,11.583348,34.0,13.583211,-2855326.0,3.0,0.993421,13.365772,14.694352
IPEDS:100858,Auburn University,100858,2021,2021,False,AL,0.993421,15.26305,0.994079,10.184862,11.625473,38.0,15.26305,0.0,4.0,0.959211,12.025114,14.470186
IPEDS:101480,Jacksonville State University,101480,2021,2021,False,AL,0.820395,13.535286,0.810526,8.058011,9.871775,39.0,13.535286,0.0,3.0,0.284211,7.781973,12.114577
IPEDS:101879,University of North Alabama,101879,2021,2021,False,AL,0.767105,13.341902,0.830263,8.139149,9.653085,40.0,13.341902,0.0,3.0,0.905263,10.859268,11.46079
IPEDS:102049,Samford University,102049,2021,2021,False,AL,0.9125,13.999556,0.901974,8.633731,10.170952,46.0,14.071749,89990.0,5.0,0.759211,10.154791,11.92231
IPEDS:102094,University of South Alabama,102094,2021,2021,False,AL,0.934868,14.164809,0.859868,8.354439,10.293642,48.0,14.19202,39116.0,4.0,0.697368,9.897067,12.736833
IPEDS:102368,Troy University,102368,2021,2021,False,AL,0.886184,13.889532,0.888158,8.529912,10.151901,42.0,14.032921,166024.0,3.0,0.915132,10.971744,12.792494
IPEDS:104151,Arizona State University Campus Immersion,104151,2021,2021,False,AZ,0.991447,15.183823,0.978289,9.624699,11.355193,46.0,15.183823,0.0,4.0,0.976974,12.599749,13.90526
IPEDS:104179,University of Arizona,104179,2021,2021,False,AZ,0.984868,14.995916,0.959211,9.321524,11.167289,46.0,15.286787,1099096.0,4.0,0.986842,13.014451,14.772595
IPEDS:104717,Grand Canyon University,104717,2021,2021,False,AZ,0.930921,14.13522,0.95,9.162829,10.264053,48.0,14.13522,0.0,4.0,0.893421,10.805172,12.70172
IPEDS:106245,University of Arkansas at Little Rock,106245,2021,2021,False,AR,0.915789,14.015351,0.952632,9.205026,10.377795,38.0,13.717371,-314686.0,3.0,0.666447,9.780416,12.065885
IPEDS:106397,University of Arkansas,106397,2021,2021,False,AR,0.998026,15.620464,0.998684,10.482037,11.728652,49.0,15.620464,0.0,4.0,0.978947,12.675032,14.049148
IPEDS:106412,University of Arkansas at Pine Bluff,106412,2021,2021,False,AR,0.721711,13.192434,0.889474,8.542276,9.934384,26.0,13.192434,0.0,2.0,0.010526,0.0,11.449005
IPEDS:106458,Arkansas State University,106458,2021,2021,False,AR,0.832237,13.604891,0.913158,8.714732,9.891368,41.0,13.604891,0.0,3.0,0.938816,11.292441,11.691055
IPEDS:106704,University of Central Arkansas,106704,2021,2021,False,AR,0.825,13.553948,0.856579,8.335431,9.682808,48.0,13.553948,0.0,4.0,0.469737,9.008469,11.58466
IPEDS:110361,California Baptist University,110361,2021,2021,False,CA,0.946053,14.302744,0.954605,9.244838,10.613889,40.0,14.422711,207480.0,5.0,0.498684,9.152711,12.145638
IPEDS:110422,California Polytechnic State University-San Luis Obispo,110422,2021,2021,False,CA,0.931579,14.138791,0.898684,8.621914,10.44994,40.0,14.138791,0.0,4.0,0.725,9.980773,12.122974
IPEDS:110486,California State University-Bakersfield,110486,2021,2021,False,CA,0.849342,13.692075,0.920395,8.78554,10.054531,38.0,13.850448,151676.0,4.0,0.585526,9.480368,11.75984
IPEDS:110556,California State University-Fresno,110556,2021,2021,False,CA,0.927632,14.104414,0.947368,9.130539,10.440881,39.0,14.104414,0.0,4.0,0.946711,11.466201,12.934232
IPEDS:110565,California State University-Fullerton,110565,2021,2021,False,CA,0.974342,14.740976,0.940132,9.004668,11.003323,42.0,14.740976,0.0,4.0,0.707895,9.936777,11.944572
IPEDS:110583,California State University-Long Beach,110583,2021,2021,False,CA,0.928289,14.107481,0.9125,8.711937,10.175692,51.0,14.107481,0.0,4.0,0.590789,9.496045,12.11146
IPEDS:110608,California State University-Northridge,110608,2021,2021,False,CA,0.905921,13.971234,0.903289,8.64541,10.187081,44.0,14.420047,661901.0,4.0,0.507237,9.199482,12.204311
IPEDS:110617,California State University-Sacramento,110617,2021,2021,False,CA,0.924342,14.073696,0.929605,8.858653,10.384847,40.0,14.073696,0.0,4.0,0.203947,6.650279,12.052583
IPEDS:110635,University of California-Berkeley,110635,2021,2021,False,CA,0.952632,14.367801,0.963158,9.349754,10.654252,41.0,14.476192,198883.0,4.0,0.981579,12.703728,13.233255
IPEDS:110644,University of California-Davis,110644,2021,2021,False,CA,0.888816,13.895948,0.886842,8.527935,10.207104,40.0,13.895948,0.0,4.0,0.872368,10.654904,12.040933
IPEDS:110653,University of California-Irvine,110653,2021,2021,False,CA,0.939474,14.219457,0.957895,9.292842,10.581895,38.0,14.261905,64945.0,4.0,0.657237,9.763306,11.929588
IPEDS:110662,University of California-Los Angeles,110662,2021,2021,False,CA,0.977632,14.791659,0.985526,9.757016,11.180755,37.0,14.791659,0.0,4.0,0.964474,12.252016,14.145043
IPEDS:110671,University of California-Riverside,110671,2021,2021,False,CA,0.846711,13.688624,0.866447,8.391857,10.162301,34.0,13.633707,-47069.0,4.0,0.721711,9.973154,11.698724
IPEDS:110680,University of California-San Diego,110680,2021,2021,False,CA,0.910526,13.988475,0.921711,8.790117,10.22731,43.0,13.988475,0.0,4.0,0.346711,8.298291,11.40974
IPEDS:110705,University of California-Santa Barbara,110705,2021,2021,False,CA,0.953289,14.381007,0.934868,8.938532,10.530886,47.0,14.381007,0.0,4.0,0.890789,10.788391,12.091363
IPEDS:117946,Loyola Marymount University,117946,2021,2021,False,CA,0.951316,14.345713,0.934211,8.913954,10.708149,38.0,14.345713,0.0,4.0,0.614474,9.585003,12.131586
IPEDS:120883,University of the Pacific,120883,2021,2021,False,CA,0.906579,13.971681,0.894079,8.566364,10.308152,39.0,13.971681,0.0,4.0,0.866447,10.625052,12.177781
IPEDS:120883,Pacific University,209612,2021,2021,False,OR,0.5,12.492225,0.527632,7.344719,8.302814,66.0,12.492225,0.0,7.0,0.845395,10.537124,10.967974
IPEDS:121150,Pepperdine University,121150,2021,2021,False,CA,0.946711,14.315447,0.919737,8.784622,10.554273,43.0,14.315447,0.0,4.0,0.951974,11.677762,12.532664
IPEDS:122409,San Diego State University,122409,2021,2021,False,CA,0.913816,14.008546,0.938816,8.996652,10.179942,46.0,14.008546,0.0,3.0,0.943421,11.370682,13.183097
IPEDS:122436,University of San Diego,122436,2021,2021,False,CA,0.938816,14.219115,0.918421,8.772145,10.555578,39.0,14.219115,0.0,4.0,0.246711,7.375256,11.909027
IPEDS:122612,University of San Francisco,122612,2021,2021,False,CA,0.948684,14.335837,0.933553,8.913819,10.574661,43.0,14.335837,0.0,4.0,0.549342,9.334061,12.299317
IPEDS:122755,San Jose State University,122755,2021,2021,False,CA,0.903289,13.949519,0.936184,8.950144,10.099411,47.0,13.949519,0.0,3.0,0.491447,9.116249,11.957021
IPEDS:122931,Santa Clara University,122931,2021,2021,False,CA,0.954605,14.395408,0.932237,8.897682,10.70655,40.0,14.395408,0.0,4.0,0.834868,10.486234,12.345991
IPEDS:123554,Saint Mary's College of California,123554,2021,2021,False,CA,0.938158,14.214393,0.923684,8.806124,10.500847,41.0,14.214393,0.0,4.0,0.925658,11.064214,12.483367
IPEDS:123554,St. Mary's University,228149,2021,2021,False,TX,0.823026,13.547742,0.829605,8.137103,9.858914,40.0,13.557847,7770.0,5.0,0.428947,8.811205,11.213535
IPEDS:123961,University of Southern California,123961,2021,2021,False,CA,0.970395,14.657105,0.956579,9.282475,10.785925,48.0,14.670929,32294.0,3.0,0.990132,13.184068,13.984423
IPEDS:127741,University of Northern Colorado,127741,2021,2021,False,CO,0.684211,13.094297,0.871053,8.417815,9.380807,41.0,13.094297,0.0,4.0,0.530263,9.269552,11.423974
IPEDS:128771,Central Connecticut State University,128771,2021,2021,False,CT,0.857237,13.731897,0.831579,8.15335,9.970743,43.0,13.731897,0.0,4.0,0.235526,7.222566,11.880142
IPEDS:129020,University of Connecticut,129020,2021,2021,False,CT,0.959211,14.540332,0.982895,9.737964,10.82678,41.0,14.540332,0.0,3.0,0.959868,12.069818,13.484817
IPEDS:129242,Fairfield University,129242,2021,2021,False,CT,0.834868,13.60976,0.830921,8.149891,9.896237,41.0,13.60976,0.0,4.0,0.756579,10.147296,11.948713
IPEDS:129525,University of Hartford,129525,2021,2021,False,CT,0.878289,13.837617,0.840789,8.206311,10.200067,38.0,13.837617,0.0,3.0,0.886184,10.74402,11.756734
IPEDS:129941,University of New Haven,129941,2021,2021,False,CT,0.661184,13.012852,0.5875,7.466799,9.547185,32.0,13.030505,7981.0,4.0,0.553289,9.352881,11.231782
IPEDS:130226,Quinnipiac University,130226,2021,2021,False,CT,0.907237,13.972711,0.0125,5.267858,10.446379,34.0,13.972711,0.0,4.0,0.829605,10.460328,12.467417
IPEDS:130253,Sacred Heart University,130253,2021,2021,False,CT,0.805263,13.47533,0.860526,8.354439,9.737718,42.0,13.47533,0.0,4.0,0.811842,10.346248,11.58559
IPEDS:130934,Delaware State University,130934,2021,2021,False,DE,0.631579,12.909964,0.836184,8.182,9.148868,43.0,12.909964,0.0,2.0,0.403289,8.667164,11.693454
IPEDS:130943,University of Delaware,130943,2021,2021,False,DE,0.865132,13.77925,0.823684,8.115222,10.041623,42.0,13.77925,0.0,4.0,0.819737,10.387209,12.48185
IPEDS:131469,George Washington University,131469,2021,2021,False,DC,0.957237,14.498594,0.796711,7.991254,11.002102,33.0,14.498594,0.0,4.0,0.855263,10.568415,12.113206
IPEDS:131496,Georgetown University,131496,2021,2021,False,DC,0.861842,13.748046,0.801316,8.005701,10.084525,39.0,13.748046,0.0,3.0,0.903289,10.842127,13.395853
IPEDS:131496,Georgetown College,156745,2021,2021,False,KY,0.903947,13.949712,0.073026,6.234411,9.659315,73.0,13.949712,0.0,4.0,0.673026,9.804882,11.090568
IPEDS:132903,College of Central Florida,132851,2021,2021,False,FL,0.453289,12.377401,0.400658,7.113142,9.04531,28.0,12.377401,0.0,2.0,0.042105,0.0,10.841951
IPEDS:132903,University of Central Florida,132903,2021,2021,False,FL,0.944737,14.282195,0.953289,9.218904,10.726868,35.0,14.110392,-251731.0,3.0,0.965789,12.320249,13.682509
IPEDS:133650,Florida Agricultural and Mechanical University,133650,2021,2021,False,FL,0.646711,12.968303,0.811184,8.059592,9.207201,43.0,12.968303,0.0,2.0,0.043421,0.0,11.305692
IPEDS:133669,Florida Atlantic University,133669,2021,2021,False,FL,0.8625,13.752538,0.880263,8.486115,10.114991,38.0,13.752538,0.0,4.0,0.685526,9.838362,12.411199
IPEDS:133951,Florida International University,133951,2021,2021,False,FL,0.908553,13.97551,0.942105,9.025696,10.286664,40.0,14.042295,81050.0,3.0,0.4,8.647695,12.888257
IPEDS:134097,Florida State University,134097,2021,2021,False,FL,0.975,14.75634,0.990132,9.905935,10.949694,45.0,14.75634,0.0,4.0,0.967105,12.32213,13.97306
IPEDS:134130,University of Florida,134130,2021,2021,False,FL,0.990132,15.121763,0.993421,10.061559,11.458212,39.0,14.349179,-1987135.0,4.0,0.988816,13.107327,14.265412
IPEDS:134945,Jacksonville University,134945,2021,2021,False,FL,0.919737,14.044277,0.892105,8.561975,10.547795,33.0,14.07388,37769.0,4.0,0.722368,9.973946,11.814022
IPEDS:135726,University of Miami,135726,2021,2021,False,FL,0.995395,15.370273,0.988816,9.859222,11.786762,36.0,15.370273,0.0,4.0,0.956579,11.9535,14.132793
IPEDS:136172,University of North Florida,136172,2021,2021,False,FL,0.840789,13.653074,0.855263,8.329658,10.097766,35.0,13.653074,0.0,4.0,0.583553,9.477692,11.650067
IPEDS:137351,University of South Florida,137351,2021,2021,False,FL,0.933553,14.156123,0.951316,9.192075,10.394953,43.0,14.156123,0.0,4.0,0.882237,10.7181,13.207346
IPEDS:137546,Stetson University,137546,2021,2021,False,FL,0.95,14.34392,0.898026,8.621013,10.452128,49.0,14.34392,0.0,3.0,0.854605,10.567644,11.634771
IPEDS:139755,Georgia Institute of Technology-Main Campus,139755,2021,2021,False,GA,0.973684,14.714316,0.990789,9.928229,11.158982,35.0,14.578972,-310977.0,4.0,0.980921,12.695772,13.886119
IPEDS:139931,Georgia Southern University,139931,2021,2021,False,GA,0.896053,13.928362,0.932895,8.907612,10.144211,44.0,13.928362,0.0,5.0,0.655263,9.761463,12.255563
IPEDS:139940,Georgia State University,139940,2021,2021,False,GA,0.915132,14.012876,0.9375,8.963032,10.401988,37.0,14.012876,0.0,3.0,0.828289,10.455964,12.592226
IPEDS:139959,University of Georgia,139959,2021,2021,False,GA,0.981579,14.874663,0.984868,9.7466,11.090489,44.0,12.872717,-2494389.0,3.0,0.996053,13.59093,14.493217
IPEDS:140447,Mercer University,140447,2021,2021,False,GA,0.926316,14.084734,0.863816,8.37563,10.347095,42.0,14.084734,0.0,3.0,0.840132,10.506108,11.896527
IPEDS:141334,University of West Georgia,141334,2021,2021,False,GA,0.734211,13.220343,0.194079,6.663133,9.694042,34.0,13.220343,0.0,4.0,0.547368,9.320539,11.246509
IPEDS:141574,University of Hawaii at Manoa,141574,2021,2021,False,HI,0.936184,14.188042,0.950658,9.167642,10.577149,37.0,13.551368,-683540.0,4.0,0.811184,10.344448,12.445054
IPEDS:143358,Bradley University,143358,2021,2021,False,IL,0.893421,13.915812,0.882237,8.503703,10.389481,34.0,13.915812,0.0,4.0,0.650658,9.731394,12.631252
IPEDS:144892,Eastern Illinois University,144892,2021,2021,False,IL,0.765132,13.334095,0.838158,8.197814,9.645279,40.0,13.334095,0.0,4.0,0.700658,9.916848,11.477402
IPEDS:145600,University of Illinois Chicago,145600,2021,2021,False,IL,0.916447,14.016927,0.902632,8.637817,10.279291,42.0,14.016927,0.0,4.0,0.763816,10.169882,12.15302
IPEDS:145637,University of Illinois Urbana-Champaign,145637,2021,2021,False,IL,0.951974,14.360449,0.963816,9.376024,10.776951,36.0,12.628673,-1419318.0,4.0,0.992763,13.248924,14.013447
IPEDS:145637,Illinois College,145691,2021,2021,False,IL,0.247368,11.773712,0.205263,6.690842,7.902873,48.0,11.773712,0.0,2.0,0.690132,9.857025,10.728825
IPEDS:145813,Illinois State University,145813,2021,2021,False,IL,0.909211,13.979127,0.915132,8.751158,10.217963,43.0,13.979127,0.0,3.0,0.714474,9.953182,12.343645
IPEDS:147703,Northern Illinois University,147703,2021,2021,False,IL,0.791447,13.420938,0.828947,8.131825,9.757433,39.0,13.420938,0.0,4.0,0.889474,10.779623,12.231331
IPEDS:147767,Northwestern University,147767,2021,2021,False,IL,0.953947,14.389995,0.951974,9.19766,10.893505,33.0,13.813596,-778127.0,4.0,0.997368,13.620658,14.023984
IPEDS:147767,Northwestern College,154101,2021,2021,False,IA,0.656579,12.99589,0.067763,6.196444,8.918485,59.0,12.998379,1098.0,3.0,0.513816,9.226706,10.850288
IPEDS:149222,Southern Illinois University-Carbondale,149222,2021,2021,False,IL,0.805921,13.475571,0.885526,8.51959,10.009878,32.0,13.475571,0.0,6.0,0.538158,9.292197,12.259898
IPEDS:149231,Southern Illinois University-Edwardsville,149231,2021,2021,False,IL,0.807237,13.483375,0.836842,8.184235,9.928074,35.0,13.483375,0.0,3.0,0.855921,10.575896,11.485904
IPEDS:149772,Western Illinois University,149772,2021,2021,False,IL,0.675658,13.055381,0.826316,8.125631,9.471937,36.0,13.055381,0.0,3.0,0.501316,9.16094,11.702984
IPEDS:150136,Ball State University,150136,2021,2021,False,IN,0.904605,13.95045,0.939474,9.003685,10.312896,38.0,13.95045,0.0,4.0,0.596053,9.525589,12.288625
IPEDS:150163,Butler University,150163,2021,2021,False,IN,0.894079,13.922168,0.853947,8.313607,10.010189,50.0,13.945544,26313.0,4.0,0.634868,9.668524,12.673197
IPEDS:150534,University of Evansville,150534,2021,2021,False,IN,0.899342,13.937287,0.815789,8.075894,10.299734,38.0,13.937287,0.0,4.0,0.494737,9.132487,11.485667
IPEDS:151102,Purdue University Fort Wayne,151102,2021,2021,False,IN,0.665132,13.025482,0.838816,8.199739,9.442041,36.0,13.185081,78531.0,4.0,0.716447,9.957265,11.320517
IPEDS:151306,University of Southern Indiana,151306,2021,2021,False,IN,0.6625,13.016403,0.730921,7.811973,9.166357,47.0,13.047517,14213.0,3.0,0.646711,9.716073,10.995444
IPEDS:151324,Indiana State University,151324,2021,2021,False,IN,0.885526,13.889251,0.931579,8.890135,10.018093,48.0,13.794932,-96895.0,3.0,0.861842,10.604057,12.227555
IPEDS:151351,Indiana University-Bloomington,151351,2021,2021,False,IN,0.957895,14.52173,0.924342,8.81031,10.629933,49.0,14.52173,0.0,4.0,0.955263,11.887209,13.857604
IPEDS:152080,University of Notre Dame,152080,2021,2021,False,IN,0.982895,14.912826,0.977632,9.612467,11.0842,46.0,13.279584,-2410986.0,4.0,0.998026,13.628953,14.108
IPEDS:152080,Notre Dame College,204468,2021,2021,False,OH,0.444737,12.353643,0.169079,6.597146,8.441832,50.0,12.353643,0.0,6.0,0.818421,10.38056,10.594733
IPEDS:152600,Valparaiso University,152600,2021,2021,False,IN,0.843421,13.664582,0.878947,8.479076,10.13826,34.0,13.828168,152829.0,3.0,0.740789,10.074664,11.716707
IPEDS:153658,University of Iowa,153658,2021,2021,False,IA,0.965132,14.614571,0.9625,9.342421,10.901017,41.0,14.614571,0.0,4.0,0.917763,10.979019,13.935138
IPEDS:155317,University of Kansas,155317,2021,2021,False,KS,0.963816,14.595644,0.969079,9.457435,10.745518,47.0,13.398306,-1522878.0,4.0,0.978289,12.637797,14.885697
IPEDS:155399,Kansas State University,155399,2021,2021,False,KS,0.979605,14.836932,0.992105,9.986909,11.075747,43.0,11.812304,-2642237.0,3.0,0.985526,12.973569,13.998399
IPEDS:156125,Wichita State University,156125,2021,2021,False,KS,0.9625,14.580329,0.967763,9.439466,10.751708,46.0,14.580329,0.0,4.0,0.846053,10.543603,13.130421
IPEDS:156286,Bellarmine University,156286,2021,2021,False,KY,0.782895,13.399158,0.908553,8.678972,9.685647,41.0,13.399158,0.0,4.0,0.201974,6.612041,11.422147
IPEDS:156620,Eastern Kentucky University,156620,2021,2021,False,KY,0.851316,13.699982,0.8375,8.184235,9.91584,44.0,13.661956,-33241.0,4.0,0.651974,9.734655,12.017403
IPEDS:157085,University of Kentucky,157085,2021,2021,False,KY,0.976974,14.789095,0.968421,9.448806,11.004922,44.0,14.789095,0.0,4.0,0.975658,12.57542,14.540937
IPEDS:157289,University of Louisville,157289,2021,2021,False,KY,0.988816,15.094517,0.930921,8.884887,11.20271,49.0,15.094517,0.0,4.0,0.972368,12.448556,13.968518
IPEDS:157386,Morehead State University,157386,2021,2021,False,KY,0.782237,13.394355,0.868421,8.405367,9.783492,37.0,13.394355,0.0,3.0,0.744079,10.086434,11.533796
IPEDS:157401,Murray State University,157401,2021,2021,False,KY,0.742105,13.244397,0.878289,8.468633,9.633543,37.0,13.265561,12083.0,4.0,0.611184,9.575816,12.127819
IPEDS:157401,Murray State College,207236,2021,2021,False,OK,0.471053,12.427947,0.217763,6.721426,8.536319,49.0,12.444231,4099.0,4.0,0.450658,8.922792,10.723928
IPEDS:157447,Northern Kentucky University,157447,2021,2021,False,KY,0.829605,13.596213,0.8625,8.37263,9.907382,40.0,13.596213,0.0,4.0,0.624342,9.632138,11.84511
IPEDS:157951,Western Kentucky University,157951,2021,2021,False,KY,0.892105,13.910133,0.882895,8.503703,9.998155,50.0,13.910133,0.0,3.0,0.790789,10.248601,12.824679
IPEDS:159009,Grambling State University,159009,2021,2021,False,LA,0.716447,13.18196,0.915789,8.757155,9.92391,26.0,13.147824,-17810.0,1.0,0.786842,10.227815,11.959379
IPEDS:159391,Louisiana State University and Agricultural & Mechanical College,159391,2021,2021,False,LA,0.997368,15.451308,0.996711,10.375957,11.813729,38.0,14.893901,-2193605.0,4.0,0.990789,13.196054,14.286927
IPEDS:159647,Louisiana Tech University,159647,2021,2021,False,LA,0.942763,14.250034,0.983553,9.738436,10.56118,40.0,14.294775,70659.0,4.0,0.796053,10.283566,12.702383
IPEDS:159717,McNeese State University,159717,2021,2021,False,LA,0.847368,13.688638,0.9,8.628913,9.882026,45.0,13.688638,0.0,4.0,0.883553,10.728737,12.174494
IPEDS:159939,University of New Orleans,159939,2021,2021,False,LA,0.809211,13.497902,0.874342,8.442901,9.669323,46.0,13.497902,0.0,4.0,0.431579,8.822175,11.477868
IPEDS:159966,Nicholls State University,159966,2021,2021,False,LA,0.735526,13.225411,0.759211,7.880804,9.396851,46.0,13.29212,38236.0,7.0,0.330263,8.162801,11.670194
IPEDS:159993,University of Louisiana at Monroe,159993,2021,2021,False,LA,0.876974,13.832253,0.914474,8.747511,10.025633,45.0,13.832253,0.0,4.0,0.564474,9.392495,12.226983
IPEDS:160038,Northwestern State University of Louisiana,160038,2021,2021,False,LA,0.790132,13.417165,0.822368,8.109526,9.703653,41.0,13.278784,-86771.0,4.0,0.551974,9.341193,11.470686
IPEDS:160612,Southeastern Louisiana University,160612,2021,2021,False,LA,0.854605,13.711565,0.834868,8.165648,9.74133,53.0,13.711565,0.0,3.0,0.421053,8.762333,11.813785
IPEDS:160621,Southern University and A & M College,160621,2021,2021,False,LA,0.755921,13.303825,0.949342,9.16262,10.413481,18.0,13.176488,-71676.0,4.0,0.066447,0.0,11.849405
IPEDS:160658,Louisiana College,159568,2021,2021,False,LA,0.35,12.081195,0.515789,7.320527,8.343758,42.0,12.081195,0.0,5.0,0.732895,10.006315,10.935942
IPEDS:160658,University of Louisiana at Lafayette,160658,2021,2021,False,LA,0.971711,14.692432,0.976316,9.598795,10.978877,41.0,14.692432,0.0,4.0,0.791447,10.251182,13.124958
IPEDS:160755,Tulane University of Louisiana,160755,2021,2021,False,LA,0.990789,15.164473,0.971711,9.506288,11.553565,37.0,14.715748,-1393239.0,4.0,0.992105,13.234801,11.995278
IPEDS:161253,University of Maine,161253,2021,2021,False,ME,0.803289,13.471227,0.875,8.4487,10.037282,31.0,13.471227,0.0,3.0,0.741447,10.081634,11.801707
IPEDS:162283,Coppin State University,162283,2021,2021,False,MD,0.445395,12.355794,0.328289,6.977281,8.921935,31.0,12.355794,0.0,3.0,0.070395,0.0,11.544259
IPEDS:163268,University of Maryland-Baltimore County,163268,2021,2021,False,MD,0.819737,13.532107,0.754605,7.875879,9.794492,42.0,13.532107,0.0,2.0,0.226974,7.072422,12.046977
IPEDS:163286,University of Maryland-College Park,163286,2021,2021,False,MD,0.955921,14.424959,0.948026,9.139596,10.761418,39.0,14.042507,-584591.0,4.0,0.982237,12.717443,13.774304
IPEDS:163462,Mount St. Mary's University,163462,2021,2021,False,MD,0.729605,13.214312,0.847368,8.253748,9.550819,39.0,13.214312,0.0,4.0,0.771053,10.193916,11.374215
IPEDS:164076,Towson University,164076,2021,2021,False,MD,0.841447,13.656068,0.944737,9.047115,10.10076,35.0,13.656068,0.0,4.0,0.768421,10.18829,12.197728
IPEDS:164924,Boston College,164924,2021,2021,False,MA,0.959868,14.544444,0.986842,9.796793,10.855583,40.0,14.544444,0.0,4.0,0.957237,11.992366,13.37336
IPEDS:166124,College of the Holy Cross,166124,2021,2021,False,MA,0.580921,12.740309,0.779605,7.935945,9.243895,33.0,12.740309,0.0,4.0,0.835526,10.490996,11.690352
IPEDS:166513,University of Massachusetts-Lowell,166513,2021,2021,False,MA,0.85,13.696825,0.888816,8.533067,10.200353,33.0,13.730615,30521.0,4.0,0.914474,10.954676,12.314398
IPEDS:166629,University of Massachusetts-Amherst,166629,2021,2021,False,MA,0.538816,12.611211,0.809868,8.056427,9.055976,35.0,12.611211,0.0,4.0,0.953289,11.736453,12.743574
IPEDS:166850,Merrimack College,166850,2021,2021,False,MA,0.855921,13.717657,0.769079,7.912789,10.162347,35.0,13.717657,0.0,3.0,0.607895,9.566895,11.525318
IPEDS:167358,Northeastern University,167358,2021,2021,False,MA,0.955263,14.41329,0.965789,9.417273,10.584674,46.0,14.41329,0.0,4.0,0.778289,10.21134,12.400409
IPEDS:167996,Stonehill College,167996,2021,2021,False,MA,0.378289,12.174267,0.619079,7.519692,9.178633,20.0,12.209297,6907.0,4.0,0.492105,9.117018,10.638184
IPEDS:169248,Central Michigan University,169248,2021,2021,False,MI,0.870395,13.801448,0.926316,8.828787,10.017302,44.0,13.801448,0.0,4.0,0.945395,11.44158,12.770028
IPEDS:169798,Eastern Michigan University,169798,2021,2021,False,MI,0.857895,13.735976,0.913816,8.72713,10.209651,34.0,13.735976,0.0,4.0,0.940789,11.330396,12.312129
IPEDS:170976,University of Michigan-Ann Arbor,170976,2021,2021,False,MI,0.985526,15.004177,0.975658,9.577827,11.266519,42.0,12.98986,-2844749.0,4.0,0.994737,13.491271,13.96568
IPEDS:171100,Michigan State University,171100,2021,2021,False,MI,0.950658,14.345613,0.958553,9.306559,10.561448,44.0,14.345613,0.0,4.0,0.977632,12.632405,13.848963
IPEDS:171571,Oakland University,171571,2021,2021,False,MI,0.778947,13.378824,0.880921,8.488588,9.823529,35.0,13.277566,-62227.0,4.0,0.567763,9.420925,11.623787
IPEDS:172699,Western Michigan University,172699,2021,2021,False,MI,0.811842,13.504152,0.849342,8.269245,9.920681,36.0,13.504152,0.0,3.0,0.946053,11.452708,12.508981
IPEDS:174066,University of Minnesota-Twin Cities,174066,2021,2021,False,MN,0.944079,14.274106,0.965132,9.414668,10.663211,37.0,12.032933,-1413647.0,4.0,0.980263,12.69511,13.563733
IPEDS:174914,St. Thomas University,137476,2021,2021,False,FL,0.743421,13.25179,0.719079,7.781139,9.467676,44.0,13.328454,45344.0,5.0,0.839474,10.501857,10.730182
IPEDS:174914,University of St Thomas,174914,2021,2021,False,MN,0.332237,12.044083,0.103947,6.383507,7.88557,64.0,12.044083,0.0,7.0,0.415132,8.735364,11.255656
IPEDS:174914,University of St Thomas,227863,2021,2021,False,TX,0.468421,12.425248,0.775,7.930206,8.596788,46.0,12.425248,0.0,5.0,0.238816,7.288928,10.628569
IPEDS:175342,Alcorn State University,175342,2021,2021,False,MS,0.402632,12.22139,0.456579,7.21524,8.854232,29.0,12.22139,0.0,2.0,0.490132,9.102087,11.151496
IPEDS:175856,Jackson State University,175856,2021,2021,False,MS,0.731579,13.215682,0.774342,7.929846,9.750003,32.0,13.215682,0.0,3.0,0.173684,5.700444,12.010185
IPEDS:176017,University of Mississippi,176017,2021,2021,False,MS,0.999342,15.71942,1.0,11.190252,11.981757,42.0,15.780195,420575.0,4.0,0.967763,12.352469,14.289222
IPEDS:176017,Mississippi College,176053,2021,2021,False,MS,0.732237,13.215978,0.748026,7.859413,9.502478,41.0,13.308298,53104.0,3.0,0.849342,10.554588,11.294334
IPEDS:176044,Mississippi Valley State University,176044,2021,2021,False,MS,0.339474,12.059664,0.704605,7.733246,8.968744,22.0,12.059664,0.0,2.0,0.373026,8.48405,10.895943
IPEDS:176080,Mississippi State University,176080,2021,2021,False,MS,0.996053,15.413304,0.997368,10.395222,11.542113,48.0,15.413304,0.0,4.0,0.919079,10.999413,14.35812
IPEDS:176372,University of Southern Mississippi,176372,2021,2021,False,MS,0.922368,14.069411,0.946711,9.103089,10.431854,38.0,14.069411,0.0,4.0,0.575658,9.45681,12.524395
IPEDS:177968,Lindenwood University,177968,2021,2021,False,MO,0.802632,13.471144,0.781579,7.937017,9.266544,67.0,13.471144,0.0,6.0,0.884211,10.729394,11.251197
IPEDS:178396,University of Missouri-Columbia,178396,2021,2021,False,MO,0.963158,14.585755,0.948684,9.151015,10.560429,56.0,14.585755,0.0,4.0,0.969737,12.374228,14.10209
IPEDS:179159,Saint Louis University,179159,2021,2021,False,MO,0.923026,14.071484,0.917763,8.763897,10.460594,37.0,14.071484,0.0,4.0,0.8125,10.347211,13.295604
IPEDS:179557,Southeast Missouri State University,179557,2021,2021,False,MO,0.810526,13.501,0.867763,8.39931,9.787483,41.0,13.501,0.0,2.0,0.434868,8.842316,12.138179
IPEDS:179566,Missouri State University-Springfield,179566,2021,2021,False,MO,0.926974,14.101716,0.900658,8.631057,10.490825,37.0,14.101716,0.0,3.0,0.952632,11.727763,12.201608
IPEDS:181002,Creighton University,181002,2021,2021,False,NE,0.942105,14.249507,0.945395,9.053336,10.66601,36.0,14.249507,0.0,3.0,0.942105,11.354563,13.130216
IPEDS:181394,University of Nebraska at Omaha,181394,2021,2021,False,NE,0.823684,13.551367,0.832895,8.155936,9.913829,38.0,13.294593,-173888.0,3.0,0.801974,10.301391,11.693495
IPEDS:181464,University of Nebraska-Lincoln,181464,2021,2021,False,NE,0.975658,14.762894,0.972368,9.511481,10.912764,47.0,14.004017,-1371507.0,4.0,0.979605,12.681341,14.088471
IPEDS:182281,University of Nevada-Las Vegas,182281,2021,2021,False,NV,0.907895,13.973451,0.848026,8.256088,10.389962,36.0,13.973451,0.0,4.0,0.970395,12.433742,13.137354
IPEDS:182290,University of Nevada-Reno,182290,2021,2021,False,NV,0.9375,14.205003,0.944079,9.045112,10.354887,47.0,14.205003,0.0,3.0,0.960526,12.111119,12.623219
IPEDS:184603,Fairleigh Dickinson University-Metropolitan Campus,184603,2021,2021,False,NJ,0.766447,13.337425,0.698684,7.715124,9.811117,34.0,13.337425,0.0,4.0,0.598026,9.532351,11.69845
IPEDS:185572,Monmouth College,147341,2021,2021,False,IL,0.090789,11.146013,0.158553,6.572283,7.457696,40.0,11.146013,0.0,1.0,0.580921,9.468465,10.485591
IPEDS:185572,Monmouth University,185572,2021,2021,False,NJ,0.897368,13.929159,0.696711,7.700748,10.167996,43.0,13.929159,0.0,4.0,0.807237,10.322888,11.950638
IPEDS:185828,New Jersey Institute of Technology,185828,2021,2021,False,NJ,0.878947,13.84013,0.928947,8.853808,10.20258,38.0,13.85234,12591.0,4.0,0.751316,10.123306,11.567707
IPEDS:186283,Rider University,186283,2021,2021,False,NJ,0.822368,13.542368,0.630921,7.539559,10.01605,34.0,13.542368,0.0,3.0,0.734211,10.007082,11.510813
IPEDS:186380,Rutgers University-New Brunswick,186380,2021,2021,False,NJ,0.966447,14.614848,0.991447,9.942227,10.977278,38.0,14.614848,0.0,4.0,0.986184,13.000977,13.765235
IPEDS:186432,Saint Peter's University,186432,2021,2021,False,NJ,0.553947,12.667067,0.7125,7.757906,9.29986,29.0,12.667067,0.0,3.0,0.297368,7.902487,11.677668
IPEDS:186584,Seton Hall University,186584,2021,2021,False,NJ,0.936842,14.203385,0.930263,8.867991,10.419224,44.0,14.203385,0.0,5.0,0.85,10.556333,13.292381
IPEDS:187985,University of New Mexico-Main Campus,187985,2021,2021,False,NM,0.921711,14.056786,0.240132,6.781058,10.393255,39.0,14.326516,394094.0,4.0,0.939474,11.323918,12.81407
IPEDS:188030,New Mexico State University-Main Campus,188030,2021,2021,False,NM,0.883553,13.864425,0.923026,8.800265,10.253542,37.0,13.864425,0.0,3.0,0.661184,9.772125,12.468091
IPEDS:189705,Canisius College,189705,2021,2021,False,NY,0.748026,13.272583,0.573684,7.446001,9.55908,41.0,13.272583,0.0,3.0,0.825,10.434145,11.747302
IPEDS:190150,Columbia College,177065,2021,2021,False,MO,0.730263,13.214448,0.692763,7.696667,9.430337,44.0,13.214448,0.0,3.0,0.394079,8.603738,11.014325
IPEDS:190415,Cornell College,153162,2021,2021,False,IA,0.182237,11.551627,0.140132,6.517671,7.474647,59.0,11.660198,11921.0,7.0,0.813158,10.352778,10.869596
IPEDS:191241,Fordham University,191241,2021,2021,False,NY,0.923684,14.073286,0.658553,7.601902,10.462396,37.0,14.073286,0.0,4.0,0.726974,9.984745,12.343392
IPEDS:191649,Hofstra University,191649,2021,2021,False,NY,0.921053,14.055241,0.819737,8.096208,10.205129,47.0,14.055241,0.0,4.0,0.886842,10.749849,11.99661
IPEDS:191931,Iona College,191931,2021,2021,False,NY,0.742763,13.250394,0.510526,7.314553,9.489268,43.0,13.250394,0.0,3.0,0.901316,10.834312,12.146445
IPEDS:192323,Le Moyne College,192323,2021,2021,False,NY,0.677632,13.070634,0.354605,7.023759,9.604964,32.0,13.107091,17629.0,2.0,0.451316,8.925321,10.952735
IPEDS:192448,Long Island University,192448,2021,2021,False,NY,0.889474,13.90267,0.840132,8.204945,10.189135,41.0,13.90267,0.0,3.0,0.933553,11.197296,11.534648
IPEDS:192703,Manhattan College,192703,2021,2021,False,NY,0.846053,13.676281,0.683553,7.676937,10.012763,39.0,13.676281,0.0,4.0,0.719737,9.970398,11.802972
IPEDS:192819,Marist College,192819,2021,2021,False,NY,0.838816,13.646627,0.806579,8.034307,9.98311,39.0,13.646627,0.0,3.0,0.928289,11.122177,11.809163
IPEDS:193973,Niagara University,193973,2021,2021,False,NY,0.744737,13.256802,0.729605,7.811163,9.56799,40.0,13.256802,0.0,2.0,0.740132,10.07078,11.421939
IPEDS:195164,St Bonaventure University,195164,2021,2021,False,NY,0.744079,13.252793,0.690132,7.690743,9.697505,35.0,13.252793,0.0,2.0,0.256579,7.533694,12.499168
IPEDS:195474,Siena College,195474,2021,2021,False,NY,0.773026,13.364313,0.601316,7.494986,9.700811,39.0,13.364313,0.0,4.0,0.670395,9.793338,11.545693
IPEDS:195809,St. John's University-New York,195809,2021,2021,False,NY,0.925658,14.077143,0.894737,8.587465,10.466253,37.0,14.077143,0.0,4.0,0.677632,9.818093,13.102469
IPEDS:196060,SUNY at Albany,196060,2021,2021,False,NY,0.775,13.367984,0.802632,8.025843,9.812689,35.0,13.311894,-34866.0,3.0,0.896711,10.812955,12.078955
IPEDS:196079,Binghamton University,196079,2021,2021,False,NY,0.818421,13.527475,0.773684,7.927324,10.061781,32.0,15.611982,5278601.0,4.0,0.647368,9.718603,11.588172
IPEDS:196097,Stony Brook University,196097,2021,2021,False,NY,0.896711,13.929035,0.789474,7.975221,10.318149,37.0,13.986526,66290.0,4.0,0.898026,10.816112,12.468933
IPEDS:197197,Wagner College,197197,2021,2021,False,NY,0.858553,13.736508,0.877632,8.468003,10.047671,40.0,13.736508,0.0,3.0,0.745395,10.09386,11.637627
IPEDS:197869,Appalachian State University,197869,2021,2021,False,NC,0.853947,13.707686,0.926974,8.829665,10.044167,39.0,13.707686,0.0,3.0,0.951316,11.652913,12.300878
IPEDS:198136,Campbell University,198136,2021,2021,False,NC,0.940789,14.239153,0.268421,6.842683,10.410542,46.0,14.239153,0.0,3.0,0.923684,11.054249,11.919956
IPEDS:198385,Davidson College,198385,2021,2021,False,NC,0.879605,13.841189,0.896053,8.604105,10.203639,38.0,14.006619,184580.0,4.0,0.924342,11.060793,12.204541
IPEDS:198419,Duke University,198419,2021,2021,False,NC,0.986842,15.028157,0.970395,9.473166,11.266969,43.0,14.502138,-1375368.0,4.0,0.9875,13.081012,13.888377
IPEDS:198464,East Carolina University,198464,2021,2021,False,NC,0.967763,14.61693,0.980921,9.659057,10.928068,40.0,14.617498,1265.0,4.0,0.965132,12.307672,13.430582
IPEDS:198516,Elon University,198516,2021,2021,False,NC,0.920395,14.055193,0.881579,8.494334,10.341653,41.0,14.055193,0.0,4.0,0.821711,10.398245,12.121816
IPEDS:198561,Gardner-Webb University,198561,2021,2021,False,NC,0.815789,13.511532,0.633553,7.547502,9.599576,50.0,13.616074,81315.0,7.0,0.713816,9.951849,11.503986
IPEDS:198695,High Point University,198695,2021,2021,False,NC,0.900658,13.944126,0.780921,7.93666,10.115524,46.0,13.969708,29468.0,3.0,0.680921,9.82531,12.423576
IPEDS:199102,North Carolina A & T State University,199102,2021,2021,False,NC,0.788158,13.410996,0.827632,8.127995,9.722175,40.0,13.407169,-2549.0,3.0,0.864474,10.61241,12.013652
IPEDS:199111,University of North Carolina at Asheville,199111,2021,2021,False,NC,0.718421,13.186492,0.794079,7.986165,9.631208,35.0,13.186492,0.0,4.0,0.274342,7.716461,11.158405
IPEDS:199120,University of North Carolina at Chapel Hill,199120,2021,2021,False,NC,0.980263,14.85669,0.984211,9.745956,10.985505,48.0,14.85669,0.0,4.0,0.984211,12.853273,13.523446
IPEDS:199139,University of North Carolina at Charlotte,199139,2021,2021,False,NC,0.945395,14.288963,0.966447,9.424322,10.482328,45.0,14.288963,0.0,4.0,0.95,11.628573,12.57296
IPEDS:199148,University of North Carolina at Greensboro,199148,2021,2021,False,NC,0.800658,13.466767,0.845395,8.239593,9.829233,38.0,13.532685,48077.0,4.0,0.686842,9.849348,11.752312
IPEDS:199157,North Carolina Central University,199157,2021,2021,False,NC,0.714474,13.175455,0.855921,8.334231,9.620171,35.0,13.175455,0.0,3.0,0.767763,10.185768,11.929739
IPEDS:199193,North Carolina State University at Raleigh,199193,2021,2021,False,NC,0.965789,14.614715,0.967105,9.43644,11.031212,36.0,13.759877,-1277885.0,4.0,0.961184,12.111504,13.473154
IPEDS:199218,University of North Carolina Wilmington,199218,2021,2021,False,NC,0.867105,13.792959,0.869737,8.41671,10.055331,42.0,13.792959,0.0,4.0,0.817763,10.376206,11.901333
IPEDS:199412,Queens University of Charlotte,199412,2021,2021,False,NC,0.772368,13.359555,0.513816,7.31854,9.370655,54.0,13.359555,0.0,5.0,0.653947,9.744375,11.088614
IPEDS:199847,Wake Forest University,199847,2021,2021,False,NC,0.976316,14.769822,0.957237,9.292381,11.158918,37.0,14.769822,0.0,4.0,0.963816,12.217665,13.858132
IPEDS:200004,Western Carolina University,200004,2021,2021,False,NC,0.756579,13.30485,0.823026,8.114923,9.667325,38.0,13.30485,0.0,4.0,0.543421,9.303284,11.941834
IPEDS:200332,North Dakota State University-Main Campus,200332,2021,2021,False,ND,0.866447,13.78394,0.925,8.822322,10.095101,40.0,13.78394,0.0,4.0,0.808553,10.331073,12.084504
IPEDS:200800,University of Akron Main Campus,200800,2021,2021,False,OH,0.573684,12.708556,0.757895,7.880048,9.045109,39.0,12.708556,0.0,5.0,0.894079,10.805679,12.673899
IPEDS:201441,Bowling Green State University-Main Campus,201441,2021,2021,False,OH,0.784868,13.401574,0.865789,8.384347,9.905115,33.0,13.401574,0.0,3.0,0.792763,10.257414,12.090527
IPEDS:201885,University of Cincinnati-Main Campus,201885,2021,2021,False,OH,0.932237,14.14356,0.946053,9.064158,10.359402,44.0,14.14356,0.0,4.0,0.966447,12.320289,12.154127
IPEDS:202480,University of Dayton,202480,2021,2021,False,OH,0.929605,14.118915,0.911184,8.700181,10.247749,48.0,13.929066,-234208.0,4.0,0.936842,11.276355,12.856571
IPEDS:203517,Kent State University at Kent,203517,2021,2021,False,OH,0.884868,13.878486,0.903947,8.661467,10.189643,40.0,13.571087,-281845.0,2.0,0.921711,11.050461,12.325352
IPEDS:204024,Miami University-Oxford,204024,2021,2021,False,OH,0.882895,13.859366,0.890132,8.543056,10.145832,41.0,13.859366,0.0,4.0,0.792105,10.256817,12.422224
IPEDS:204796,Ohio State University-Main Campus,204796,2021,2021,False,OH,0.956579,14.441394,0.942763,9.029777,10.612777,46.0,14.441394,0.0,4.0,0.989474,13.153943,13.659523
IPEDS:204857,Ohio University-Main Campus,204857,2021,2021,False,OH,0.830263,13.599284,0.817763,8.085795,9.815148,44.0,13.599284,0.0,4.0,0.942763,11.366546,12.567962
IPEDS:206084,University of Toledo,206084,2021,2021,False,OH,0.856579,13.72398,0.892763,8.562358,9.986355,42.0,13.72398,0.0,3.0,0.922368,11.050874,12.699979
IPEDS:206604,Wright State University-Main Campus,206604,2021,2021,False,OH,0.842105,13.662887,0.851974,8.299535,9.974053,40.0,13.662887,0.0,7.0,0.680263,9.824553,12.030903
IPEDS:206622,Xavier University,206622,2021,2021,False,OH,0.928947,14.107574,0.034868,5.880533,10.300944,45.0,14.107574,0.0,3.0,0.901974,10.836773,13.38953
IPEDS:206695,Youngstown State University,206695,2021,2021,False,OH,0.770395,13.349284,0.873684,8.438366,9.660466,40.0,13.349284,0.0,4.0,0.764474,10.176183,11.645383
IPEDS:207388,Oklahoma State University-Main Campus,207388,2021,2021,False,OK,0.978289,14.802996,0.975,9.577688,10.974371,46.0,14.08946,-1369328.0,3.0,0.976316,12.594927,13.831104
IPEDS:207500,University of Oklahoma-Norman Campus,207500,2021,2021,False,OK,0.988158,15.068853,0.896711,8.615227,11.331195,42.0,13.93712,-2372715.0,4.0,0.974342,12.525758,14.254561
IPEDS:207582,Oral Roberts University,207582,2021,2021,False,OK,0.881579,13.851147,0.921053,8.786304,10.240264,37.0,13.851147,0.0,4.0,0.867763,10.63648,11.607517
IPEDS:209542,Oregon State University,209542,2021,2021,False,OR,0.984211,14.931766,0.909868,8.685923,11.125118,45.0,14.931766,0.0,3.0,0.998684,13.719462,13.390284
IPEDS:209551,University of Oregon,209551,2021,2021,False,OR,0.972368,14.705217,0.981579,9.690913,10.944034,43.0,12.725949,-2098051.0,4.0,0.991447,13.213629,14.071233
IPEDS:209825,University of Portland,209825,2021,2021,False,OR,0.947368,14.319088,0.955921,9.266343,10.630232,40.0,14.319088,0.0,4.0,0.927632,11.118608,12.270746
IPEDS:211291,Bucknell University,211291,2021,2021,False,PA,0.659868,13.010593,0.768421,7.909489,9.427153,36.0,13.010593,0.0,3.0,0.931579,11.165366,11.725809
IPEDS:213367,La Salle University,213367,2021,2021,False,PA,0.761184,13.322071,0.848684,8.266678,9.856386,32.0,13.322071,0.0,5.0,0.355921,8.378391,11.715107
IPEDS:213385,Lafayette College,213385,2021,2021,False,PA,0.751316,13.278338,0.819079,8.092239,9.694878,36.0,13.278338,0.0,4.0,0.935526,11.223869,11.687148
IPEDS:213543,Lehigh University,213543,2021,2021,False,PA,0.827632,13.584869,0.634211,7.547502,10.001394,36.0,13.584869,0.0,4.0,0.934868,11.223562,11.808546
IPEDS:213987,Mercyhurst University,213987,2021,2021,False,PA,0.765789,13.337092,0.6,7.487734,9.074525,71.0,13.337092,0.0,4.0,0.521053,9.253304,11.137155
IPEDS:214777,The Pennsylvania State University,495767,2021,2021,False,PA,0.973026,14.713739,0.667763,7.63337,,,14.335626,-773029.0,52.0,0.995395,13.573136,12.570653
IPEDS:215062,University of Pennsylvania,215062,2021,2021,False,PA,0.542763,12.622079,0.626316,7.532624,9.095827,34.0,12.622079,0.0,3.0,0.918421,10.985666,11.806475
IPEDS:215293,University of Pittsburgh-Pittsburgh Campus,215293,2021,2021,False,PA,0.960526,14.551238,0.976974,9.611128,10.940338,37.0,14.551238,0.0,4.0,0.9625,12.188581,14.450772
IPEDS:215770,Saint Joseph's University,215770,2021,2021,False,PA,0.864474,13.778978,0.798684,7.99497,10.115456,39.0,13.778978,0.0,4.0,0.571711,9.443593,12.13178
IPEDS:216597,Villanova University,216597,2021,2021,False,PA,0.852632,13.703585,0.925658,8.825707,10.148275,35.0,13.703585,0.0,4.0,0.615789,9.593014,13.740055
IPEDS:217165,Bryant University,217165,2021,2021,False,RI,0.918421,14.027221,0.861842,8.365672,10.289585,42.0,14.027221,0.0,3.0,0.892105,10.796694,11.825032
IPEDS:217484,Rhode Island College,217420,2021,2021,False,RI,0.355263,12.101367,0.199342,6.672033,8.463987,38.0,12.101367,0.0,4.0,0.216447,6.897705,11.201005
IPEDS:217484,University of Rhode Island,217484,2021,2021,False,RI,0.859211,13.737418,0.922368,8.793309,10.182107,35.0,13.761914,22935.0,3.0,0.947368,11.466494,12.329718
IPEDS:217688,Charleston Southern University,217688,2021,2021,False,SC,0.786842,13.405674,0.772368,7.91972,9.555596,47.0,13.405674,0.0,3.0,0.399342,8.647519,11.564103
IPEDS:217819,College of Charleston,217819,2021,2021,False,SC,0.934211,14.156269,0.884868,8.518792,10.205061,52.0,14.156269,0.0,4.0,0.828947,10.459812,12.386179
IPEDS:217819,University of Charleston,237312,2021,2021,False,WV,0.75,13.275357,0.346711,7.008505,9.055965,68.0,13.368508,56883.0,5.0,0.836842,10.494547,11.045638
IPEDS:217864,Citadel Military College of South Carolina,217864,2021,2021,False,SC,0.884211,13.869495,0.890789,8.54714,10.085346,44.0,13.975141,117609.0,3.0,0.771711,10.195523,12.068854
IPEDS:217882,Clemson University,217882,2021,2021,False,SC,0.980921,14.871224,0.973684,9.551729,11.064577,45.0,14.871224,0.0,4.0,0.973026,12.449572,14.193461
IPEDS:218539,Presbyterian College,218539,2021,2021,False,SC,0.807895,13.484474,0.7875,7.960673,9.820965,39.0,13.484474,0.0,4.0,0.660526,9.771555,11.219359
IPEDS:218663,University of South Carolina-Columbia,218663,2021,2021,False,SC,0.992105,15.198965,0.986184,9.767954,11.510095,40.0,15.198965,0.0,4.0,0.982895,12.723276,13.569321
IPEDS:218724,Coastal Carolina University,218724,2021,2021,False,SC,0.978947,14.820868,0.960526,9.324115,11.059684,43.0,14.820868,0.0,4.0,0.971711,12.447158,12.850408
IPEDS:218742,University of South Carolina-Upstate,218742,2021,2021,False,SC,0.861184,13.745801,0.733553,7.814803,9.874651,48.0,13.745801,0.0,4.0,0.192105,6.265301,11.418846
IPEDS:218964,Winthrop University,218964,2021,2021,False,SC,0.848684,13.691989,0.761842,7.887209,10.003154,40.0,13.604464,-74067.0,4.0,0.461184,8.974871,11.832687
IPEDS:218973,Wofford College,218973,2021,2021,False,SC,0.882237,13.855097,0.853289,8.31189,10.117466,42.0,13.855097,0.0,4.0,0.857895,10.592802,11.800665
IPEDS:219356,South Dakota State University,219356,2021,2021,False,SD,0.717763,13.185359,0.864474,8.381373,9.630075,35.0,13.185359,0.0,2.0,0.373684,8.485703,12.143383
IPEDS:219602,Austin Peay State University,219602,2021,2021,False,TN,0.880921,13.842719,0.910526,8.693832,10.205169,38.0,14.091529,290290.0,4.0,0.555263,9.365548,11.902261
IPEDS:219709,Belmont University,219709,2021,2021,False,TN,0.9,13.942983,0.899342,8.628019,10.332096,37.0,13.942982,-1.0,3.0,0.654605,9.750045,12.326975
IPEDS:219976,Lipscomb University,219976,2021,2021,False,TN,0.940132,14.220506,0.935526,8.949105,10.531652,40.0,14.220506,0.0,3.0,0.909211,10.903605,11.804228
IPEDS:220075,East Tennessee State University,220075,2021,2021,False,TN,0.809868,13.499701,0.869079,8.416267,9.628564,48.0,13.499701,0.0,3.0,0.667105,9.782506,12.077136
IPEDS:220862,University of Memphis,220862,2021,2021,False,TN,0.911184,13.989643,0.959868,9.322418,10.352088,38.0,13.989643,0.0,4.0,0.961842,12.159332,13.201723
IPEDS:220978,Middle Tennessee State University,220978,2021,2021,False,TN,0.905263,13.961982,0.936842,8.953381,10.13338,46.0,13.961982,0.0,4.0,0.925,11.063603,12.914517
IPEDS:221759,The University of Tennessee-Knoxville,221759,2021,2021,False,TN,0.986184,15.018726,0.982237,9.726691,11.029758,54.0,14.376052,-1579190.0,3.0,0.984868,12.897721,14.311404
IPEDS:221768,The University of Tennessee-Martin,221768,2021,2021,False,TN,0.824342,13.552252,0.879605,8.480529,9.914714,38.0,13.552252,0.0,3.0,0.848684,10.548101,11.524024
IPEDS:221847,Tennessee Technological University,221847,2021,2021,False,TN,0.826316,13.583503,0.883553,8.506334,9.97263,37.0,13.583503,0.0,4.0,0.734868,10.007217,11.91927
IPEDS:221999,Vanderbilt University,221999,2021,2021,False,TN,1.0,15.79319,0.999342,10.635615,12.031995,43.0,15.79319,0.0,4.0,0.994079,13.460593,14.331716
IPEDS:222178,Abilene Christian University,222178,2021,2021,False,TX,0.890789,13.907274,0.909211,8.679822,10.269721,38.0,14.001368,108145.0,3.0,0.132237,0.0,11.77345
IPEDS:223232,Baylor University,223232,2021,2021,False,TX,0.9875,15.040456,0.978947,9.654642,11.233806,45.0,15.040456,0.0,3.0,0.878947,10.688576,14.328441
IPEDS:224147,Texas A & M University-Corpus Christi,224147,2021,2021,False,TX,0.844737,13.66855,0.901316,8.631414,9.930928,42.0,13.66855,0.0,4.0,0.905921,10.865382,11.755472
IPEDS:224226,Dallas Baptist University,224226,2021,2021,False,TX,0.964474,14.609986,0.973026,9.527484,10.896432,41.0,14.664555,124133.0,4.0,0.783553,10.219502,11.918397
IPEDS:225399,Houston Baptist University,225399,2021,2021,False,TX,0.850658,13.699292,0.851316,8.290042,10.035773,39.0,13.699292,0.0,3.0,0.348684,8.310661,11.647893
IPEDS:225511,University of Houston,225511,2021,2021,False,TX,0.971053,14.658042,0.953947,9.243291,10.851398,45.0,14.658042,0.0,3.0,0.953947,11.773758,14.426403
IPEDS:225627,University of the Incarnate Word,225627,2021,2021,False,TX,0.891447,13.909201,0.799342,7.99497,9.977421,51.0,13.9715,70594.0,3.0,0.798684,10.290008,11.713431
IPEDS:226091,Lamar University,226091,2021,2021,False,TX,0.890132,13.906939,0.907237,8.677951,10.351622,35.0,13.978002,80700.0,4.0,0.853289,10.561215,11.831735
IPEDS:227368,The University of Texas Rio Grande Valley,227368,2021,2021,False,TX,0.917105,14.020671,0.895395,8.59508,10.236516,44.0,14.020671,0.0,4.0,0.815132,10.363788,11.722368
IPEDS:227526,Prairie View A & M University,227526,2021,2021,False,TX,0.727632,13.206982,0.798026,7.992945,9.59613,37.0,13.206982,0.0,4.0,0.436184,8.845633,11.722473
IPEDS:227757,Rice University,227757,2021,2021,False,TX,0.969737,14.644055,0.955263,9.25751,10.859885,44.0,14.644055,0.0,3.0,0.955921,11.901149,12.710206
IPEDS:227881,Sam Houston State University,227881,2021,2021,False,TX,0.892763,13.91037,0.875658,8.46337,10.196834,41.0,13.91037,0.0,4.0,0.751974,10.123386,12.393577
IPEDS:228431,Stephen F Austin State University,228431,2021,2021,False,TX,0.842763,13.663162,0.928289,8.849371,9.813068,47.0,13.663162,0.0,3.0,0.950658,11.64589,12.190939
IPEDS:228459,Texas State University,228459,2021,2021,False,TX,0.901974,13.948379,0.938158,8.968396,10.016597,51.0,13.948379,0.0,3.0,0.954605,11.831728,12.586381
IPEDS:228529,Tarleton State University,228529,2021,2021,False,TX,0.821053,13.537387,0.907895,8.678802,9.730782,45.0,13.564736,20995.0,3.0,0.430263,8.816112,12.06361
IPEDS:228723,Texas A & M University-College Station,228723,2021,2021,False,TX,0.994737,15.359114,0.996053,10.369766,11.69556,39.0,13.997515,-3481808.0,4.0,0.996711,13.619834,14.570502
IPEDS:228769,The University of Texas at Arlington,228769,2021,2021,False,TX,0.868421,13.793157,0.905263,8.670601,9.986539,45.0,13.793157,0.0,3.0,0.711184,9.945589,11.950722
IPEDS:228778,The University of Texas at Austin,228778,2021,2021,False,TX,0.994079,15.31519,0.992763,10.032496,11.553999,43.0,15.182281,-557589.0,3.0,1.0,13.89185,14.468954
IPEDS:228875,Texas Christian University,228875,2021,2021,False,TX,0.998684,15.658683,0.995395,10.234624,11.92102,42.0,15.919083,1878849.0,4.0,0.566447,9.400051,14.369912
IPEDS:229027,The University of Texas at San Antonio,229027,2021,2021,False,TX,0.875,13.819911,0.904605,8.666647,9.991314,46.0,13.819911,0.0,4.0,0.940132,11.323954,12.363922
IPEDS:229063,Texas Southern University,229063,2021,2021,False,TX,0.713816,13.174713,0.313158,6.94119,9.461217,41.0,13.174713,0.0,2.0,0.323026,8.090402,12.203053
IPEDS:229115,Texas Tech University,229115,2021,2021,False,TX,0.996711,15.42078,0.994737,10.209537,11.570641,47.0,14.481016,-3033726.0,4.0,0.999342,13.842824,14.112511
IPEDS:230038,Brigham Young University,230038,2021,2021,False,UT,0.932895,14.153482,0.927632,8.840435,10.489948,39.0,13.140459,-892971.0,3.0,0.983553,12.793845,13.495626
IPEDS:230171,Dixie State University,230171,2021,2021,False,UT,0.872368,13.814698,0.919079,8.783396,10.101166,41.0,13.814698,0.0,5.0,0.544079,9.303284,11.652105
IPEDS:230737,Utah Valley University,230737,2021,2021,False,UT,0.873684,13.81614,0.943421,9.033603,9.966039,47.0,13.826899,10824.0,3.0,0.884868,10.74067,11.720427
IPEDS:230764,University of Utah,230764,2021,2021,False,UT,0.948026,14.331873,0.961184,9.328479,10.805532,34.0,12.007518,-1511937.0,4.0,0.971053,12.444349,13.951229
IPEDS:231624,William & Mary,231624,2021,2021,False,VA,0.876316,13.82823,0.870395,8.417373,10.217348,37.0,13.82823,0.0,4.0,0.876316,10.675585,11.847102
IPEDS:232186,George Mason University,232186,2021,2021,False,VA,0.828289,13.591056,0.863158,8.373785,9.980183,37.0,13.591056,0.0,4.0,0.836184,10.494159,12.16485
IPEDS:232423,James Madison University,232423,2021,2021,False,VA,0.919079,14.039985,0.833553,8.159375,10.278819,43.0,14.039985,0.0,4.0,0.820395,10.388195,12.427246
IPEDS:232557,Liberty University,232557,2021,2021,False,VA,0.961842,14.565437,0.988158,9.806646,10.851884,41.0,14.565437,0.0,3.0,0.941447,11.331236,13.495125
IPEDS:232566,Longwood University,232566,2021,2021,False,VA,0.8375,13.632543,0.861184,8.359135,9.94371,40.0,13.756889,110269.0,4.0,0.453947,8.935245,11.449123
IPEDS:232937,Norfolk State University,232937,2021,2021,False,VA,0.707895,13.155483,0.818421,8.091321,9.659037,33.0,13.155483,0.0,2.0,0.194079,6.297109,11.827787
IPEDS:232982,Old Dominion University,232982,2021,2021,False,VA,0.941447,14.244699,0.964474,9.40319,10.460538,44.0,14.244699,0.0,4.0,0.948684,11.533012,12.290919
IPEDS:233277,Radford University,233277,2021,2021,False,VA,0.961184,14.55309,0.867105,8.3948,11.026746,34.0,14.55309,0.0,4.0,0.3875,8.561593,11.979831
IPEDS:233374,University of Richmond,233374,2021,2021,False,VA,0.8875,13.891917,0.843421,8.230577,10.041812,47.0,13.891917,0.0,4.0,0.900658,10.827588,12.420898
IPEDS:233921,Virginia Polytechnic Institute and State University,233921,2021,2021,False,VA,0.969079,14.641917,0.969737,9.47232,10.770737,48.0,12.503292,-2015871.0,4.0,0.958553,11.992941,13.76989
IPEDS:234030,Virginia Commonwealth University,234030,2021,2021,False,VA,0.925,14.076643,0.916447,8.759512,10.339005,42.0,14.076643,0.0,4.0,0.601974,9.545812,12.907476
IPEDS:234076,University of Virginia-Main Campus,234076,2021,2021,False,VA,0.992763,15.209768,0.9875,9.803336,11.572191,38.0,15.209768,0.0,4.0,0.969079,12.37143,13.931249
IPEDS:234085,Virginia Military Institute,234085,2021,2021,False,VA,0.804605,13.475299,0.857895,8.345693,9.646721,46.0,13.475299,0.0,4.0,0.632237,9.661862,11.530156
IPEDS:235316,Gonzaga University,235316,2021,2021,False,WA,0.968421,14.633388,0.940789,9.018695,10.895737,42.0,14.633388,0.0,4.0,0.467763,8.990317,12.990702
IPEDS:236595,Seattle University,236595,2021,2021,False,WA,0.935526,14.165462,0.961842,9.335739,10.55457,37.0,14.169195,5306.0,3.0,0.870395,10.646353,12.068745
IPEDS:236939,Washington State University,236939,2021,2021,False,WA,0.967105,14.616517,0.971053,9.478916,10.646248,53.0,13.252881,-1658073.0,4.0,0.957895,11.992613,13.794489
IPEDS:236948,Washington College,164216,2021,2021,False,MD,0.255263,11.792298,0.165789,6.58755,8.079029,41.0,11.792298,0.0,3.0,0.384868,8.545003,10.918537
IPEDS:236948,University of Washington-Seattle Campus,236948,2021,2021,False,WA,0.982237,14.912428,0.989474,9.870964,11.151242,43.0,12.859853,-2610361.0,3.0,0.975,12.534379,13.862177
IPEDS:237525,Marshall University,237525,2021,2021,False,WV,0.886842,13.890216,0.905921,8.67163,9.919973,53.0,13.890216,0.0,4.0,0.968421,12.364588,12.669332
IPEDS:238032,West Virginia University,238032,2021,2021,False,WV,0.958553,14.526909,0.980263,9.65829,10.916009,37.0,14.77505,573656.0,5.0,0.963158,12.192045,13.952312
IPEDS:240453,University of Wisconsin-Milwaukee,240453,2021,2021,False,WI,0.867763,13.793021,0.842763,8.228978,10.031863,43.0,13.793021,0.0,4.0,0.617105,9.601436,11.852436
IPEDS:243744,Stanford University,243744,2021,2021,False,CA,0.983553,14.921207,0.974342,9.552511,11.310301,37.0,14.921207,0.0,4.0,0.988158,13.104678,13.555988
IPEDS:243780,Purdue University-Main Campus,243780,2021,2021,False,IN,0.949342,14.338151,0.979605,9.656051,10.649295,40.0,12.755679,-1339961.0,4.0,0.973684,12.482677,13.923928
IPEDS:433660,Florida Gulf Coast University,433660,2021,2021,False,FL,0.835526,13.610806,0.897368,8.617943,9.973265,38.0,13.610806,0.0,3.0,0.519737,9.248792,11.645418
IPEDS:486840,Kennesaw State University,486840,2021,2021,False,GA,0.871053,13.808382,0.893421,8.563695,10.070754,42.0,13.808382,0.0,3.0,0.743421,10.086059,11.997208
NCAA:academy-art,Academy of Art University,108232,2021,2021,False,CA,0.790789,13.419056,0.65,7.584773,10.086892,28.0,13.419056,0.0,3.0,0.674342,9.811098,11.035631
NCAA:adams-state,Adams State University,126182,2021,2021,False,CO,0.380921,12.177498,0.445395,7.198931,8.265727,50.0,12.177498,0.0,3.0,0.520395,9.252346,10.756924
NCAA:adelphi,Adelphi University,188429,2021,2021,False,NY,0.655921,12.99585,0.582237,7.46164,9.145806,47.0,12.99585,0.0,6.0,0.570395,9.442642,11.173711
NCAA:adrian,Adrian College,168528,2021,2021,False,MI,0.458553,12.399606,0.788816,7.974189,8.448573,52.0,12.399606,0.0,4.0,0.691447,9.869051,10.840208
NCAA:albertus-magnus,Albertus Magnus College,128498,2021,2021,False,CT,0.067105,10.942527,0.286842,6.884487,7.541842,30.0,10.942527,0.0,3.0,0.442105,8.87794,10.896758
NCAA:albion,Albion College,168546,2021,2021,False,MI,0.293421,11.909653,0.586842,7.466228,8.542545,29.0,11.909653,0.0,3.0,0.704605,9.925494,10.698853
NCAA:albright,Albright College,210571,2021,2021,False,PA,0.052632,10.805497,0.090132,6.322565,7.34039,32.0,10.805497,0.0,4.0,0.604605,9.554285,10.61273
NCAA:alderson-broaddus,Alderson Broaddus University,237118,2021,2021,False,WV,0.586184,12.758727,0.620395,7.520776,9.203477,35.0,12.758727,0.0,3.0,0.919737,11.016775,10.530442
NCAA:allegheny,Allegheny College,210669,2021,2021,False,PA,0.3375,12.056272,0.644079,7.569928,8.392932,39.0,12.056272,0.0,4.0,0.926316,11.111746,10.749678
NCAA:alma,Alma College,168591,2021,2021,False,MI,0.405921,12.225694,0.694737,7.699842,8.537006,40.0,12.225694,0.0,3.0,0.695395,9.890149,11.550009
NCAA:alvernia,Alvernia University,210775,2021,2021,False,PA,0.107237,11.238936,0.246711,6.792344,7.432852,45.0,11.376395,11204.0,5.0,0.857237,10.587316,10.236418
NCAA:american-international,American International College,164447,2021,2021,False,MA,0.608553,12.822601,0.175658,6.622736,8.89091,51.0,12.822601,0.0,5.0,0.793421,10.263258,11.180023
NCAA:amherst,Amherst College,164465,2021,2021,False,MA,0.375658,12.163196,0.116447,6.434547,9.218851,19.0,12.303286,28813.0,3.0,0.731579,10.004463,11.378525
NCAA:angelo-state,Angelo State University,222831,2021,2021,False,TX,0.757237,13.310022,0.865132,8.381603,9.503433,45.0,13.299148,-6524.0,3.0,0.913816,10.952051,11.693329
NCAA:anna-maria,Anna Maria College,164492,2021,2021,False,MA,0.150658,11.410283,0.561184,7.424762,7.884289,34.0,11.410283,0.0,4.0,0.468421,8.993924,10.67385
NCAA:arcadia,Arcadia University,211088,2021,2021,False,PA,0.260526,11.80502,0.298684,6.906755,8.16771,38.0,11.80502,0.0,6.0,0.516447,9.242033,11.007187
NCAA:arkansas-fort-smith,University of Arkansas-Fort Smith,108092,2021,2021,False,AR,0.707237,13.154579,0.578947,7.455877,9.22285,51.0,13.154579,0.0,3.0,0.317763,8.050384,11.156422
NCAA:arkansas-monticello,University of Arkansas at Monticello,106485,2021,2021,False,AR,0.636184,12.92583,0.821711,8.106213,9.558602,29.0,12.92583,0.0,2.0,0.591447,9.504054,11.24379
NCAA:arkansas-technological,Arkansas Tech University,106467,2021,2021,False,AR,0.653947,12.9836,0.541447,7.391415,9.051889,51.0,12.9836,0.0,2.0,0.633553,9.662816,11.384274
NCAA:asbury,Asbury University,156213,2021,2021,False,KY,0.676316,13.055775,0.476316,7.257708,9.392294,39.0,13.055775,0.0,6.0,0.284868,7.781973,10.494519
NCAA:ashland,Ashland University,201104,2021,2021,False,OH,0.703947,13.144921,0.477632,7.258412,9.193777,52.0,13.144921,0.0,3.0,0.860526,10.597609,10.773064
NCAA:assumption,Assumption University,164562,2021,2021,False,MA,0.350658,12.082757,0.309211,6.933423,8.34532,42.0,12.008767,-12609.0,3.0,0.499342,9.153876,10.696435
NCAA:augsburg,Augsburg University,173045,2021,2021,False,MN,0.254605,11.791678,0.548684,7.40367,8.154372,38.0,11.791678,0.0,8.0,0.785526,10.221541,11.2818
NCAA:augusta,Augusta University,482149,2021,2021,False,GA,0.610526,12.826181,0.391447,7.093405,9.270925,35.0,12.826181,0.0,3.0,0.396711,8.621733,11.240605
NCAA:aurora,Aurora University,143118,2021,2021,False,IL,0.494079,12.472858,0.513158,7.317212,8.561022,50.0,12.472858,0.0,3.0,0.875,10.662914,11.313608
NCAA:austin,Austin College,222983,2021,2021,False,TX,0.176974,11.531943,0.567105,7.433667,8.313303,25.0,11.531943,0.0,2.0,0.640132,9.692026,10.446655
NCAA:averett,Averett University,231420,2021,2021,False,VA,0.206579,11.63393,0.333553,6.985642,7.896624,42.0,11.63393,0.0,3.0,0.826974,10.449381,10.634677
NCAA:azusa-pacific,Azusa Pacific University,109785,2021,2021,False,CA,0.844079,13.665184,0.771053,7.918629,9.794038,48.0,13.707898,37548.0,5.0,0.372368,8.48343,11.130786
NCAA:babson,Babson College,164580,2021,2021,False,MA,0.326316,12.022901,0.140789,6.517671,8.238969,44.0,12.022901,0.0,4.0,0.644079,9.701371,11.281561
NCAA:baldwin-wallace,Baldwin Wallace University,201195,2021,2021,False,OH,0.367105,12.142488,0.430263,7.171657,8.191516,52.0,12.142488,0.0,13.0,0.928947,11.129687,11.275645
NCAA:bard,Bard College,189088,2021,2021,False,NY,0.213816,11.662319,0.498026,7.292337,8.484463,24.0,11.672345,1170.0,3.0,0.392763,8.591001,10.804868
NCAA:barry,Barry University,132471,2021,2021,False,FL,0.753947,13.297679,0.486842,7.277939,9.308784,54.0,13.297679,0.0,5.0,0.541447,9.298809,11.17804
NCAA:barton,Barton College,197911,2021,2021,False,NC,0.688158,13.099782,0.320395,6.958448,,,13.099782,0.0,5.0,0.525658,9.261889,10.858152
NCAA:bates,Bates College,160977,2021,2021,False,ME,0.279605,11.862272,0.063158,6.163315,8.495173,29.0,12.032386,26298.0,3.0,0.726316,9.984007,11.104987
NCAA:belhaven,Belhaven University,175421,2021,2021,False,MS,0.470395,12.426641,0.763816,7.891705,8.737918,40.0,12.453206,6713.0,3.0,0.930263,11.158191,10.928722
NCAA:belmont-abbey,Belmont Abbey College,197984,2021,2021,False,NC,0.816447,13.514843,0.555921,7.411556,,,13.514843,0.0,6.0,0.620395,9.616539,10.984886
NCAA:beloit,Beloit College,238333,2021,2021,False,WI,0.176316,11.53161,0.15,6.54103,7.66087,48.0,11.53161,0.0,5.0,0.844079,10.526695,11.306209
NCAA:bemidji-state,Bemidji State University,173124,2021,2021,False,MN,0.347368,12.079647,0.813158,8.069029,8.366302,41.0,12.079647,0.0,3.0,0.763158,10.164851,12.093671
NCAA:benedict,Benedict College,217721,2021,2021,False,SC,0.440132,12.329444,0.067105,6.177944,9.071458,26.0,12.329444,0.0,1.0,0.403947,8.667508,11.448248
NCAA:bentley,Bentley University,164739,2021,2021,False,MA,0.459868,12.401903,0.421711,7.144407,8.846694,35.0,12.506222,26748.0,3.0,0.3375,8.228444,11.373043
NCAA:berry,Berry College,139144,2021,2021,False,GA,0.617763,12.852867,0.671053,7.643004,8.882711,53.0,12.904983,20430.0,5.0,0.869737,10.639982,11.084187
NCAA:bethany-lutheran,Bethany Lutheran College,173142,2021,2021,False,MN,0.229605,11.709191,0.1625,6.582025,7.948336,43.0,11.709191,0.0,4.0,0.525,9.261033,11.198324
NCAA:biola,Biola University,110097,2021,2021,False,CA,0.784211,13.401066,0.796053,7.991254,9.687554,41.0,13.406116,3345.0,5.0,0.303947,7.949797,11.133698
NCAA:birmingham-southern,Birmingham-Southern College,100937,2021,2021,False,AL,0.580263,12.737739,0.780263,7.936303,8.931205,45.0,12.737739,0.0,2.0,0.761184,10.157471,10.877613
NCAA:blackburn,Blackburn College,143288,2021,2021,False,IL,0.1875,11.567508,0.094079,6.340359,8.34886,25.0,11.567508,0.0,4.0,0.247368,7.389564,10.799922
NCAA:bloomfield,Bloomfield College,183822,2021,2021,False,NJ,0.540789,12.616187,0.089474,6.322565,8.878653,42.0,12.616187,0.0,4.0,0.257237,7.536897,10.944788
NCAA:bluefield-state,Bluefield State College,237215,2021,2021,False,WV,0.2125,11.649735,0.092763,6.331502,8.123662,34.0,11.682339,3800.0,2.0,0.292763,7.855545,10.552422
NCAA:bluffton,Bluffton University,201371,2021,2021,False,OH,0.266447,11.817988,0.359211,7.029973,7.926522,49.0,11.817988,0.0,3.0,0.708553,9.938179,10.764562
NCAA:bob-jones,Bob Jones University,217749,2021,2021,False,SC,0.289474,11.897957,0.876316,8.464847,8.762612,23.0,11.897957,0.0,3.0,0.568421,9.431883,10.780746
NCAA:brandeis,Brandeis University,165015,2021,2021,False,MA,0.392763,12.205878,0.174342,6.621406,8.517193,40.0,12.205878,0.0,3.0,0.671711,9.800846,11.202207
NCAA:brevard,Brevard College,198066,2021,2021,False,NC,0.295395,11.917103,0.384868,7.083388,8.228484,40.0,11.917103,0.0,3.0,0.286842,7.810353,10.661509
NCAA:bridgeport,University of Bridgeport,128744,2021,2021,False,CT,0.361842,12.120743,0.417763,7.138867,9.07633,21.0,12.136948,3000.0,3.0,0.188816,6.22059,10.632074
NCAA:bridgewater-state,Bridgewater State University,165024,2021,2021,False,MA,0.138158,11.367241,0.303947,6.921658,8.109433,26.0,11.726956,37423.0,4.0,0.211842,6.788972,10.849628
NCAA:buena-vista,Buena Vista University,153001,2021,2021,False,IA,0.352632,12.095068,0.3875,7.085064,8.288652,45.0,12.101451,1146.0,3.0,0.8625,10.606536,10.908412
NCAA:cabrini,Cabrini University,211352,2021,2021,False,PA,0.170395,11.4907,0.439474,7.181592,7.88015,37.0,11.598387,11120.0,7.0,0.308553,8.003363,10.871042
NCAA:caldwell,Caldwell University,183910,2021,2021,False,NJ,0.658553,13.002505,0.373026,7.053586,9.419065,36.0,13.002505,0.0,4.0,0.347368,8.302514,10.71646
NCAA:california-lutheran,California Lutheran University,110413,2021,2021,False,CA,0.261184,11.806274,0.047368,6.040255,7.712369,60.0,11.806274,0.0,5.0,0.385526,8.552174,11.156322
NCAA:california-pennsylvania,California University of Pennsylvania,211361,2021,2021,False,PA,0.500658,12.49224,0.306579,6.926577,8.663767,46.0,12.49224,0.0,2.0,0.422368,8.768885,11.12666
NCAA:calvin,Calvin University,169080,2021,2021,False,MI,0.219079,11.675002,0.342763,7.004882,8.178766,33.0,11.851125,22647.0,6.0,0.659211,9.770242,10.988373
NCAA:cameron,Cameron University,206914,2021,2021,False,OK,0.626974,12.888947,0.642763,7.566828,9.27812,37.0,12.889137,75.0,3.0,0.559211,9.380336,10.777246
NCAA:capital,Capital University,201548,2021,2021,False,OH,0.0875,11.132572,0.135526,6.50129,7.371986,43.0,11.569826,37493.0,2.0,0.729605,9.995018,11.105934
NCAA:carleton,Carleton College,173258,2021,2021,False,MN,0.238816,11.74795,0.481579,7.267525,8.415959,28.0,11.75504,900.0,3.0,0.815789,10.369389,11.386772
NCAA:carson-newman,Carson-Newman University,219806,2021,2021,False,TN,0.745395,13.260749,0.384211,7.082549,8.984206,72.0,13.339246,46890.0,3.0,0.698026,9.897067,10.993513
NCAA:carthage,Carthage College,238476,2021,2021,False,WI,0.442763,12.340595,0.576974,7.451242,8.333498,55.0,12.340595,0.0,4.0,0.899342,10.818057,11.099741
NCAA:catawba,Catawba College,198215,2021,2021,False,NC,0.713158,13.173794,0.545395,7.401231,9.148547,56.0,13.173794,0.0,3.0,0.398026,8.630165,11.003898
NCAA:cazenovia,Cazenovia College,189848,2021,2021,False,NY,0.038816,10.681711,0.426974,7.152269,7.637648,21.0,10.681711,0.0,2.0,0.169079,5.451038,10.369201
NCAA:cedarville,Cedarville University,201654,2021,2021,False,OH,0.582895,12.74594,0.553947,7.410347,9.108462,38.0,12.74594,0.0,4.0,0.475,9.030615,10.873338
NCAA:centenary-louisiana,Centenary College of Louisiana,158477,2021,2021,False,LA,0.374342,12.161128,0.392763,7.100027,8.400147,43.0,12.161128,0.0,3.0,0.702632,9.920443,10.661861
NCAA:central-missouri,University of Central Missouri,176965,2021,2021,False,MO,0.720395,13.188123,0.698026,7.714231,9.093889,60.0,13.188123,0.0,5.0,0.909868,10.921721,11.336272
NCAA:central-oklahoma,University of Central Oklahoma,206941,2021,2021,False,OK,0.643421,12.952938,0.720395,7.788212,9.239461,41.0,13.011988,25674.0,5.0,0.723026,9.97539,11.304683
NCAA:central-washington,Central Washington University,234827,2021,2021,False,WA,0.584211,12.750227,0.583553,7.462789,9.139413,37.0,12.750227,0.0,3.0,0.705263,9.925836,11.173403
NCAA:centre,Centre College,156408,2021,2021,False,KY,0.394079,12.208445,0.844079,8.233769,9.030506,24.0,12.208445,0.0,3.0,0.753289,10.127511,10.685835
NCAA:chapman,Chapman University,111948,2021,2021,False,CA,0.448684,12.362183,0.2,6.673298,8.80698,35.0,12.362183,0.0,3.0,0.326316,8.127405,10.984869
NCAA:chatham,Chatham University,211556,2021,2021,False,PA,0.127632,11.313364,0.232237,6.761573,7.848007,32.0,11.313364,0.0,2.0,0.710526,9.941939,10.847666
NCAA:chestnut-hill,Chestnut Hill College,211583,2021,2021,False,PA,0.428947,12.298547,0.143421,6.520621,8.42756,48.0,12.325982,6102.0,7.0,0.336842,8.224967,10.059765
NCAA:chowan,Chowan University,198303,2021,2021,False,NC,0.523684,12.563338,0.584868,7.46451,8.952546,37.0,12.563338,0.0,3.0,0.463816,8.986447,10.821916
NCAA:christian-brothers,Christian Brothers University,219833,2021,2021,False,TN,0.628289,12.900017,0.555263,7.410952,9.344754,35.0,12.976935,32007.0,2.0,0.657895,9.766292,10.913942
NCAA:claflin,Claflin University,217873,2021,2021,False,SC,0.381579,12.177874,0.351316,7.017506,8.681531,33.0,12.177874,0.0,2.0,0.291447,7.850493,10.835278
NCAA:clark-atlanta,Clark Atlanta University,138947,2021,2021,False,GA,0.106579,11.238212,0.236184,6.770789,8.29401,19.0,11.239528,100.0,5.0,0.163816,5.030438,11.192017
NCAA:clarke,Clarke University,153126,2021,2021,False,IA,0.828947,13.593187,0.715789,7.776115,9.498916,60.0,13.593187,0.0,6.0,0.711842,9.947361,10.786097
NCAA:clarks-summit,Clarks Summit University,211024,2021,2021,False,PA,0.025,10.463903,0.136842,6.504288,7.519978,19.0,10.463903,0.0,2.0,0.301316,7.942718,10.231856
NCAA:clarkson,Clarkson University,190044,2021,2021,False,NY,0.4625,12.411663,0.586184,7.465655,8.977798,31.0,12.478916,17089.0,3.0,0.613158,9.583833,11.459852
NCAA:coe,Coe College,153144,2021,2021,False,IA,0.248684,11.776105,0.148026,6.532334,7.884653,49.0,11.776105,0.0,5.0,0.833553,10.484138,11.096516
NCAA:coker,Coker University,217907,2021,2021,False,SC,0.634211,12.919331,0.332895,6.985642,8.894114,56.0,12.932393,5366.0,3.0,0.380263,8.511376,10.978063
NCAA:colby,Colby College,161086,2021,2021,False,ME,0.507237,12.500323,0.344079,7.006695,8.836903,39.0,12.500323,0.0,5.0,0.636842,9.676838,11.472228
NCAA:colby-sawyer,Colby-Sawyer College,182634,2021,2021,False,NH,0.130263,11.3312,0.082895,6.272877,7.96424,29.0,11.3312,0.0,4.0,0.189474,6.230481,10.692059
NCAA:colorado-christian,Colorado Christian University,126669,2021,2021,False,CO,0.609868,12.825875,0.676974,7.659171,9.11241,41.0,12.825875,0.0,6.0,0.594079,9.518927,10.98414
NCAA:colorado-mesa,Colorado Mesa University,127556,2021,2021,False,CO,0.749342,13.274841,0.726316,7.802209,9.214496,58.0,13.253718,-12172.0,5.0,0.865132,10.618592,11.180065
NCAA:columbus-state,Columbus State University,139366,2021,2021,False,GA,0.738816,13.235174,0.790789,7.977968,9.708873,34.0,13.235174,0.0,3.0,0.482237,9.057772,11.505246
NCAA:concord,Concord University,237330,2021,2021,False,WV,0.613158,12.838222,0.026974,5.697093,9.149446,40.0,12.838222,0.0,2.0,0.728947,9.992688,11.383898
NCAA:concordia-chicago,Concordia University-Chicago,144351,2021,2021,False,IL,0.514474,12.53266,0.684868,7.678789,8.921872,37.0,12.600854,19566.0,5.0,0.535526,9.282103,10.959088
NCAA:concordia-saint-paul,Concordia University-Saint Paul,173328,2021,2021,False,MN,0.669737,13.033888,0.766447,7.900637,9.249793,44.0,13.033888,0.0,4.0,0.573684,9.446913,11.097258
NCAA:concordia-wisconsin,Concordia University-Wisconsin,238616,2021,2021,False,WI,0.376974,12.170015,0.605921,7.503841,8.341607,46.0,12.344895,36867.0,4.0,0.904605,10.8536,10.894849
NCAA:covenant,Covenant College,139393,2021,2021,False,GA,0.335526,12.049927,0.081579,6.272877,8.179001,48.0,12.049927,0.0,4.0,0.678947,9.820704,10.886184
NCAA:curry,Curry College,165529,2021,2021,False,MA,0.098684,11.168927,0.280921,6.872128,7.643032,34.0,11.168927,0.0,6.0,0.725658,9.983869,10.818517
NCAA:dallas,University of Dallas,224323,2021,2021,False,TX,0.354605,12.100901,0.438158,7.18007,8.27251,46.0,12.100901,0.0,4.0,0.311842,8.0077,10.935622
NCAA:dallas,Dallas College,224615,2021,2021,False,TX,0.917763,14.026535,0.331579,6.984716,,,14.026535,0.0,11.0,0.133553,0.0,11.031238
NCAA:davenport,Davenport University,169479,2021,2021,False,MI,0.759211,13.317919,0.675658,7.647786,9.386175,51.0,13.317919,0.0,6.0,0.853947,10.563362,10.903752
NCAA:davis-and-elkins,Davis & Elkins College,237358,2021,2021,False,WV,0.478289,12.440421,0.101974,6.376727,9.108323,28.0,12.427102,-3345.0,2.0,0.329605,8.15335,10.645544
NCAA:dean,Dean College,165574,2021,2021,False,MA,0.019737,10.393937,0.019737,5.513429,6.634022,43.0,10.501664,3715.0,3.0,0.359211,8.385489,10.737961
NCAA:defiance,Defiance College,202514,2021,2021,False,OH,0.263816,11.812022,0.469079,7.247793,8.346516,32.0,11.871306,8237.0,2.0,0.906579,10.871877,10.662891
NCAA:delaware-valley,Delaware Valley University,211981,2021,2021,False,PA,0.038158,10.668583,0.0375,5.910797,7.114026,35.0,10.668583,0.0,2.0,0.484868,9.069813,10.783757
NCAA:delta-state,Delta State University,175616,2021,2021,False,MS,0.704605,13.145588,0.265132,6.838405,9.407998,42.0,13.27725,72015.0,5.0,0.843421,10.520941,11.272585
NCAA:denison,Denison University,202523,2021,2021,False,OH,0.435526,12.316894,0.430921,7.171657,8.532897,44.0,12.316894,0.0,3.0,0.789474,10.242207,11.268494
NCAA:depauw,DePauw University,150400,2021,2021,False,IN,0.292105,11.903669,0.465132,7.236339,8.377532,34.0,11.903669,0.0,2.0,0.514474,9.232493,11.167176
NCAA:desales,DeSales University,210739,2021,2021,False,PA,0.325658,12.021945,0.239474,6.778785,8.52563,33.0,12.04676,4180.0,7.0,0.5875,9.487972,10.711814
NCAA:dickinson,Dickinson College,212009,2021,2021,False,PA,0.143421,11.382167,0.029605,5.771441,7.644965,42.0,11.280628,-8472.0,3.0,0.623684,9.631285,11.016857
NCAA:drew,Drew University,184348,2021,2021,False,NJ,0.188816,11.569391,0.364474,7.037906,8.237441,28.0,11.569391,0.0,2.0,0.513158,9.224933,10.905038
NCAA:drury,Drury University,177214,2021,2021,False,MO,0.774342,13.365454,0.366447,7.042286,9.433707,51.0,13.365454,0.0,3.0,0.733553,10.006721,11.074436
NCAA:dubuque,University of Dubuque,153278,2021,2021,False,IA,0.328947,12.034733,0.466447,7.24065,8.297306,42.0,12.046526,1999.0,3.0,0.907895,10.897165,11.263258
NCAA:dyouville,D'Youville College,190716,2021,2021,False,NY,0.126316,11.31016,0.771711,7.91972,8.219375,22.0,11.31016,0.0,3.0,0.485526,9.073948,10.710387
NCAA:earlham,Earlham College,150455,2021,2021,False,IN,0.492105,12.469713,0.483553,7.271704,8.806297,39.0,12.469713,0.0,4.0,0.803289,10.305681,10.89483
NCAA:east-central,East Central University,207041,2021,2021,False,OK,0.517105,12.538899,0.638158,7.557995,8.777849,43.0,12.538895,-1.0,6.0,0.571053,9.443038,11.080356
NCAA:east-texas-baptist,East Texas Baptist University,224527,2021,2021,False,TX,0.569079,12.698199,0.85,8.269757,8.848192,47.0,12.698199,0.0,4.0,0.913158,10.951298,11.094269
NCAA:eastern,Eastern University,212133,2021,2021,False,PA,0.256579,11.793258,0.288816,6.886532,8.079988,41.0,12.277751,82505.0,3.0,0.682237,9.829464,10.698627
NCAA:eastern-connecticut-state,Eastern Connecticut State University,129215,2021,2021,False,CT,0.492763,12.470385,0.270395,6.84588,8.311744,64.0,12.470385,0.0,7.0,0.153947,2.484907,11.408897
NCAA:eastern-nazarene,Eastern Nazarene College,165644,2021,2021,False,MA,0.118421,11.281737,0.044079,5.991465,7.848128,31.0,11.281737,0.0,4.0,0.457237,8.949365,10.821018
NCAA:eckerd,Eckerd College,133492,2021,2021,False,FL,0.719079,13.186824,0.025,5.66296,9.425703,43.0,13.186824,0.0,4.0,0.510526,9.207135,11.08048
NCAA:edgewood,Edgewood College,238661,2021,2021,False,WI,0.359868,12.118929,0.695395,7.699842,8.717889,30.0,12.231014,21742.0,4.0,0.473684,9.026057,11.135494
NCAA:edward-waters,Edward Waters College,133526,2021,2021,False,FL,0.682895,13.083529,0.572368,7.444833,9.006112,59.0,13.083529,0.0,3.0,0.042763,0.0,10.715928
NCAA:elizabethtown,Elizabethtown College,212197,2021,2021,False,PA,0.192763,11.593666,0.115132,6.429719,7.722899,48.0,11.593666,0.0,4.0,0.380921,8.513386,10.925201
NCAA:elmhurst,Elmhurst University,144962,2021,2021,False,IL,0.209211,11.638976,0.273684,6.860664,7.878147,43.0,11.681951,4981.0,2.0,0.760526,10.157393,11.009621
NCAA:elmira,Elmira College,190983,2021,2021,False,NY,0.177632,11.536769,0.563816,7.429521,8.278916,26.0,11.536769,0.0,4.0,0.494079,9.129998,10.75445
NCAA:emerson,Emerson College,165662,2021,2021,False,MA,0.257237,11.793704,0.355921,7.024649,8.426619,29.0,11.79669,396.0,3.0,0.55,9.338294,11.076326
NCAA:emory,Emory University,139658,2021,2021,False,GA,0.427632,12.297297,0.503289,7.299797,8.686544,37.0,12.569781,68628.0,2.0,0.572368,9.445017,11.352428
NCAA:emory-and-henry,Emory & Henry College,232025,2021,2021,False,VA,0.257895,11.794821,0.380263,7.074963,8.131546,39.0,11.794821,0.0,2.0,0.863158,10.609699,10.833938
NCAA:emporia-state,Emporia State University,155025,2021,2021,False,KS,0.547368,12.636559,0.621711,7.521859,8.999093,38.0,12.636559,0.0,3.0,0.780263,10.212075,11.484279
NCAA:endicott,Endicott College,165699,2021,2021,False,MA,0.244079,11.765154,0.099342,6.36647,7.936862,46.0,11.770254,658.0,2.0,0.456579,8.942069,10.915943
NCAA:erskine,Erskine College,217998,2021,2021,False,SC,0.814474,13.510085,0.468421,7.245655,,,13.510085,0.0,3.0,0.526974,9.265302,10.507175
NCAA:eureka,Eureka College,144971,2021,2021,False,IL,0.123026,11.294085,0.446711,7.199678,8.116318,24.0,11.294085,0.0,2.0,0.172368,5.627621,10.723069
NCAA:fairmont-state,Fairmont State University,237367,2021,2021,False,WV,0.396711,12.213748,0.269079,6.84375,8.687551,34.0,12.213768,4.0,4.0,0.479605,9.050641,10.828619
NCAA:farmingdale-state,Farmingdale State College,196042,2021,2021,False,NY,0.124342,11.303266,0.063816,6.167516,7.748337,35.0,11.343832,3357.0,2.0,0.103947,0.0,11.345985
NCAA:felician,Felician University,184612,2021,2021,False,NJ,0.668421,13.031377,0.321053,6.959399,8.937162,60.0,13.031377,0.0,4.0,0.351316,8.339262,10.828262
NCAA:ferrum,Ferrum College,232089,2021,2021,False,VA,0.311184,11.974847,0.397368,7.105786,7.986196,54.0,11.974847,0.0,2.0,0.809211,10.333743,11.010498
NCAA:findlay,The University of Findlay,202763,2021,2021,False,OH,0.609211,12.82493,0.129605,6.484635,8.76464,58.0,12.83702,4517.0,2.0,0.750658,10.120694,10.89431
NCAA:finlandia,Finlandia University,172440,2021,2021,False,MI,0.348026,12.079761,0.506579,7.308543,8.342324,42.0,12.079761,0.0,5.0,0.451974,8.92572,10.728343
NCAA:fitchburg-state,Fitchburg State University,165820,2021,2021,False,MA,0.059868,10.872674,0.207237,6.697034,7.540982,28.0,10.872674,0.0,4.0,0.435526,8.843904,11.258046
NCAA:flagler,Flagler College,133711,2021,2021,False,FL,0.732895,13.218359,0.732895,7.814803,9.457235,43.0,13.218359,0.0,4.0,0.675,9.812085,11.204047
NCAA:florida-southern,Florida Southern College,134079,2021,2021,False,FL,0.796053,13.442459,0.340132,7.000334,,,13.442459,0.0,5.0,0.641447,9.694247,11.04492
NCAA:fontbonne,Fontbonne University,177418,2021,2021,False,MO,0.321711,12.013919,0.255921,6.821107,8.16405,47.0,12.191264,32024.0,4.0,0.401974,8.661294,10.094149
NCAA:fort-hays-state,Fort Hays State University,155061,2021,2021,False,KS,0.584868,12.754971,0.459211,7.225481,9.066204,40.0,12.754971,0.0,3.0,0.594737,9.523471,11.266513
NCAA:framingham-state,Framingham State University,165866,2021,2021,False,MA,0.057237,10.842831,0.301974,6.919684,7.3777,32.0,11.012281,9448.0,3.0,0.183553,6.077642,10.590239
NCAA:francis-marion,Francis Marion University,218061,2021,2021,False,SC,0.673026,13.048848,0.428289,7.160069,8.829485,68.0,13.059176,4823.0,3.0,0.289474,7.845024,11.365295
NCAA:franklin,Franklin College,150604,2021,2021,False,IN,0.205263,11.632192,0.219079,6.723832,7.782452,47.0,11.729069,11461.0,3.0,0.495395,9.134754,10.929386
NCAA:franklin-and-marshall,Franklin and Marshall College,212577,2021,2021,False,PA,0.250658,11.783967,0.035526,5.883322,8.382991,30.0,12.325335,94200.0,3.0,0.696053,9.893033,11.066638
NCAA:franklin-pierce,Franklin Pierce University,182795,2021,2021,False,NH,0.615132,12.84122,0.109211,6.403574,8.929327,50.0,12.84122,0.0,3.0,0.493421,9.123911,11.241392
NCAA:fresno-pacific,Fresno Pacific University,114813,2021,2021,False,CA,0.736184,13.226163,0.725658,7.797702,9.465038,43.0,13.275848,28256.0,4.0,0.605263,9.556409,10.957469
NCAA:frostburg-state,Frostburg State University,162584,2021,2021,False,MD,0.389474,12.199511,0.491447,7.283448,8.673317,34.0,12.199511,0.0,6.0,0.470395,9.015177,11.261974
NCAA:gannon,Gannon University,212601,2021,2021,False,PA,0.604605,12.812575,0.454605,7.213032,8.920885,49.0,12.818479,2172.0,3.0,0.830921,10.463846,11.059551
NCAA:geneva,Geneva College,212656,2021,2021,False,PA,0.227632,11.700533,0.284868,6.879356,8.174446,34.0,11.700533,0.0,3.0,0.542763,9.302555,10.895757
NCAA:george-fox,George Fox University,208822,2021,2021,False,OR,0.530921,12.580109,0.717763,7.778211,8.73012,47.0,12.580109,0.0,5.0,0.817105,10.37199,11.169068
NCAA:gettysburg,Gettysburg College,212674,2021,2021,False,PA,0.316447,11.990196,0.084211,6.284134,7.86344,62.0,11.990196,0.0,3.0,0.642763,9.696463,11.360159
NCAA:glenville-state,Glenville State College,237385,2021,2021,False,WV,0.511842,12.52046,0.210526,6.705639,8.691983,46.0,12.520624,45.0,3.0,0.619079,9.614471,10.657824
NCAA:goldey-beacom,Goldey-Beacom College,130989,2021,2021,False,DE,0.490132,12.462871,0.672368,7.643483,8.678848,44.0,12.565365,27906.0,5.0,0.460526,8.968524,10.300181
NCAA:gordon,Gordon College,165936,2021,2021,False,MA,0.125658,11.307401,0.061842,6.142037,7.90656,30.0,11.307401,0.0,2.0,0.511184,9.21034,10.909363
NCAA:grand-valley-state,Grand Valley State University,170082,2021,2021,False,MI,0.776974,13.371139,0.728947,7.805475,9.760277,37.0,13.441018,46411.0,4.0,0.878289,10.679596,11.461064
NCAA:greensboro,Greensboro College,198598,2021,2021,False,NC,0.173026,11.505347,0.184211,6.634633,7.677159,46.0,11.505347,0.0,3.0,0.438158,8.854379,10.745636
NCAA:greenville,Greenville University,145372,2021,2021,False,IL,0.207237,11.636646,0.206579,6.695799,8.026047,37.0,11.628484,-920.0,3.0,0.701974,9.91877,10.884873
NCAA:grinnell,Grinnell College,153384,2021,2021,False,IA,0.283553,11.888557,0.388158,7.085901,8.127645,43.0,11.888557,0.0,7.0,0.769737,10.192044,11.25291
NCAA:guilford,Guilford College,198613,2021,2021,False,NC,0.169079,11.488776,0.044737,6.008813,7.825604,39.0,11.495403,649.0,2.0,0.300658,7.928046,10.636288
NCAA:gustavus-adolphus,Gustavus Adolphus College,173647,2021,2021,False,MN,0.203289,11.627807,0.274342,6.861711,7.71622,50.0,11.627807,0.0,5.0,0.578289,9.462188,11.037933
NCAA:gwynedd-mercy,Gwynedd Mercy University,212832,2021,2021,False,PA,0.134211,11.350654,0.061184,6.137727,8.092851,26.0,11.350654,0.0,5.0,0.124342,0.0,11.482404
NCAA:hamilton,Hamilton College,191515,2021,2021,False,NY,0.276316,11.853354,0.065132,6.169611,8.140067,41.0,11.853354,0.0,2.0,0.705921,9.926618,11.273538
NCAA:hamline,Hamline University,173665,2021,2021,False,MN,0.490789,12.468029,0.8875,8.529122,8.85725,37.0,12.468029,0.0,6.0,0.621053,9.618136,10.947186
NCAA:hampden-sydney,Hampden-Sydney College,232256,2021,2021,False,VA,0.503947,12.497566,0.443421,7.192182,8.808832,40.0,12.497566,0.0,3.0,0.871711,10.652306,11.062442
NCAA:hanover,Hanover College,150756,2021,2021,False,IN,0.251316,11.787188,0.582895,7.462215,8.321688,32.0,11.787188,0.0,3.0,0.757895,10.150426,10.976782
NCAA:hardin-simmons,Hardin-Simmons University,225247,2021,2021,False,TX,0.426974,12.295849,0.776316,7.931644,8.799488,33.0,12.525442,56466.0,2.0,0.659868,9.770984,11.110042
NCAA:harding,Harding University,107044,2021,2021,False,AR,0.747368,13.267263,0.764474,7.893199,9.683805,36.0,13.267263,0.0,2.0,0.753947,10.132096,11.319292
NCAA:haverford,Haverford College,212911,2021,2021,False,PA,0.141447,11.376819,0.000658,1.94591,8.08128,27.0,12.013883,77755.0,7.0,0.643421,9.700637,11.387328
NCAA:hawaii-hilo,University of Hawaii at Hilo,141565,2021,2021,False,HI,0.697368,13.125483,0.760526,7.885705,9.031256,60.0,13.125483,0.0,7.0,0.283553,7.769379,10.989538
NCAA:hawaii-pacific,Hawaii Pacific University,141644,2021,2021,False,HI,0.621053,12.865097,0.617763,7.516977,9.176318,40.0,12.865097,0.0,6.0,0.417105,8.749257,11.005743
NCAA:heidelberg,Heidelberg University,203085,2021,2021,False,OH,0.265789,11.813837,0.167763,6.593045,7.84393,53.0,11.909558,13572.0,3.0,0.692105,9.874574,10.855647
NCAA:henderson-state,Henderson State University,107071,2021,2021,False,AR,0.640132,12.93547,0.589474,7.473069,8.928267,55.0,12.93547,0.0,2.0,0.631579,9.66148,11.295068
NCAA:hendrix,Hendrix College,107080,2021,2021,False,AR,0.329605,12.036458,0.603947,7.499977,8.252523,44.0,12.036458,0.0,3.0,0.780921,10.213799,10.873755
NCAA:hilbert,Hilbert College,191621,2021,2021,False,NY,0.178289,11.537745,0.194737,6.664409,7.982728,35.0,11.537745,0.0,3.0,0.296053,7.890583,11.003349
NCAA:hiram,Hiram College,203128,2021,2021,False,OH,0.204605,11.630877,0.121053,6.455199,7.537057,60.0,11.630877,0.0,3.0,0.840789,10.517592,10.641369
NCAA:holy-names,Holy Names University,115728,2021,2021,False,CA,0.642763,12.952106,0.386842,7.085064,9.123572,46.0,12.952106,0.0,4.0,0.278947,7.731492,11.029374
NCAA:hood,Hood College,162760,2021,2021,False,MD,0.231579,11.715883,0.279605,6.866933,8.078598,38.0,11.715883,0.0,6.0,0.635526,9.668841,10.543181
NCAA:hope,Hope College,170301,2021,2021,False,MI,0.284211,11.889662,0.113158,6.424869,8.083301,45.0,11.909222,2879.0,5.0,0.858553,10.59368,10.972001
NCAA:houghton,Houghton College,191676,2021,2021,False,NY,0.088158,11.139947,0.442763,7.191429,7.844488,27.0,11.139947,0.0,4.0,0.294079,7.865188,10.548757
NCAA:howard-payne,Howard Payne University,225548,2021,2021,False,TX,0.423026,12.283196,0.598684,7.487174,8.454763,46.0,12.335881,11687.0,5.0,0.563816,9.387984,10.915634
NCAA:huntingdon,Huntingdon College,101435,2021,2021,False,AL,0.520395,12.554,0.548026,7.40367,8.769963,44.0,12.677126,37110.0,2.0,0.807895,10.328723,11.250144
NCAA:husson,Husson University,487524,2021,2021,False,ME,0.241447,11.756123,0.363158,7.037028,8.118827,38.0,11.794428,4980.0,3.0,0.502632,9.168789,10.51816
NCAA:illinois-springfield,University of Illinois Springfield,148654,2021,2021,False,IL,0.705263,13.148509,0.705263,7.733684,9.178318,53.0,13.148509,0.0,5.0,0.600658,9.540579,10.961486
NCAA:illinois-wesleyan,Illinois Wesleyan University,145646,2021,2021,False,IL,0.288816,11.896683,0.358553,7.029088,8.090321,45.0,11.896683,0.0,5.0,0.805921,10.314703,10.993984
NCAA:immaculata,Immaculata University,213011,2021,2021,False,PA,0.053947,10.820858,0.113816,6.424869,6.929996,49.0,10.823093,112.0,4.0,0.509211,9.205428,10.520779
NCAA:iowa-wesleyan,Iowa Wesleyan University,153621,2021,2021,False,IA,0.286842,11.894043,0.238816,6.778785,7.962559,51.0,11.894043,0.0,2.0,0.770395,10.192831,10.599231
NCAA:ithaca,Ithaca College,191968,2021,2021,False,NY,0.298026,11.926954,0.053289,6.086775,7.693297,69.0,11.926954,0.0,3.0,0.601316,9.541082,11.183824
NCAA:jamestown,University of Jamestown,200156,2021,2021,False,ND,0.865789,13.780643,0.2625,6.836259,9.490258,73.0,13.780643,0.0,6.0,0.9125,10.944488,10.857575
NCAA:jefferson,Jefferson College,177676,2021,2021,False,MO,0.463158,12.413481,0.738816,7.834788,9.155486,26.0,12.413481,0.0,5.0,0.180921,5.942799,10.650436
NCAA:john-carroll,John Carroll University,203368,2021,2021,False,OH,0.245395,11.771498,0.159868,6.575076,7.628842,63.0,11.771498,0.0,3.0,0.642105,9.695171,10.804908
NCAA:johns-hopkins,Johns Hopkins University,162928,2021,2021,False,MD,0.592105,12.778339,0.876974,8.465689,9.08957,40.0,12.806828,10243.0,6.0,0.665132,9.779341,11.430207
NCAA:juniata,Juniata College,213251,2021,2021,False,PA,0.302632,11.944688,0.250658,6.799056,8.207285,42.0,12.009845,10368.0,4.0,0.794079,10.264443,10.900362
NCAA:kalamazoo,Kalamazoo College,170532,2021,2021,False,MI,0.401974,12.220321,0.038158,5.932245,8.819266,30.0,12.237857,3589.0,8.0,0.623026,9.629906,11.553146
NCAA:kean,Kean University,185262,2021,2021,False,NJ,0.365132,12.132162,0.482237,7.268223,8.605979,34.0,12.132162,0.0,7.0,0.478947,9.047939,11.198626
NCAA:keene-state,Keene State College,183062,2021,2021,False,NH,0.211184,11.645733,0.101316,6.376727,8.119661,34.0,11.704603,6925.0,3.0,0.397368,8.622274,11.003532
NCAA:kentucky-state,Kentucky State University,157058,2021,2021,False,KY,0.331579,12.039611,0.532895,7.361375,8.948692,22.0,12.039611,0.0,1.0,0.280263,7.745003,11.150247
NCAA:kentucky-wesleyan,Kentucky Wesleyan College,157076,2021,2021,False,KY,0.753289,13.295528,0.740132,7.840313,9.288286,55.0,13.263698,-18626.0,3.0,0.576316,9.45845,10.763335
NCAA:kenyon,Kenyon College,203535,2021,2021,False,OH,0.234211,11.725049,0.213158,6.708084,8.324086,30.0,11.725049,0.0,3.0,0.841447,10.51916,10.778352
NCAA:keuka,Keuka College,192192,2021,2021,False,NY,0.113816,11.266833,0.155263,6.562444,7.801494,32.0,11.266833,0.0,2.0,0.374342,8.49208,10.739522
NCAA:keystone,Keystone College,213303,2021,2021,False,PA,0.216447,11.668492,0.251974,6.803505,7.756889,50.0,13.270054,462745.0,3.0,0.810526,10.3389,11.139264
NCAA:knox,Knox College,146427,2021,2021,False,IL,0.208553,11.638932,0.330263,6.98379,7.950397,40.0,11.638932,0.0,4.0,0.679605,9.823849,10.757796
NCAA:lagrange,LaGrange College,140234,2021,2021,False,GA,0.507895,12.509224,0.348026,7.011214,8.520436,54.0,12.509224,0.0,3.0,0.610526,9.571296,10.470363
NCAA:lake-erie,Lake Erie College,203580,2021,2021,False,OH,0.653289,12.983062,0.673026,7.645398,9.294272,40.0,12.983062,0.0,3.0,0.598684,9.533438,10.69883
NCAA:lakeland,Lakeland University,238980,2021,2021,False,WI,0.483553,12.451572,0.745395,7.852439,8.762846,40.0,12.394774,-14116.0,3.0,0.646053,9.713658,10.788783
NCAA:lancaster-bible,Lancaster Bible College,213400,2021,2021,False,PA,0.1375,11.366546,0.098026,6.352629,7.965684,30.0,11.551963,17598.0,4.0,0.341447,8.260234,10.554797
NCAA:lander,Lander University,218229,2021,2021,False,SC,0.769737,13.347621,0.435526,7.17549,9.220584,62.0,13.743142,303865.0,3.0,0.775,10.20644,11.419406
NCAA:lane,Lane College,220598,2021,2021,False,TN,0.297368,11.923948,0.494737,7.285507,9.033689,18.0,11.923948,0.0,2.0,0.344737,8.2943,10.59666
NCAA:lasell,Lasell University,166391,2021,2021,False,MA,0.048026,10.755453,0.122368,6.459904,7.118656,38.0,11.282531,32537.0,4.0,0.481579,9.056373,10.352714
NCAA:lawrence,Lawrence University,239017,2021,2021,False,WI,0.313158,11.97872,0.608553,7.505492,8.577705,30.0,12.070138,15252.0,5.0,0.626316,9.639717,10.956579
NCAA:lebanon-valley,Lebanon Valley College,213507,2021,2021,False,PA,0.207895,11.636673,0.459868,7.227662,7.923454,41.0,11.683891,5472.0,8.0,0.767105,10.184975,10.839267
NCAA:lee,Lee University,220613,2021,2021,False,TN,0.757895,13.310079,0.872368,8.432942,9.672554,38.0,13.310079,0.0,3.0,0.573026,9.445412,11.36352
NCAA:lenoir-rhyne,Lenoir-Rhyne University,198835,2021,2021,False,NC,0.773684,13.36472,0.423684,7.147559,9.375819,54.0,13.36472,0.0,5.0,0.669079,9.788357,11.180497
NCAA:lesley,Lesley University,166452,2021,2021,False,MA,0.020395,10.407651,0.144079,6.523562,7.230292,24.0,10.407651,0.0,3.0,0.073684,0.0,10.819798
NCAA:letourneau,LeTourneau University,226231,2021,2021,False,TX,0.359211,12.115267,0.347368,7.009409,8.203512,50.0,12.168475,9981.0,3.0,0.425,8.78263,11.042826
NCAA:lewis,Lewis University,146612,2021,2021,False,IL,0.746053,13.261814,0.773026,7.926603,9.500687,43.0,13.261814,0.0,4.0,0.8,10.292281,11.186253
NCAA:lewis-and-clark,Lewis & Clark College,209056,2021,2021,False,OR,0.317105,11.991629,0.713816,7.771489,8.526085,32.0,11.991629,0.0,4.0,0.831579,10.46664,10.716127
NCAA:limestone,Limestone University,218238,2021,2021,False,SC,0.760526,13.321003,0.405921,7.118826,,,13.321003,0.0,3.0,0.898684,10.816212,11.145478
NCAA:lincoln-memorial,Lincoln Memorial University,220631,2021,2021,False,TN,0.719737,13.18734,0.786842,7.951911,9.473843,41.0,13.218322,16790.0,3.0,0.932895,11.186627,11.015888
NCAA:lock-haven,Lock Haven University,213613,2021,2021,False,PA,0.472368,12.42884,0.316447,6.946976,8.873628,35.0,12.453151,6150.0,2.0,0.290132,7.847763,11.449155
NCAA:loras,Loras College,153825,2021,2021,False,IA,0.343421,12.070327,0.546053,7.401842,8.263917,45.0,12.070327,0.0,4.0,0.877632,10.676877,11.162786
NCAA:louisiana-roche,La Roche University,213358,2021,2021,False,PA,0.100658,11.202561,0.339474,6.999422,7.676651,34.0,11.40339,16307.0,4.0,0.225,7.045777,10.827985
NCAA:louisiana-verne,University of La Verne,117140,2021,2021,False,CA,0.300658,11.940178,0.031579,5.83773,8.156269,44.0,12.231843,51917.0,2.0,0.023026,0.0,11.50951
NCAA:lubbock-christian,Lubbock Christian University,226383,2021,2021,False,TX,0.796711,13.44279,0.767763,7.907284,9.887492,35.0,13.495185,37055.0,3.0,0.416447,8.742255,11.056225
NCAA:luther,Luther College,153834,2021,2021,False,IA,0.308553,11.963925,0.675,7.646831,8.300605,39.0,12.114188,25454.0,5.0,0.779605,10.212001,11.004331
NCAA:lynchburg,University of Lynchburg,232609,2021,2021,False,VA,0.45,12.365799,0.273026,6.858565,8.453985,50.0,12.365799,0.0,5.0,0.718421,9.970118,11.271796
NCAA:lynn,Lynn University,132657,2021,2021,False,FL,0.794079,13.434809,0.532237,7.36074,9.606234,46.0,13.434809,0.0,2.0,0.041447,0.0,11.174301
NCAA:lyon,Lyon College,106342,2021,2021,False,AR,0.813816,13.507986,0.525658,7.340836,9.259585,70.0,13.507986,0.0,5.0,0.911184,10.939976,10.77189
NCAA:macalester,Macalester College,173902,2021,2021,False,MN,0.365789,12.140478,0.296053,6.904751,8.614293,34.0,12.197884,11067.0,7.0,0.382895,8.533854,11.275049
NCAA:malone,Malone University,203775,2021,2021,False,OH,0.666447,13.027927,0.484211,7.271704,9.096212,51.0,13.027927,0.0,8.0,0.523026,9.254836,10.446509
NCAA:manchester,Manchester University,151777,2021,2021,False,IN,0.242105,11.758629,0.130921,6.487684,7.716015,57.0,11.764143,707.0,2.0,0.823684,10.4312,10.652282
NCAA:manhattanville,Manhattanville College,192749,2021,2021,False,NY,0.058553,10.846245,0.022368,5.525453,6.996993,47.0,11.10282,15017.0,3.0,0.346053,8.297793,10.897036
NCAA:maranatha-baptist,Maranatha Baptist University,239071,2021,2021,False,WI,0.005263,9.79568,0.048026,6.052089,6.75227,21.0,9.910463,2184.0,3.0,0.379605,8.508354,10.309453
NCAA:marietta,Marietta College,203845,2021,2021,False,OH,0.319737,12.009461,0.371053,7.048386,8.346131,39.0,12.343741,65217.0,4.0,0.932237,11.173894,11.122915
NCAA:mars-hill,Mars Hill University,198899,2021,2021,False,NC,0.717105,13.185325,0.381579,7.078342,9.378745,45.0,13.185325,0.0,2.0,0.644737,9.701433,10.718543
NCAA:martin-luther,Martin Luther College,173452,2021,2021,False,MN,0.071711,10.990314,0.665789,7.629976,7.899626,22.0,10.990314,0.0,2.0,0.082237,0.0,10.810172
NCAA:mary,University of Mary,200217,2021,2021,False,ND,0.575,12.713541,0.628289,7.53743,8.885035,46.0,12.713541,0.0,4.0,0.9375,11.277671,10.982016
NCAA:mary-baldwin,Mary Baldwin University,232672,2021,2021,False,VA,0.171053,11.496522,0.276316,6.864848,8.031101,32.0,11.496522,0.0,3.0,0.536184,9.287394,10.62162
NCAA:mary-hardin-baylor,University of Mary Hardin-Baylor,226471,2021,2021,False,TX,0.503289,12.495749,0.559211,7.418181,8.667276,46.0,12.495749,0.0,4.0,0.908553,10.897498,11.328125
NCAA:mary-washington,University of Mary Washington,232681,2021,2021,False,VA,0.278947,11.860797,0.432237,7.172425,8.032473,46.0,11.905413,6461.0,4.0,0.335526,8.213653,10.673758
NCAA:marywood,Marywood University,213826,2021,2021,False,PA,0.050658,10.767073,0.241447,6.782192,7.471785,27.0,10.767073,0.0,3.0,0.515132,9.232884,10.37938
NCAA:mcdaniel,McDaniel College,164270,2021,2021,False,MD,0.286184,11.894009,0.025658,5.686975,8.428485,32.0,12.16376,45327.0,6.0,0.539474,9.2956,10.726039
NCAA:mckendree,McKendree University,147013,2021,2021,False,IL,0.740789,13.23909,0.319079,6.956545,9.080319,64.0,13.23909,0.0,3.0,0.892763,10.802937,11.029147
NCAA:mcmurry,McMurry University,226587,2021,2021,False,TX,0.436842,12.318222,0.536184,7.377759,8.447231,48.0,12.324935,1507.0,3.0,0.879605,10.691695,10.879669
NCAA:medaille,Medaille College,192925,2021,2021,False,NY,0.045395,10.715284,0.263158,6.837333,7.943028,16.0,10.746605,1433.0,4.0,0.244079,7.362011,10.372366
NCAA:mercy,Mercy College,193016,2021,2021,False,NY,0.457237,12.389623,0.526316,7.340836,8.676217,41.0,12.385452,-1000.0,3.0,0.199342,6.496775,10.604107
NCAA:messiah,Messiah University,213996,2021,2021,False,PA,0.163816,11.473956,0.247368,6.792344,7.863412,37.0,11.588784,11703.0,6.0,0.526316,9.265302,11.315084
NCAA:methodist,Methodist University,198969,2021,2021,False,NC,0.450658,12.370052,0.327632,6.976348,8.541602,46.0,12.370052,0.0,3.0,0.876974,10.675908,10.934142
NCAA:middlebury,Middlebury College,230959,2021,2021,False,VT,0.239474,11.750003,0.007895,4.94876,8.13937,37.0,11.750003,0.0,3.0,0.655921,9.762154,11.576088
NCAA:miles,Miles College,101675,2021,2021,False,AL,0.405263,12.223967,0.410526,7.124478,8.668785,35.0,12.223967,0.0,2.0,0.688816,9.8554,11.10748
NCAA:millikin,Millikin University,147244,2021,2021,False,IL,0.469079,12.425321,0.709211,7.751045,8.711909,41.0,12.425321,0.0,3.0,0.816447,10.371239,11.011522
NCAA:millsaps,Millsaps College,175980,2021,2021,False,MS,0.482895,12.450234,0.699342,7.720462,8.689198,43.0,12.516575,17512.0,3.0,0.846711,10.545631,11.12197
NCAA:minnesota-crookston,University of Minnesota-Crookston,174075,2021,2021,False,MN,0.669079,13.031451,0.842105,8.223627,9.224885,45.0,12.973485,-25712.0,3.0,0.664474,9.778434,10.96296
NCAA:minnesota-duluth,University of Minnesota-Duluth,174233,2021,2021,False,MN,0.357237,12.110101,0.467105,7.241366,8.55494,35.0,12.110101,0.0,3.0,0.863816,10.611671,12.337333
NCAA:minnesota-morris,University of Minnesota-Morris,174251,2021,2021,False,MN,0.157895,11.437167,0.463158,7.234177,8.21855,25.0,11.438687,141.0,3.0,0.377632,8.506334,10.80649
NCAA:minot-state,Minot State University,200253,2021,2021,False,ND,0.633553,12.916293,0.722368,7.790696,9.087762,46.0,12.916293,0.0,3.0,0.944737,11.379325,11.107795
NCAA:misericordia,Misericordia University,214069,2021,2021,False,PA,0.315789,11.986865,0.763158,7.890957,8.376171,37.0,11.987052,30.0,3.0,0.715789,9.956744,10.746239
NCAA:missouri-saint-louis,University of Missouri-St Louis,178420,2021,2021,False,MO,0.575658,12.719483,0.427632,7.154615,9.164237,35.0,12.719483,0.0,2.0,0.354605,8.368693,10.927628
NCAA:missouri-southern-state,Missouri Southern State University,178341,2021,2021,False,MO,0.686184,13.096274,0.793421,7.983781,9.48543,37.0,13.128125,15765.0,3.0,0.881579,10.703581,11.138028
NCAA:mitchell,Mitchell College,129774,2021,2021,False,CT,0.375,12.162084,0.028947,5.771441,8.333678,46.0,12.155069,-1338.0,7.0,0.272368,7.704812,10.35485
NCAA:molloy,Molloy College,193292,2021,2021,False,NY,0.751974,13.285069,0.735526,7.824846,9.500952,44.0,13.315927,18438.0,4.0,0.178947,5.929589,10.218335
NCAA:montclair-state,Montclair State University,185590,2021,2021,False,NJ,0.355921,12.10291,0.418421,7.13966,8.439559,39.0,12.145611,7870.0,7.0,0.868421,10.636528,10.84642
NCAA:montevallo,University of Montevallo,101709,2021,2021,False,AL,0.711184,13.165883,0.592763,7.4793,9.404763,43.0,13.165883,0.0,3.0,0.701316,9.917243,11.039973
NCAA:moravian,Moravian College,214157,2021,2021,False,PA,0.269079,11.825325,0.283553,6.876265,8.087955,42.0,11.970705,21386.0,8.0,0.321053,8.07496,10.900381
NCAA:mount-aloysius,Mount Aloysius College,214166,2021,2021,False,PA,0.071053,10.986749,0.346053,7.008505,7.323831,39.0,10.986749,0.0,2.0,0.338158,8.234034,10.367127
NCAA:mount-olive,University of Mount Olive,199069,2021,2021,False,NC,0.691447,13.111812,0.723026,7.793999,9.283261,46.0,13.177991,33850.0,4.0,0.538816,9.293486,10.740973
NCAA:mount-union,University of Mount Union,204185,2021,2021,False,OH,0.323026,12.016648,0.334868,6.989335,7.812354,67.0,12.016648,0.0,3.0,0.776316,10.2081,10.973855
NCAA:muhlenberg,Muhlenberg College,214175,2021,2021,False,PA,0.193421,11.595335,0.134868,6.499787,7.906814,40.0,11.779527,21962.0,3.0,0.692763,9.878682,11.115994
NCAA:muskingum,Muskingum University,204264,2021,2021,False,OH,0.298684,11.926954,0.323026,6.966024,8.056063,48.0,11.926954,0.0,3.0,0.578947,9.46281,10.93055
NCAA:nebraska-wesleyan,Nebraska Wesleyan University,181446,2021,2021,False,NE,0.271053,11.835552,0.669737,7.640604,8.007237,46.0,11.860543,3494.0,3.0,0.630263,9.653358,11.051747
NCAA:neumann,Neumann University,214272,2021,2021,False,PA,0.101316,11.205544,0.315789,6.946014,7.568461,38.0,11.205544,0.0,3.0,0.556579,9.372544,10.500922
NCAA:new-jersey-city,New Jersey City University,185129,2021,2021,False,NJ,0.344079,12.070522,0.613158,7.513709,8.636707,31.0,12.070373,-26.0,4.0,0.459211,8.966229,11.339905
NCAA:newberry,Newberry College,218414,2021,2021,False,SC,0.693421,13.118086,0.490789,7.282761,9.186361,51.0,13.118086,0.0,4.0,0.8875,10.755986,11.152529
NCAA:newman,Newman University,155335,2021,2021,False,KS,0.723684,13.200317,0.716447,7.776115,9.462723,42.0,13.200317,0.0,2.0,0.533553,9.275847,10.63979
NCAA:nichols,Nichols College,167260,2021,2021,False,MA,0.321053,12.013586,0.196711,6.666957,8.324943,40.0,12.173828,28673.0,6.0,0.788816,10.241815,10.932839
NCAA:north-carolina-wesleyan,North Carolina Wesleyan College,199209,2021,2021,False,NC,0.353947,12.099801,0.132895,6.49224,7.98926,61.0,12.099801,0.0,3.0,0.761842,10.161998,11.04484
NCAA:north-georgia,University of North Georgia,482680,2021,2021,False,GA,0.705921,13.148853,0.803289,8.02715,9.593572,35.0,13.245628,52170.0,3.0,0.240789,7.299797,11.238647
NCAA:north-greenville,North Greenville University,218441,2021,2021,False,SC,0.663816,13.021703,0.205921,6.694562,8.996473,56.0,12.994203,-12264.0,4.0,0.648684,9.721006,10.856014
NCAA:north-park,North Park University,147679,2021,2021,False,IL,0.432895,12.306606,0.499342,7.293698,8.69585,37.0,12.306606,0.0,5.0,0.806579,10.32042,11.17885
NCAA:northeastern-state,Northeastern State University,207263,2021,2021,False,OK,0.620395,12.858874,0.742105,7.843849,9.121311,42.0,12.858874,0.0,3.0,0.699342,9.907131,11.115786
NCAA:northern-state,Northern State University,219259,2021,2021,False,SD,0.5125,12.523162,0.631579,7.54009,8.785641,42.0,12.629034,30670.0,1.0,0.907237,10.891112,11.326837
NCAA:northland,Northland College,239512,2021,2021,False,WI,0.151974,11.414949,0.626974,7.532624,8.324138,22.0,11.414949,0.0,1.0,0.6,9.5395,10.406352
NCAA:northwest-missouri-state,Northwest Missouri State University,178624,2021,2021,False,MO,0.701316,13.136249,0.520395,7.330405,9.166059,53.0,13.136249,0.0,3.0,0.865789,10.620766,11.64341
NCAA:northwest-nazarene,Northwest Nazarene University,142461,2021,2021,False,ID,0.817105,13.519222,0.813816,8.069968,9.690641,46.0,13.519222,0.0,4.0,0.709868,9.939964,11.066248
NCAA:northwestern-saint-paul,University of Northwestern-St Paul,174491,2021,2021,False,MN,0.163158,11.46913,0.627632,7.533159,7.914137,35.0,11.46913,0.0,4.0,0.682895,9.830056,11.061767
NCAA:northwood,Northwood University,171492,2021,2021,False,MI,0.740132,13.236973,0.615789,7.515345,9.176632,58.0,13.236973,0.0,4.0,0.826316,10.44077,10.903126
NCAA:norwich,Norwich University,230995,2021,2021,False,VT,0.044737,10.714884,0.153947,6.559615,7.670806,21.0,10.714884,0.0,3.0,0.736184,10.010007,11.077331
NCAA:nova-southeastern,Nova Southeastern University,136215,2021,2021,False,FL,0.801974,13.470815,0.739474,7.840313,9.642237,46.0,13.470815,0.0,2.0,0.473026,9.025215,11.409042
NCAA:oakland-city,Oakland City University,152099,2021,2021,False,IN,0.628947,12.904038,0.404605,7.118826,9.470126,31.0,12.904038,0.0,3.0,0.270395,7.659643,10.012701
NCAA:oberlin,Oberlin College,204501,2021,2021,False,OH,0.240789,11.752855,0.207895,6.697034,7.946539,45.0,11.847038,12554.0,2.0,0.738816,10.049102,11.031675
NCAA:oglethorpe,Oglethorpe University,140696,2021,2021,False,GA,0.292763,11.90799,0.616447,7.515889,7.976501,51.0,11.90799,0.0,4.0,0.557895,9.37594,10.768317
NCAA:ohio-dominican,Ohio Dominican University,204617,2021,2021,False,OH,0.515132,12.535495,0.490132,7.282761,8.846756,40.0,12.579689,12563.0,4.0,0.508553,9.204322,10.937757
NCAA:ohio-northern,Ohio Northern University,204635,2021,2021,False,OH,0.409211,12.237939,0.163158,6.583409,8.409516,46.0,12.237939,0.0,4.0,0.921053,11.04892,11.063085
NCAA:ohio-valley,Ohio Valley University,237640,2021,2021,False,WV,0.634868,12.923205,0.126316,6.467699,9.489291,31.0,12.923205,0.0,2.0,0.184868,6.102559,10.778143
NCAA:ohio-wesleyan,Ohio Wesleyan University,204909,2021,2021,False,OH,0.271711,11.836428,0.214474,6.709304,8.253163,36.0,11.836428,0.0,2.0,0.706579,9.926667,10.925561
NCAA:oklahoma-baptist,Oklahoma Baptist University,207403,2021,2021,False,OK,0.793421,13.430496,0.800658,8.005367,9.847029,36.0,13.430496,0.0,3.0,0.744737,10.090299,10.948594
NCAA:oklahoma-christian,Oklahoma Christian University,207324,2021,2021,False,OK,0.788816,13.415334,0.786184,7.95015,9.483583,51.0,13.496961,57001.0,5.0,0.505921,9.194719,10.984547
NCAA:olivet,Olivet College,171599,2021,2021,False,MI,0.301974,11.944045,0.585526,7.465083,8.360754,36.0,11.729077,-29769.0,3.0,0.842763,10.519943,10.871725
NCAA:otterbein,Otterbein University,204936,2021,2021,False,OH,0.215132,11.665011,0.060526,6.133398,7.446079,68.0,11.766233,12402.0,6.0,0.553947,9.353921,10.763568
NCAA:ouachita-baptist,Ouachita Baptist University,107512,2021,2021,False,AR,0.594737,12.783946,0.708553,7.750615,9.318298,32.0,12.860063,28191.0,3.0,0.851974,10.557972,11.28551
NCAA:pace,Pace University,194310,2021,2021,False,NY,0.571053,12.702572,0.434211,7.174724,9.039126,39.0,12.797273,32639.0,2.0,0.548684,9.326522,11.280968
NCAA:pacific-lutheran,Pacific Lutheran University,236230,2021,2021,False,WA,0.410526,12.241208,0.8,8.004366,8.57783,39.0,12.418224,40115.0,5.0,0.732237,10.00627,11.120919
NCAA:palm-beach-atlantic,Palm Beach Atlantic University,136330,2021,2021,False,FL,0.728947,13.210872,0.573026,7.446001,9.497373,41.0,13.23705,14489.0,4.0,0.386184,8.552946,11.024644
NCAA:pfeiffer,Pfeiffer University,199306,2021,2021,False,NC,0.309211,11.964511,0.176316,6.622736,8.052799,50.0,12.357192,75547.0,2.0,0.257895,7.544861,11.046946
NCAA:piedmont,Piedmont University,140818,2021,2021,False,GA,0.549342,12.641035,0.759868,7.88156,8.903498,42.0,12.717455,24538.0,3.0,0.757237,10.150191,10.861803
NCAA:pittsburg-state,Pittsburg State University,155681,2021,2021,False,KS,0.651974,12.97654,0.783553,7.942007,9.26306,41.0,12.97654,0.0,4.0,0.938158,11.281825,12.04111
NCAA:plymouth-state,Plymouth State University,183080,2021,2021,False,NH,0.149342,11.401223,0.169737,6.60123,7.76405,38.0,11.454608,4904.0,2.0,0.253289,7.512071,11.308702
NCAA:point-park,Point Park University,215442,2021,2021,False,PA,0.825658,13.580341,0.702632,7.731492,9.331933,70.0,13.581607,1001.0,3.0,0.668421,9.782844,10.735636
NCAA:post,Post University,130183,2021,2021,False,CT,0.455921,12.389398,0.108553,6.400257,8.072218,75.0,12.458406,17164.0,5.0,0.507895,9.203517,10.859326
NCAA:presentation,Presentation College,219295,2021,2021,False,SD,0.536184,12.603008,0.794737,7.986165,9.047774,35.0,12.650316,14410.0,3.0,0.788158,10.236561,10.71998
NCAA:puget-sound,University of Puget Sound,236328,2021,2021,False,WA,0.269737,11.827904,0.467763,7.242082,8.139309,40.0,11.827904,0.0,6.0,0.448026,8.908965,11.200759
NCAA:purdue-northwest,Purdue University Northwest,490805,2021,2021,False,IN,0.411842,12.253772,0.234211,6.767343,8.36218,49.0,12.253772,0.0,3.0,0.350658,8.33327,10.968543
NCAA:quincy,Quincy University,148131,2021,2021,False,IL,0.817763,13.51962,0.645395,7.571474,,,13.51962,0.0,5.0,0.861184,10.603014,10.61499
NCAA:randolph-macon,Randolph-Macon College,233295,2021,2021,False,VA,0.407895,12.22996,0.198026,6.669498,8.278965,52.0,12.22996,0.0,4.0,0.557237,9.375516,11.005511
NCAA:redlands,University of Redlands,121691,2021,2021,False,CA,0.273026,11.842984,0.464474,7.235619,8.752093,22.0,11.94725,15287.0,4.0,0.832237,10.475596,11.281825
NCAA:rhodes,Rhodes College,221351,2021,2021,False,TN,0.594079,12.783694,0.785526,7.949091,8.813548,53.0,12.717038,-22979.0,5.0,0.819079,10.384895,11.14924
NCAA:ripon,Ripon College,239628,2021,2021,False,WI,0.232237,11.721256,0.451974,7.206377,8.138021,36.0,11.729342,1000.0,3.0,0.546053,9.318298,10.84786
NCAA:rivier,Rivier University,183211,2021,2021,False,NH,0.047368,10.73872,0.107895,6.393591,7.7434,20.0,10.73872,0.0,5.0,0.405263,8.688791,10.759582
NCAA:roanoke,Roanoke College,233426,2021,2021,False,VA,0.476316,12.436303,0.428947,7.16472,8.504676,51.0,12.436303,0.0,3.0,0.667763,9.782675,10.723906
NCAA:rockford,Rockford University,148405,2021,2021,False,IL,0.434211,12.310969,0.160526,6.57647,8.461028,47.0,12.310969,0.0,6.0,0.584868,9.478763,10.752869
NCAA:rockhurst,Rockhurst University,179043,2021,2021,False,MO,0.819079,13.531397,0.282237,6.873164,,,13.531397,0.0,6.0,0.630921,9.658801,10.987984
NCAA:roger-williams,Roger Williams University,217518,2021,2021,False,RI,0.077632,11.054582,0.131579,6.487684,7.31756,42.0,11.068371,878.0,3.0,0.159868,4.615121,10.87366
NCAA:rogers-state,Rogers State University,207661,2021,2021,False,OK,0.698026,13.12755,0.859211,8.353733,9.601255,34.0,13.12755,0.0,5.0,0.638816,9.688002,10.927771
NCAA:rollins,Rollins College,136950,2021,2021,False,FL,0.874342,13.817504,0.1125,6.424869,9.540908,72.0,13.817504,0.0,5.0,0.803947,10.307952,11.096
NCAA:roosevelt,Roosevelt University,148487,2021,2021,False,IL,0.901316,13.944394,0.505921,7.30317,9.785566,64.0,13.944394,0.0,6.0,0.227632,7.090077,11.117673
NCAA:rowan,Rowan University,184782,2021,2021,False,NJ,0.342763,12.069336,0.367763,7.044033,8.514183,35.0,12.223362,29048.0,3.0,0.2,6.565265,11.839037
NCAA:rust,Rust College,176318,2021,2021,False,MS,0.280263,11.872877,0.374342,7.057898,8.654169,25.0,11.872877,0.0,1.0,0.345395,8.297544,10.953837
NCAA:rutgers-camden,Rutgers University-Camden,186371,2021,2021,False,NJ,0.209868,11.639558,0.393421,7.100852,8.174095,32.0,11.639558,0.0,5.0,0.217105,6.904751,10.764857
NCAA:rutgers-newark,Rutgers University-Newark,186399,2021,2021,False,NJ,0.217763,11.672865,0.222368,6.734592,8.009627,39.0,11.672865,0.0,4.0,0.472368,9.023529,11.197913
NCAA:saint-andrews,St. Andrews University,199698,2021,2021,False,NC,0.789474,13.416146,0.518421,7.328437,9.566067,47.0,13.471286,38024.0,3.0,0.267105,7.641084,10.657659
NCAA:saint-anselm,Saint Anselm College,183239,2021,2021,False,NH,0.495395,12.474885,0.413158,7.127694,8.646416,46.0,12.633638,45022.0,3.0,0.754605,10.134917,10.59641
NCAA:saint-cloud-state,Saint Cloud State University,174783,2021,2021,False,MN,0.606579,12.816094,0.751316,7.867106,9.289823,34.0,12.816094,0.0,4.0,0.873026,10.662446,11.855941
NCAA:saint-edwards,Saint Edward's University,227845,2021,2021,False,TX,0.898026,13.93114,0.811842,8.065265,9.75681,65.0,14.170659,303812.0,3.0,0.442763,8.884056,11.380936
NCAA:saint-elizabeth,Saint Elizabeth University,186618,2021,2021,False,NJ,0.119079,11.282417,0.183553,6.634633,7.848808,31.0,11.282417,0.0,3.0,0.340789,8.248529,10.769243
NCAA:saint-john-fisher,Saint John Fisher College,195720,2021,2021,False,NY,0.284868,11.892642,0.551974,7.406711,8.042809,47.0,12.004642,17325.0,5.0,0.626974,9.649434,11.014736
NCAA:saint-lawrence,St Lawrence University,195216,2021,2021,False,NY,0.267105,11.81874,0.392105,7.096721,8.486734,28.0,11.81874,0.0,2.0,0.844737,10.529774,11.394716
NCAA:saint-leo,Saint Leo University,137032,2021,2021,False,FL,0.672368,13.044106,0.502632,7.299797,9.306525,42.0,13.052692,3987.0,2.0,0.7125,9.947887,11.172574
NCAA:saint-martins,Saint Martin's University,236452,2021,2021,False,WA,0.509211,12.510944,0.617105,7.516433,8.873494,38.0,12.510944,0.0,4.0,0.390789,8.579417,10.492412
NCAA:saint-marys-maryland,St. Mary's College of Maryland,163912,2021,2021,False,MD,0.200658,11.620784,0.203947,6.683361,8.187066,31.0,11.620784,0.0,3.0,0.251316,7.475906,10.954956
NCAA:saint-michaels,Saint Michael's College,231059,2021,2021,False,VT,0.334868,12.049261,0.569079,7.436028,8.583706,32.0,12.049261,0.0,4.0,0.486842,9.088625,10.858595
NCAA:saint-norbert,Saint Norbert College,239716,2021,2021,False,WI,0.195395,11.60357,0.516447,7.320527,7.966322,38.0,11.60357,0.0,4.0,0.805263,10.310684,10.885678
NCAA:saint-olaf,St Olaf College,174844,2021,2021,False,MN,0.408553,12.237348,0.399342,7.110696,8.711148,34.0,12.349536,24499.0,5.0,0.834211,10.486206,11.115086
NCAA:saint-rose,The College of Saint Rose,195234,2021,2021,False,NY,0.541447,12.617984,0.090789,6.324359,8.610829,55.0,12.675745,17954.0,3.0,0.661842,9.773777,10.66413
NCAA:saint-scholastica,The College of Saint Scholastica,174899,2021,2021,False,MN,0.471711,12.428108,0.442105,7.190676,8.994241,31.0,12.720087,84675.0,5.0,0.897368,10.813921,10.944577
NCAA:saint-thomas-aquinas,St. Thomas Aquinas College,195243,2021,2021,False,NY,0.723026,13.195441,0.325,6.97073,9.084679,61.0,13.202757,3950.0,4.0,0.542105,9.299358,10.632002
NCAA:saint-vincent,Saint Vincent College,215798,2021,2021,False,PA,0.307237,11.957374,0.317763,6.948897,8.065861,49.0,11.957374,0.0,3.0,0.75,10.116338,10.851258
NCAA:salem-state,Salem State University,167729,2021,2021,False,MA,0.013158,10.294516,0.077632,6.253829,6.963224,28.0,10.294516,0.0,4.0,0.075,0.0,11.073567
NCAA:salisbury,Salisbury University,163851,2021,2021,False,MD,0.340132,12.059786,0.601974,7.497762,8.422414,38.0,12.189776,23985.0,4.0,0.371053,8.468633,11.279125
NCAA:salve-regina,Salve Regina University,217536,2021,2021,False,RI,0.267763,11.824417,0.266447,6.838405,7.996105,46.0,11.824417,0.0,3.0,0.492763,9.121181,10.646971
NCAA:savannah-state,Savannah State University,140960,2021,2021,False,GA,0.305263,11.953333,0.144737,6.529419,8.16942,44.0,11.911849,-6312.0,2.0,0.478289,9.047939,11.695047
NCAA:schreiner,Schreiner University,228042,2021,2021,False,TX,0.361184,12.120558,0.438816,7.18007,7.872439,70.0,12.175144,10301.0,3.0,0.496053,9.137555,10.734308
NCAA:scranton,University of Scranton,215929,2021,2021,False,PA,0.4375,12.320548,0.558553,7.415175,8.350488,53.0,12.320548,0.0,6.0,0.504605,9.175438,11.124848
NCAA:seton-hill,Seton Hill University,215947,2021,2021,False,PA,0.761842,13.326611,0.003289,3.931826,9.375451,52.0,13.326611,0.0,3.0,0.622368,9.626943,11.350665
NCAA:shenandoah,Shenandoah University,233541,2021,2021,False,VA,0.525,12.565913,0.482895,7.271009,8.317658,70.0,12.565913,0.0,6.0,0.916447,10.977141,11.181709
NCAA:shepherd,Shepherd University,237792,2021,2021,False,WV,0.415789,12.269301,0.294079,6.900731,8.485313,44.0,12.269301,0.0,3.0,0.461842,8.975377,10.709517
NCAA:shorter,Shorter University,140988,2021,2021,False,GA,0.7125,13.171767,0.690789,7.6912,8.895236,72.0,13.171767,0.0,3.0,0.923026,11.050922,10.851606
NCAA:simpson,Simpson University,123457,2021,2021,False,CA,0.859868,13.737701,0.003947,4.369448,9.694711,57.0,14.0974,400491.0,3.0,0.830263,10.463132,10.854914
NCAA:simpson,Simpson College,154350,2021,2021,False,IA,0.258553,11.79818,0.288158,6.886532,7.86673,51.0,11.79818,0.0,3.0,0.765789,10.180778,10.900233
NCAA:sioux-falls,University of Sioux Falls,219383,2021,2021,False,SD,0.602632,12.806748,0.590789,7.475339,8.712565,60.0,12.844684,14100.0,3.0,0.882895,10.724874,11.184838
NCAA:skidmore,Skidmore College,195526,2021,2021,False,NY,0.180263,11.546293,0.091447,6.326149,8.112595,31.0,11.546293,0.0,4.0,0.238158,7.286876,11.11085
NCAA:sonoma-state,Sonoma State University,123572,2021,2021,False,CA,0.652632,12.980816,0.276974,6.865891,9.010644,53.0,13.100026,54948.0,8.0,0.292105,7.852439,11.660707
NCAA:southern-connecticut-state,Southern Connecticut State University,130493,2021,2021,False,CT,0.724342,13.204441,0.332237,6.985642,9.770509,31.0,13.204441,0.0,3.0,0.170395,5.537334,11.730292
NCAA:southern-nazarene,Southern Nazarene University,206862,2021,2021,False,OK,0.701974,13.139838,0.379605,7.072422,9.227911,50.0,13.115077,-12444.0,4.0,0.584211,9.477998,10.833405
NCAA:southern-virginia,Southern Virginia University,233611,2021,2021,False,VA,0.259211,11.802403,0.557237,7.41216,8.3369,32.0,11.802403,0.0,3.0,0.658553,9.768755,10.950385
NCAA:southern-wesleyan,Southern Wesleyan University,217776,2021,2021,False,SC,0.546053,12.634668,0.657237,7.595387,9.169033,32.0,12.634668,0.0,2.0,0.45,8.917981,10.667536
NCAA:southwest-baptist,Southwest Baptist University,179326,2021,2021,False,MO,0.706579,13.150231,0.619737,7.520776,9.343655,45.0,13.148285,-1000.0,3.0,0.7625,10.163464,11.269145
NCAA:southwest-minnesota-state,Southwest Minnesota State University,175078,2021,2021,False,MN,0.413816,12.264983,0.5625,7.427144,8.627571,38.0,12.264983,0.0,3.0,0.592105,9.506586,11.420722
NCAA:spalding,Spalding University,157757,2021,2021,False,KY,0.401316,12.219655,0.797368,7.991592,8.582251,38.0,12.219655,0.0,4.0,0.332237,8.169053,10.716194
NCAA:spring-hill,Spring Hill College,102234,2021,2021,False,AL,0.785526,13.404339,0.227632,6.749931,9.184932,68.0,13.41073,4250.0,2.0,0.544737,9.308011,10.534733
NCAA:springfield,Springfield College,167899,2021,2021,False,MA,0.305921,11.954922,0.045395,6.013715,8.217516,42.0,11.954922,0.0,6.0,0.832895,10.479904,10.767537
NCAA:stevenson,Stevenson University,164173,2021,2021,False,MD,0.165132,11.477319,0.165132,6.586172,7.606605,48.0,11.477319,0.0,2.0,0.911842,10.943446,11.146258
NCAA:stillman,Stillman College,102270,2021,2021,False,AL,0.433553,12.30671,0.230263,6.756932,8.810347,33.0,12.30671,0.0,2.0,0.409211,8.699681,11.235933
NCAA:stockton,Stockton University,186876,2021,2021,False,NJ,0.304605,11.953075,0.574342,7.448916,8.397946,35.0,11.953075,0.0,4.0,0.384211,8.53778,11.153719
NCAA:suffolk,Suffolk University,168005,2021,2021,False,MA,0.218421,11.674347,0.317105,6.947937,8.148267,34.0,11.674347,0.0,2.0,0.648026,9.720105,10.408164
NCAA:sul-ross-state,Sul Ross State University,228501,2021,2021,False,TX,0.415132,12.266019,0.419079,7.140453,8.739814,34.0,12.066477,-38414.0,3.0,0.323684,8.095294,10.783094
NCAA:suny-brockport,SUNY Brockport,196121,2021,2021,False,NY,0.272368,11.837282,0.093421,6.335054,8.123999,41.0,11.965732,18958.0,2.0,0.375,8.494743,10.834726
NCAA:suny-maritime,SUNY Maritime College,196291,2021,2021,False,NY,0.063158,10.90535,0.010526,5.164786,7.192512,41.0,10.919877,797.0,2.0,0.326974,8.138273,9.883336
NCAA:suny-oneonta,SUNY Oneonta,196185,2021,2021,False,NY,0.217105,11.671791,0.152632,6.556778,8.304734,29.0,11.671791,0.0,2.0,0.334211,8.207402,10.85416
NCAA:susquehanna,Susquehanna University,216278,2021,2021,False,PA,0.243421,11.762181,0.330921,6.984716,7.588293,65.0,11.762181,0.0,4.0,0.595395,9.524421,11.041064
NCAA:tampa,The University of Tampa,137847,2021,2021,False,FL,0.875658,13.82701,0.850658,8.283999,10.189461,38.0,13.903976,80931.0,5.0,0.649342,9.721666,11.238252
NCAA:temple,Temple College,228608,2021,2021,False,TX,0.603947,12.812177,0.778947,7.934513,9.074619,42.0,12.858731,17473.0,3.0,0.378289,8.507345,11.185712
NCAA:texas-a-and-m-international,Texas A & M International University,226152,2021,2021,False,TX,0.645395,12.956821,0.7375,7.830028,9.219248,42.0,12.956821,0.0,4.0,0.867105,10.635615,11.115265
NCAA:texas-a-and-m-kingsville,Texas A & M University-Kingsville,228705,2021,2021,False,TX,0.657895,13.000887,0.7625,7.887584,9.363384,38.0,13.000887,0.0,4.0,0.529605,9.268232,11.594358
NCAA:texas-dallas,The University of Texas at Dallas,228787,2021,2021,False,TX,0.363816,12.131263,0.636842,7.554335,8.260315,48.0,12.247114,22795.0,2.0,0.469079,8.997147,10.764625
NCAA:texas-lutheran,Texas Lutheran University,228981,2021,2021,False,TX,0.518421,12.542738,0.017763,5.46806,8.368579,65.0,12.647362,30888.0,6.0,0.259211,7.551187,10.930568
NCAA:thiel,Thiel College,216357,2021,2021,False,PA,0.213158,11.65106,0.355263,7.023759,8.250115,30.0,11.65106,0.0,2.0,0.736842,10.011624,10.780164
NCAA:thomas-more,Thomas More University,157809,2021,2021,False,KY,0.280921,11.873937,0.341447,7.002156,8.185329,40.0,11.915025,6018.0,3.0,0.628289,9.651301,10.650412
NCAA:tiffin,Tiffin University,206048,2021,2021,False,OH,0.601316,12.803207,0.220395,6.723832,8.814369,54.0,12.803207,0.0,4.0,0.681579,9.827955,11.039508
NCAA:transylvania,Transylvania University,157818,2021,2021,False,KY,0.447368,12.358768,0.755921,7.878155,8.574763,44.0,12.358768,0.0,3.0,0.515789,9.23435,11.411479
NCAA:trevecca-nazarene,Trevecca Nazarene University,221892,2021,2021,False,TN,0.771711,13.357445,0.6125,7.513164,9.596311,43.0,13.365244,4952.0,5.0,0.629605,9.653037,11.02285
NCAA:trine,Trine University,152567,2021,2021,False,IN,0.315132,11.985301,0.034211,5.866468,7.908125,59.0,12.061602,12716.0,4.0,0.822368,10.407107,10.995629
NCAA:truman-state,Truman State University,178615,2021,2021,False,MO,0.384868,12.190619,0.632895,7.544332,8.553221,38.0,12.190619,0.0,1.0,0.536842,9.288134,11.034002
NCAA:tufts,Tufts University,168148,2021,2021,False,MA,0.449342,12.363371,0.226316,6.747587,8.51342,47.0,12.530028,42448.0,4.0,0.563158,9.387984,11.196405
NCAA:tusculum,Tusculum University,221953,2021,2021,False,TN,0.654605,12.987565,0.409868,7.122867,9.159026,46.0,12.987565,0.0,3.0,0.802632,10.304576,11.085307
NCAA:tuskegee,Tuskegee University,102377,2021,2021,False,AL,0.351316,12.082763,0.450658,7.205635,8.648946,31.0,12.364208,57467.0,2.0,0.880263,10.698446,11.175283
NCAA:upper-iowa,Upper Iowa University,154493,2021,2021,False,IA,0.611184,12.826711,0.460526,7.229114,8.801507,56.0,12.855096,10711.0,3.0,0.809868,10.338511,10.865726
NCAA:ursinus,Ursinus College,216524,2021,2021,False,PA,0.205921,11.633132,0.032237,5.840642,7.762348,48.0,11.633132,0.0,3.0,0.673684,9.808462,11.006191
NCAA:utica,Utica College,197045,2021,2021,False,NY,0.430263,12.299991,0.370395,7.048386,8.173134,62.0,12.299991,0.0,4.0,0.719079,9.970211,11.275303
NCAA:valdosta-state,Valdosta State University,141264,2021,2021,False,GA,0.632237,12.911709,0.186184,6.641182,9.198236,41.0,12.911709,0.0,3.0,0.944079,11.371638,11.424946
NCAA:valley-forge,University of Valley Forge,216542,2021,2021,False,PA,0.003289,9.642642,0.018421,5.493061,6.699371,19.0,9.809232,2793.0,2.0,0.191447,6.261492,10.035699
NCAA:vassar,Vassar College,197133,2021,2021,False,NY,0.3,11.936106,0.228289,6.754604,8.535099,30.0,11.960274,3735.0,5.0,0.730263,9.998798,11.226589
NCAA:virginia-state,Virginia State University,234155,2021,2021,False,VA,0.021053,10.413102,0.036184,5.886104,7.235739,24.0,10.413102,0.0,3.0,0.136184,0.0,10.772204
NCAA:virginia-wesleyan,Virginia Wesleyan University,234173,2021,2021,False,VA,0.307895,11.95797,0.300658,6.912743,8.108117,47.0,11.95797,0.0,3.0,0.540132,9.296885,11.11194
NCAA:walsh,Walsh University,206437,2021,2021,False,OH,0.715132,13.176393,0.478289,7.259116,9.326333,47.0,13.277738,56290.0,4.0,0.781579,10.215631,11.032678
NCAA:wartburg,Wartburg College,154527,2021,2021,False,IA,0.395395,12.210587,0.469737,7.248504,8.627243,36.0,12.210587,0.0,4.0,0.920395,11.02819,11.173585
NCAA:washburn,Washburn University,156082,2021,2021,False,KS,0.674342,13.051175,0.655921,7.594381,9.119456,51.0,13.051175,0.0,5.0,0.772368,10.20185,11.303278
NCAA:washington-and-lee,Washington and Lee University,234207,2021,2021,False,VA,0.430921,12.30151,0.832237,8.155075,8.900445,30.0,12.386522,19523.0,2.0,0.178289,5.886104,11.352616
NCAA:waynesburg,Waynesburg University,216694,2021,2021,False,PA,0.057895,10.844861,0.184868,6.635947,7.348977,33.0,10.844861,0.0,5.0,0.784868,10.220668,11.017251
NCAA:webster,Webster University,179894,2021,2021,False,MO,0.411184,12.242983,0.685526,7.678789,8.554291,40.0,12.369177,27912.0,3.0,0.6125,9.576094,10.793455
NCAA:wells,Wells College,197230,2021,2021,False,NY,0.0625,10.889454,0.422368,7.144407,7.75437,23.0,10.889454,0.0,3.0,0.356579,8.379539,10.643709
NCAA:west-alabama,University of West Alabama,101587,2021,2021,False,AL,0.767763,13.343809,0.563158,7.427739,9.680309,39.0,13.379107,22417.0,4.0,0.910526,10.925867,11.197036
NCAA:west-florida,The University of West Florida,138354,2021,2021,False,FL,0.671711,13.041821,0.814474,8.074338,9.607899,31.0,13.17466,65536.0,4.0,0.730921,10.002699,11.287103
NCAA:west-liberty,West Liberty University,237932,2021,2021,False,WV,0.459211,12.401487,0.408553,7.121252,8.595006,45.0,12.401487,0.0,4.0,0.363158,8.416046,10.917304
NCAA:west-texas-a-and-m,West Texas A & M University,229814,2021,2021,False,TX,0.759868,13.318009,0.770395,7.915713,9.511419,45.0,13.318009,0.0,3.0,0.926974,11.11382,11.433698
NCAA:west-virginia-state,West Virginia State University,237899,2021,2021,False,WV,0.544079,12.627526,0.357237,7.024649,8.843477,44.0,12.627526,0.0,4.0,0.696711,9.89606,11.099529
NCAA:west-virginia-wesleyan,West Virginia Wesleyan College,237969,2021,2021,False,WV,0.461184,12.410559,0.066447,6.171701,8.316455,60.0,12.410559,0.0,4.0,0.486184,9.07658,10.866337
NCAA:western-oregon,Western Oregon University,210429,2021,2021,False,OR,0.648684,12.970417,0.809211,8.050384,9.281628,40.0,12.970417,0.0,3.0,0.518421,9.248214,11.558854
NCAA:westfield-state,Westfield State University,168263,2021,2021,False,MA,0.161184,11.457022,0.157237,6.568078,7.793862,39.0,11.653383,20517.0,4.0,0.369737,8.446341,10.957102
NCAA:westmont,Westmont College,125727,2021,2021,False,CA,0.663158,13.018244,0.765132,7.897296,9.126531,49.0,12.988471,-13217.0,5.0,0.548026,9.325899,11.348746
NCAA:wheeling,Wheeling University,238078,2021,2021,False,WV,0.667763,13.030382,0.547368,7.403061,9.341588,40.0,13.021794,-3900.0,2.0,0.813816,10.357203,10.93191
NCAA:whitman,Whitman College,237057,2021,2021,False,WA,0.421053,12.277309,0.721053,7.789455,8.910144,29.0,12.487568,50255.0,5.0,0.561184,9.383117,11.003565
NCAA:whitworth,Whitworth University,237066,2021,2021,False,WA,0.370395,12.148406,0.679605,7.667158,8.410954,42.0,12.189511,7922.0,4.0,0.765132,10.178122,10.944188
NCAA:widener,Widener University,216852,2021,2021,False,PA,0.179605,11.540599,0.023026,5.533389,7.803328,42.0,11.687332,16248.0,6.0,0.488158,9.09212,11.000382
NCAA:wilkes,Wilkes University,216931,2021,2021,False,PA,0.203947,11.628564,0.323684,6.966024,8.102497,34.0,11.721337,10913.0,2.0,0.748026,10.106061,11.082096
NCAA:willamette,Willamette University,210401,2021,2021,False,OR,0.377632,12.170264,0.653947,7.592366,8.704689,32.0,12.170264,0.0,3.0,0.559868,9.380421,11.069587
NCAA:william-jewell,William Jewell College,179955,2021,2021,False,MO,0.664474,13.021844,0.663158,7.621685,9.308361,41.0,13.262235,122879.0,3.0,0.838158,10.501527,10.923273
NCAA:william-peace,William Peace University,199272,2021,2021,False,NC,0.246711,11.771992,0.501974,7.298445,7.880542,49.0,11.746811,-3222.0,5.0,0.382237,8.525756,10.710387
NCAA:williams,Williams College,168342,2021,2021,False,MA,0.303947,11.95236,0.040789,5.97381,8.55135,30.0,11.95236,0.0,2.0,0.619737,9.614738,11.166978
NCAA:wilson,Wilson College,217013,2021,2021,False,PA,0.202632,11.622802,0.398684,7.109879,7.794563,46.0,11.622802,0.0,5.0,0.527632,9.265964,10.168234
NCAA:wingate,Wingate University,199962,2021,2021,False,NC,0.725,13.205336,0.803947,8.029107,9.444213,43.0,13.407102,121451.0,3.0,0.625,9.635739,11.180832
NCAA:winona-state,Winona State University,175272,2021,2021,False,MN,0.592763,12.78195,0.55,7.405496,9.144468,38.0,12.784718,986.0,5.0,0.505263,9.191667,11.36359
NCAA:wisconsin-eau-claire,University of Wisconsin-Eau Claire,240268,2021,2021,False,WI,0.324342,12.01914,0.816447,8.078688,8.883779,23.0,12.416686,80987.0,4.0,0.782895,10.219028,10.830639
NCAA:wisconsin-louisiana-crosse,University of Wisconsin-La Crosse,240329,2021,2021,False,WI,0.276974,11.854982,0.25,6.79794,8.16638,40.0,12.361871,92934.0,4.0,0.519079,9.248695,10.915652
NCAA:wisconsin-lutheran,Wisconsin Lutheran College,240338,2021,2021,False,WI,0.190789,11.58206,0.248684,6.794587,7.821251,43.0,11.616204,3722.0,7.0,0.775658,10.2074,10.895998
NCAA:wisconsin-oshkosh,University of Wisconsin-Oshkosh,240365,2021,2021,False,WI,0.353289,12.098755,0.390132,7.089243,8.385405,41.0,12.098755,0.0,4.0,0.392105,8.582981,10.798166
NCAA:wisconsin-parkside,University of Wisconsin-Parkside,240374,2021,2021,False,WI,0.597368,12.79447,0.553289,7.409742,9.239217,35.0,12.848503,19999.0,1.0,0.315132,8.033983,10.904432
NCAA:wisconsin-platteville,University of Wisconsin-Platteville,240462,2021,2021,False,WI,0.198684,11.615915,0.472368,7.252762,7.902704,41.0,11.323809,-28079.0,2.0,0.599342,9.53878,11.024579
NCAA:wisconsin-stevens-point,University of Wisconsin-Stevens Point,240480,2021,2021,False,WI,0.224342,11.69518,0.202632,6.677083,8.111953,36.0,11.713652,2237.0,2.0,0.438816,8.857088,10.819418
NCAA:wisconsin-stout,University of Wisconsin-Stout,240417,2021,2021,False,WI,0.248026,11.77412,0.394737,7.101676,8.110851,39.0,11.989632,31228.0,3.0,0.693421,9.879861,11.076217
NCAA:wisconsin-superior,University of Wisconsin-Superior,240426,2021,2021,False,WI,0.181579,11.550029,0.349342,7.015712,8.023986,34.0,11.550029,0.0,6.0,0.333553,8.19257,10.794132
NCAA:wisconsin-whitewater,University of Wisconsin-Whitewater,240189,2021,2021,False,WI,0.299342,11.930108,0.376316,7.063048,8.34682,36.0,11.925737,-662.0,7.0,0.220395,6.934397,11.038271
NCAA:wittenberg,Wittenberg University,206525,2021,2021,False,OH,0.314474,11.979686,0.382895,7.080868,8.316363,39.0,12.018875,6374.0,5.0,0.746053,10.098067,10.753147
NCAA:wooster,The College of Wooster,206589,2021,2021,False,OH,0.186184,11.561811,0.171711,6.60665,8.09637,32.0,11.699828,15541.0,3.0,0.436842,8.846641,10.785249
NCAA:worcester-state,Worcester State University,168430,2021,2021,False,MA,0.325,12.020821,0.120395,6.448889,8.587014,31.0,12.159474,24715.0,4.0,0.271711,7.691657,10.993698
NCAA:yeshiva,Yeshiva University,197708,2021,2021,False,NY,0.036842,10.627212,0.128947,6.483107,7.854987,16.0,10.627212,0.0,3.0,0.106579,0.0,10.694328
NCAA:york-pennsylvania,York College of Pennsylvania,217059,2021,2021,False,PA,0.189474,11.574011,0.414474,7.130099,7.936773,38.0,11.698334,14072.0,4.0,0.588158,9.490167,11.036711
NCAA:young-harris,Young Harris College,141361,2021,2021,False,GA,0.754605,13.301264,0.752632,7.871693,9.517146,44.0,13.301264,0.0,5.0,0.663158,9.777074,11.018203
IPEDS:100654,Alabama A & M University,100654,2022,2022,False,AL,0.49757,12.602006,0.708991,8.119994,8.991209,37.0,12.525293,-21943.0,2.0,0.738153,10.866013,11.652226
IPEDS:100663,University of Alabama at Birmingham,100663,2022,2022,False,AL,0.902795,14.069211,0.874848,8.82556,10.35567,41.0,14.158225,119980.0,3.0,0.932564,12.81561,13.088763
IPEDS:100724,Alabama State University,100724,2022,2022,False,AL,0.735723,13.284433,0.53706,7.73718,9.700973,36.0,13.284433,0.0,3.0,0.861482,11.866304,11.641539
IPEDS:100751,The University of Alabama,100751,2022,2022,False,AL,0.988457,15.291888,0.992102,10.37321,11.554228,42.0,14.090453,-3060605.0,3.0,0.995747,14.984022,14.730985
IPEDS:100858,Auburn University,100858,2022,2022,False,AL,0.99514,15.600016,0.99514,10.51026,11.815834,44.0,14.421621,-4123348.0,4.0,0.987849,14.493356,14.50504
IPEDS:101480,Jacksonville State University,101480,2022,2022,False,AL,0.846902,13.748927,0.876063,8.827908,10.252454,33.0,13.748927,0.0,3.0,0.908262,12.40827,12.322642
IPEDS:101879,University of North Alabama,101879,2022,2022,False,AL,0.77825,13.446712,0.839004,8.601718,9.9204,34.0,13.446712,0.0,3.0,0.845687,11.659231,11.69098
IPEDS:102049,Samford University,102049,2022,2022,False,AL,0.924666,14.237412,0.813487,8.485909,10.430778,45.0,14.237412,0.0,10.0,0.883354,12.117296,11.84582
IPEDS:102094,University of South Alabama,102094,2022,2022,False,AL,0.927704,14.275767,0.925881,9.193194,10.56222,41.0,14.275767,0.0,4.0,0.925273,12.696237,12.770338
IPEDS:102368,Troy University,102368,2022,2022,False,AL,0.909478,14.123901,0.835966,8.572628,10.486342,38.0,14.252284,186473.0,3.0,0.917375,12.531704,12.842726
IPEDS:104151,Arizona State University Campus Immersion,104151,2022,2022,False,AZ,0.981774,15.120491,0.981774,9.993465,11.565152,35.0,15.120491,0.0,4.0,0.96051,13.663806,14.020033
IPEDS:104179,University of Arizona,104179,2022,2022,False,AZ,0.994532,15.526898,0.996355,10.51897,11.863343,39.0,14.395209,-3751138.0,4.0,0.986027,14.44996,14.271704
IPEDS:104717,Grand Canyon University,104717,2022,2022,False,AZ,0.941069,14.41238,0.969623,9.829249,10.674733,42.0,14.41238,0.0,4.0,0.919198,12.590035,12.74769
IPEDS:106245,University of Arkansas at Little Rock,106245,2022,2022,False,AR,0.915553,14.150151,0.817132,8.49699,10.4613,40.0,14.150151,0.0,3.0,0.851154,11.704752,12.226218
IPEDS:106397,University of Arkansas,106397,2022,2022,False,AR,0.998177,15.821116,0.998785,10.939373,12.107549,41.0,15.632785,-1275534.0,4.0,0.981166,14.336203,14.393969
IPEDS:106412,University of Arkansas at Pine Bluff,106412,2022,2022,False,AR,0.634265,12.986986,0.523086,7.699842,9.808985,24.0,12.986986,0.0,2.0,0.589915,10.161651,11.433558
IPEDS:106458,Arkansas State University,106458,2022,2022,False,AR,0.828068,13.62305,0.863913,8.772455,9.88543,42.0,13.62305,0.0,4.0,0.922843,12.660855,11.691565
IPEDS:106704,University of Central Arkansas,106704,2022,2022,False,AR,0.81045,13.563724,0.847509,8.66112,9.874895,40.0,13.563724,0.0,5.0,0.873633,11.972064,11.5554
IPEDS:110361,California Baptist University,110361,2022,2022,False,CA,0.952612,14.553934,0.943499,9.388319,10.865073,40.0,14.686749,297235.0,5.0,0.852369,11.731595,12.33585
IPEDS:110422,California Polytechnic State University-San Luis Obispo,110422,2022,2022,False,CA,0.936209,14.348813,0.924058,9.171496,10.685274,39.0,14.497829,273907.0,4.0,0.922236,12.651153,12.186431
IPEDS:110486,California State University-Bakersfield,110486,2022,2022,False,CA,0.892467,14.009837,0.910693,9.068431,10.32099,40.0,14.133666,160097.0,4.0,0.865128,11.905204,11.988451
IPEDS:110556,California State University-Fresno,110556,2022,2022,False,CA,0.944714,14.442427,0.970838,9.837989,11.008455,31.0,14.442427,0.0,4.0,0.941069,13.094326,13.236247
IPEDS:110565,California State University-Fullerton,110565,2022,2022,False,CA,0.942892,14.420486,0.914945,9.095939,10.63632,44.0,14.420486,0.0,4.0,0.848724,11.675495,12.26058
IPEDS:110583,California State University-Long Beach,110583,2022,2022,False,CA,0.95079,14.5034,0.957473,9.636849,10.591402,50.0,14.5034,0.0,4.0,0.857837,11.836197,12.424469
IPEDS:110608,California State University-Northridge,110608,2022,2022,False,CA,0.930134,14.290969,0.917983,9.112066,10.378977,50.0,14.193339,-149639.0,4.0,0.814702,11.340285,12.547547
IPEDS:110617,California State University-Sacramento,110617,2022,2022,False,CA,0.946537,14.452838,0.955043,9.566475,10.956348,33.0,14.452838,0.0,4.0,0.86938,11.928341,12.241922
IPEDS:110635,University of California-Berkeley,110635,2022,2022,False,CA,0.95565,14.586807,0.973269,9.847076,10.897946,40.0,14.057956,-888207.0,4.0,0.975091,14.184061,13.429888
IPEDS:110644,University of California-Davis,110644,2022,2022,False,CA,0.830498,13.649317,0.86695,8.781555,10.215365,31.0,13.649317,0.0,4.0,0.902795,12.335942,12.056325
IPEDS:110653,University of California-Irvine,110653,2022,2022,False,CA,0.947752,14.474748,0.888821,8.893435,10.891247,36.0,14.474748,0.0,4.0,0.849332,11.676735,12.22105
IPEDS:110662,University of California-Los Angeles,110662,2022,2022,False,CA,0.985419,15.188689,0.965978,9.778038,11.499819,40.0,15.188689,0.0,4.0,0.969016,14.041726,14.173889
IPEDS:110671,University of California-Riverside,110671,2022,2022,False,CA,0.852977,13.774771,0.843864,8.642768,10.085932,40.0,13.817442,41854.0,3.0,0.748481,10.907459,11.633425
IPEDS:110680,University of California-San Diego,110680,2022,2022,False,CA,0.928311,14.277004,0.937424,9.32474,10.563457,41.0,14.277004,0.0,4.0,0.86209,11.868864,11.403032
IPEDS:110705,University of California-Santa Barbara,110705,2022,2022,False,CA,0.954435,14.570028,0.945322,9.405825,10.808848,43.0,14.570028,0.0,4.0,0.900365,12.313433,12.080135
IPEDS:117946,Loyola Marymount University,117946,2022,2022,False,CA,0.944107,14.430768,0.936817,9.313077,10.875438,35.0,14.430768,0.0,4.0,0.925881,12.696948,12.061353
IPEDS:120883,University of the Pacific,120883,2022,2022,False,CA,0.925273,14.239454,0.904617,9.036344,10.684128,35.0,14.239454,0.0,4.0,0.879708,12.070797,12.120215
IPEDS:120883,Pacific University,209612,2022,2022,False,OR,0.577764,12.793629,0.693803,8.087333,8.76843,56.0,12.793629,0.0,7.0,0.735723,10.851122,11.131665
IPEDS:121150,Pepperdine University,121150,2022,2022,False,CA,0.941677,14.412921,0.918591,9.113829,10.699371,41.0,14.412921,0.0,4.0,0.920413,12.630808,12.268921
IPEDS:122409,San Diego State University,122409,2022,2022,False,CA,0.929526,14.286504,0.96294,9.731156,10.597649,40.0,14.525815,433027.0,3.0,0.943499,13.160102,13.271194
IPEDS:122436,University of San Diego,122436,2022,2022,False,CA,0.916768,14.152531,0.931349,9.221972,10.626194,34.0,14.152531,0.0,4.0,0.898542,12.295392,12.031547
IPEDS:122612,University of San Francisco,122612,2022,2022,False,CA,0.942284,14.419086,0.91373,9.093919,10.78152,38.0,14.419086,0.0,4.0,0.883961,12.118143,12.157092
IPEDS:122755,San Jose State University,122755,2022,2022,False,CA,0.894897,14.019341,0.865128,8.773694,10.235186,44.0,14.019341,0.0,3.0,0.940462,13.072604,12.1722
IPEDS:122931,Santa Clara University,122931,2022,2022,False,CA,0.952005,14.528216,0.921628,9.150484,10.790567,42.0,14.528216,0.0,4.0,0.91373,12.473853,12.297758
IPEDS:123554,Saint Mary's College of California,123554,2022,2022,False,CA,0.940462,14.402303,0.921021,9.145802,10.664657,42.0,14.402303,0.0,4.0,0.907655,12.400162,12.680852
IPEDS:123554,St. Mary's University,228149,2022,2022,False,TX,0.804374,13.534208,0.44836,7.571988,9.526946,55.0,13.546624,9430.0,5.0,0.520656,9.856134,11.253766
IPEDS:123961,University of Southern California,123961,2022,2022,False,CA,0.982382,15.134701,0.947145,9.41532,11.397042,42.0,15.134701,0.0,3.0,0.998177,15.095888,14.337841
IPEDS:127741,University of Northern Colorado,127741,2022,2022,False,CO,0.58627,12.812297,0.846902,8.657651,9.201477,37.0,12.812297,0.0,4.0,0.888214,12.160442,11.706492
IPEDS:128771,Central Connecticut State University,128771,2022,2022,False,CT,0.856015,13.799697,0.809235,8.450412,10.03854,43.0,13.799697,0.0,4.0,0.651276,10.453197,11.804617
IPEDS:129020,University of Connecticut,129020,2022,2022,False,CT,0.955043,14.570801,0.976306,9.870758,10.83315,42.0,14.570801,0.0,3.0,0.964156,13.883805,13.680616
IPEDS:129242,Fairfield University,129242,2022,2022,False,CT,0.866343,13.858149,0.856622,8.701845,10.247265,37.0,13.858149,0.0,4.0,0.841434,11.618771,11.970116
IPEDS:129525,University of Hartford,129525,2022,2022,False,CT,0.82503,13.611134,0.852369,8.689464,10.084814,34.0,13.611134,0.0,3.0,0.764277,11.008976,11.671321
IPEDS:129941,University of New Haven,129941,2022,2022,False,CT,0.714459,13.221053,0.707776,8.119101,9.755374,32.0,13.221053,0.0,3.0,0.599635,10.198877,11.451826
IPEDS:130226,Quinnipiac University,130226,2022,2022,False,CT,0.874241,13.896597,0.035844,6.242223,10.43089,32.0,13.896597,0.0,4.0,0.85723,11.835574,12.522626
IPEDS:130253,Sacred Heart University,130253,2022,2022,False,CT,0.81288,13.57146,0.842041,8.619569,9.810313,43.0,13.57146,0.0,4.0,0.875456,11.993343,11.476469
IPEDS:130794,Yale University,130794,2022,2022,False,CT,0.91373,14.142426,0.891859,8.942722,10.645941,33.0,14.142426,0.0,4.0,0.953827,13.46229,12.319781
IPEDS:130934,Delaware State University,130934,2022,2022,False,DE,0.614824,12.905165,0.622114,7.912789,9.378886,34.0,12.905165,0.0,3.0,0.668894,10.519403,11.974235
IPEDS:130943,University of Delaware,130943,2022,2022,False,DE,0.885176,13.960434,0.898542,9.000113,10.271588,40.0,13.960434,0.0,4.0,0.902187,12.331268,12.594893
IPEDS:131469,George Washington University,131469,2022,2022,False,DC,0.919806,14.178399,0.873026,8.818778,10.652061,34.0,14.178399,0.0,4.0,0.870595,11.932326,12.147479
IPEDS:131496,Georgetown University,131496,2022,2022,False,DC,0.9113,14.133235,0.927096,9.201501,10.495675,38.0,14.133235,0.0,5.0,0.968408,14.040279,13.374443
IPEDS:131496,Georgetown College,156745,2022,2022,False,KY,0.919198,14.172117,0.107533,6.769642,9.8955,72.0,14.172117,0.0,3.0,0.6452,10.420583,11.073971
IPEDS:132602,Bethune-Cookman University,132602,2022,2022,False,FL,0.77582,13.439544,0.902187,9.023649,9.802011,38.0,13.439544,0.0,3.0,0.874848,11.982429,11.924538
IPEDS:132903,College of Central Florida,132851,2022,2022,False,FL,0.600243,12.866689,0.81774,8.49699,9.608657,26.0,12.866689,0.0,2.0,0.056501,0.0,10.841951
IPEDS:132903,University of Central Florida,132903,2022,2022,False,FL,0.950182,14.498695,0.90158,9.020148,10.835152,39.0,14.804204,707548.0,4.0,0.955043,13.509007,13.610058
IPEDS:133650,Florida Agricultural and Mechanical University,133650,2022,2022,False,FL,0.829283,13.632575,0.927704,9.202006,9.919051,41.0,13.632575,0.0,3.0,0.903402,12.365931,11.577476
IPEDS:133669,Florida Atlantic University,133669,2022,2022,False,FL,0.907655,14.107341,0.939247,9.361601,10.469782,38.0,14.107341,0.0,4.0,0.871203,11.93301,12.547564
IPEDS:133951,Florida International University,133951,2022,2022,False,FL,0.899149,14.026596,0.896112,8.983565,10.26543,43.0,14.031378,5920.0,3.0,0.909478,12.417985,12.85915
IPEDS:134097,Florida State University,134097,2022,2022,False,FL,0.993925,15.496112,0.989672,10.296239,11.782548,41.0,15.2958,-974570.0,4.0,0.966586,14.014139,14.16484
IPEDS:134130,University of Florida,134130,2022,2022,False,FL,0.991495,15.415871,0.99757,10.644162,11.832359,36.0,15.013152,-1642524.0,4.0,0.990887,14.612404,14.52532
IPEDS:134945,Jacksonville University,134945,2022,2022,False,FL,0.934994,14.345212,0.886391,8.882669,10.734315,37.0,14.345212,0.0,4.0,0.845079,11.657286,11.736893
IPEDS:135726,University of Miami,135726,2022,2022,False,FL,0.990887,15.38455,0.979951,9.958922,11.801038,36.0,15.38455,0.0,4.0,0.991495,14.663095,14.591719
IPEDS:136172,University of North Florida,136172,2022,2022,False,FL,0.808019,13.55037,0.85723,8.702843,9.886858,39.0,13.55037,0.0,4.0,0.795261,11.206984,11.720338
IPEDS:137351,University of South Florida,137351,2022,2022,False,FL,0.927096,14.261847,0.939854,9.361601,10.524204,42.0,14.261847,0.0,4.0,0.957473,13.602533,13.4153
IPEDS:137546,Stetson University,137546,2022,2022,False,FL,0.947145,14.474325,0.909478,9.05975,10.713147,43.0,14.474325,0.0,4.0,0.90887,12.416836,11.670835
IPEDS:139755,Georgia Institute of Technology-Main Campus,139755,2022,2022,False,GA,0.972661,14.921337,0.982989,10.041901,11.283763,38.0,14.776376,-407763.0,4.0,0.979344,14.271933,14.106057
IPEDS:139931,Georgia Southern University,139931,2022,2022,False,GA,0.867558,13.862142,0.925273,9.184407,10.1733,40.0,13.862142,0.0,5.0,0.9113,12.46468,12.260618
IPEDS:139940,Georgia State University,139940,2022,2022,False,GA,0.90887,14.115497,0.900972,9.018453,10.377858,42.0,14.115497,0.0,4.0,0.896112,12.251404,12.656693
IPEDS:139959,University of Georgia,139959,2022,2022,False,GA,0.980559,15.078383,0.965371,9.773436,11.249755,46.0,13.75911,-2590404.0,3.0,1.0,15.489199,14.579583
IPEDS:140447,Mercer University,140447,2022,2022,False,GA,0.914945,14.147516,0.859052,8.708474,10.318907,46.0,14.147516,0.0,3.0,0.919806,12.595222,11.930537
IPEDS:141334,University of West Georgia,141334,2022,2022,False,GA,0.734508,13.279126,0.759417,8.282736,9.695667,36.0,13.279126,0.0,3.0,0.606318,10.225209,11.800297
IPEDS:141574,University of Hawaii at Manoa,141574,2022,2022,False,HI,0.95322,14.56495,0.978736,9.92427,11.038605,34.0,14.089137,-801089.0,4.0,0.938639,13.017993,12.333683
IPEDS:143358,Bradley University,143358,2022,2022,False,IL,0.905225,14.082086,0.903402,9.032887,10.555751,34.0,14.082086,0.0,4.0,0.86452,11.897582,12.649768
IPEDS:144892,Eastern Illinois University,144892,2022,2022,False,IL,0.795869,13.507721,0.86452,8.772765,9.870185,38.0,13.507721,0.0,4.0,0.842041,11.619041,11.515781
IPEDS:145600,University of Illinois Chicago,145600,2022,2022,False,IL,0.879708,13.920533,0.87181,8.81329,10.337045,36.0,13.920533,0.0,4.0,0.877278,12.021086,11.954639
IPEDS:145637,University of Illinois Urbana-Champaign,145637,2022,2022,False,IL,0.958688,14.633857,0.961118,9.717339,10.970312,39.0,12.983071,-1831762.0,4.0,0.985419,14.44086,14.136208
IPEDS:145637,Illinois College,145691,2022,2022,False,IL,0.365735,12.279644,0.421628,7.528332,8.272561,55.0,12.279644,0.0,2.0,0.702309,10.691899,10.952559
IPEDS:145813,Illinois State University,145813,2022,2022,False,IL,0.893074,14.013765,0.900365,9.017968,10.350235,39.0,14.013765,0.0,3.0,0.896719,12.251811,12.339313
IPEDS:147703,Northern Illinois University,147703,2022,2022,False,IL,0.820778,13.603177,0.892467,8.942853,10.106709,33.0,13.603177,0.0,3.0,0.913123,12.472046,12.25041
IPEDS:147767,Northwestern University,147767,2022,2022,False,IL,0.94593,14.445736,0.942892,9.37983,11.011765,31.0,11.494548,-1779855.0,3.0,0.967801,14.02928,14.101841
IPEDS:147767,Northwestern College,154101,2022,2022,False,IA,0.747266,13.316483,0.212637,7.130099,9.309239,55.0,13.316483,0.0,4.0,0.488457,9.706438,10.916923
IPEDS:149222,Southern Illinois University-Carbondale,149222,2022,2022,False,IL,0.813487,13.571875,0.811665,8.472196,10.137926,31.0,13.571875,0.0,3.0,0.885784,12.123408,12.348839
IPEDS:149231,Southern Illinois University-Edwardsville,149231,2022,2022,False,IL,0.817132,13.587329,0.90401,9.033365,10.15338,31.0,13.587329,0.0,3.0,0.831713,11.513915,11.627075
IPEDS:149772,Western Illinois University,149772,2022,2022,False,IL,0.690158,13.139683,0.819563,8.506334,9.556232,36.0,13.139683,0.0,4.0,0.848117,11.673214,11.645785
IPEDS:150136,Ball State University,150136,2022,2022,False,IN,0.921628,14.200476,0.930741,9.214631,10.536941,39.0,14.200476,0.0,4.0,0.893682,12.203645,12.466581
IPEDS:150163,Butler University,150163,2022,2022,False,IN,0.894289,14.01897,0.897934,8.995413,10.04872,53.0,14.037226,22581.0,4.0,0.904617,12.378495,12.82188
IPEDS:150534,University of Evansville,150534,2022,2022,False,IN,0.905832,14.08558,0.832321,8.550241,10.474689,37.0,14.08558,0.0,4.0,0.811057,11.317616,11.652861
IPEDS:151102,Purdue University Fort Wayne,151102,2022,2022,False,IN,0.717497,13.227613,0.85966,8.711608,9.644157,36.0,13.250625,12931.0,4.0,0.832321,11.514025,11.191769
IPEDS:151306,University of Southern Indiana,151306,2022,2022,False,IN,0.702309,13.182566,0.722965,8.173575,9.46907,41.0,13.195605,6969.0,6.0,0.757594,10.956213,11.143643
IPEDS:151324,Indiana State University,151324,2022,2022,False,IN,0.890644,13.994296,0.878493,8.849084,10.062512,51.0,13.994296,0.0,4.0,0.914945,12.498813,12.220942
IPEDS:151351,Indiana University-Bloomington,151351,2022,2022,False,IN,0.961118,14.649154,0.941677,9.369137,10.887972,43.0,14.649154,0.0,4.0,0.982989,14.358831,13.842452
IPEDS:152080,University of Notre Dame,152080,2022,2022,False,IN,0.984812,15.188251,0.987849,10.209685,11.317062,48.0,15.188251,0.0,4.0,0.99271,14.669745,14.140303
IPEDS:152080,Notre Dame College,204468,2022,2022,False,OH,0.425273,12.418843,0.572904,7.807103,8.835465,36.0,12.418843,0.0,3.0,0.654313,10.471723,10.665228
IPEDS:152600,Valparaiso University,152600,2022,2022,False,IN,0.895504,14.019607,0.932564,9.231613,10.464286,35.0,13.889053,-150102.0,4.0,0.866343,11.914891,11.720955
IPEDS:153658,University of Iowa,153658,2022,2022,False,IA,0.975699,14.993051,0.978129,9.9121,11.186402,45.0,13.320699,-2636695.0,4.0,0.971446,14.139197,14.525448
IPEDS:155317,University of Kansas,155317,2022,2022,False,KS,0.965978,14.777142,0.975091,9.861519,10.970497,45.0,13.041546,-2154781.0,5.0,0.973269,14.153296,14.569815
IPEDS:155399,Kansas State University,155399,2022,2022,False,KS,0.969623,14.818229,0.964763,9.770242,11.080575,42.0,12.472348,-2464663.0,3.0,0.970838,14.131147,14.387268
IPEDS:156125,Wichita State University,156125,2022,2022,False,KS,0.963548,14.724638,0.968408,9.801787,11.011082,41.0,14.724638,0.0,5.0,0.907047,12.399219,12.826025
IPEDS:156286,Bellarmine University,156286,2022,2022,False,KY,0.809235,13.555265,0.90644,9.046291,9.971791,36.0,13.555265,0.0,4.0,0.823815,11.435191,11.580313
IPEDS:156620,Eastern Kentucky University,156620,2022,2022,False,KY,0.887606,13.974022,0.844471,8.649098,10.102861,48.0,13.974022,0.0,4.0,0.897934,12.28763,12.017403
IPEDS:157085,University of Kentucky,157085,2022,2022,False,KY,0.975091,14.984032,0.967801,9.788806,11.320482,39.0,14.984032,0.0,4.0,0.992102,14.666012,14.68471
IPEDS:157289,University of Louisville,157289,2022,2022,False,KY,0.99271,15.465049,0.991495,10.346826,11.801494,39.0,15.465049,0.0,4.0,0.978736,14.260443,14.041248
IPEDS:157386,Morehead State University,157386,2022,2022,False,KY,0.814095,13.575134,0.870595,8.804175,9.964262,37.0,13.575134,0.0,3.0,0.842649,11.620119,11.511114
IPEDS:157401,Murray State University,157401,2022,2022,False,KY,0.783718,13.459966,0.860267,8.740817,9.904667,35.0,13.406837,-36261.0,4.0,0.912515,12.470753,11.916576
IPEDS:157401,Murray State College,207236,2022,2022,False,OK,0.228433,11.896199,0.178007,7.041412,8.232897,39.0,11.911057,2196.0,4.0,0.337181,8.676417,10.753916
IPEDS:157447,Northern Kentucky University,157447,2022,2022,False,KY,0.845079,13.742169,0.899757,9.007367,10.276466,32.0,13.742169,0.0,4.0,0.831106,11.508988,11.869109
IPEDS:157951,Western Kentucky University,157951,2022,2022,False,KY,0.90401,14.078221,0.868165,8.785234,10.271592,45.0,14.078221,0.0,3.0,0.939854,13.065666,13.011249
IPEDS:159009,Grambling State University,159009,2022,2022,False,LA,0.72418,13.246127,0.837181,8.581482,9.608606,38.0,12.795084,-205433.0,2.0,0.835966,11.556703,12.122153
IPEDS:159391,Louisiana State University and Agricultural & Mechanical College,159391,2022,2022,False,LA,0.995747,15.60426,0.99271,10.418853,11.820078,44.0,15.618303,84595.0,4.0,0.981774,14.337348,14.741121
IPEDS:159647,Louisiana Tech University,159647,2022,2022,False,LA,0.912515,14.137007,0.951397,9.479298,10.448156,40.0,14.172292,49534.0,4.0,0.933779,12.874568,12.8399
IPEDS:159717,McNeese State University,159717,2022,2022,False,LA,0.818348,13.593322,0.752734,8.259199,9.832174,43.0,13.624551,25402.0,4.0,0.886999,12.152245,12.182778
IPEDS:159939,University of New Orleans,159939,2022,2022,False,LA,0.832928,13.653855,0.848117,8.665096,9.702671,52.0,13.522481,-104734.0,4.0,0.643985,10.409371,11.59608
IPEDS:159966,Nicholls State University,159966,2022,2022,False,LA,0.78068,13.453893,0.743013,8.226306,9.52214,51.0,13.453879,-10.0,7.0,0.808019,11.293824,11.778945
IPEDS:159993,University of Louisiana at Monroe,159993,2022,2022,False,LA,0.886999,13.970422,0.896719,8.98507,10.120314,47.0,13.970422,0.0,4.0,0.882139,12.102422,12.121402
IPEDS:160038,Northwestern State University of Louisiana,160038,2022,2022,False,LA,0.821385,13.604287,0.774605,8.326033,9.915456,40.0,13.806065,181006.0,4.0,0.893074,12.199028,11.779711
IPEDS:160612,Southeastern Louisiana University,160612,2022,2022,False,LA,0.896719,14.02413,0.879101,8.849371,10.262964,43.0,14.02413,0.0,3.0,0.807412,11.292366,11.905285
IPEDS:160621,Southern University and A & M College,160621,2022,2022,False,LA,0.735115,13.28357,0.683475,8.069342,9.294676,54.0,12.55917,-302770.0,3.0,0.824423,11.438342,11.806706
IPEDS:160658,Louisiana College,159568,2022,2022,False,LA,0.465978,12.520464,0.487849,7.643004,8.736431,44.0,12.520464,0.0,3.0,0.702916,10.693693,11.003665
IPEDS:160658,University of Louisiana at Lafayette,160658,2022,2022,False,LA,0.967193,14.795773,0.984204,10.063564,11.106908,40.0,14.795773,0.0,4.0,0.930134,12.74659,13.267419
IPEDS:160755,Tulane University of Louisiana,160755,2022,2022,False,LA,0.970838,14.889723,0.952612,9.499421,11.200857,40.0,15.38899,1895717.0,4.0,0.952612,13.366194,13.660627
IPEDS:161253,University of Maine,161253,2022,2022,False,ME,0.849939,13.768865,0.928311,9.208539,10.213553,35.0,13.768865,0.0,3.0,0.914338,12.497267,11.968405
IPEDS:162283,Coppin State University,162283,2022,2022,False,MD,0.498177,12.602497,0.134872,6.884487,9.076247,34.0,11.974128,-138702.0,4.0,0.281288,8.108924,11.577439
IPEDS:163268,University of Maryland-Baltimore County,163268,2022,2022,False,MD,0.823208,13.606709,0.721142,8.166216,9.84556,43.0,13.606709,0.0,4.0,0.82503,11.439117,11.906136
IPEDS:163286,University of Maryland-College Park,163286,2022,2022,False,MD,0.956258,14.600945,0.977521,9.892578,11.135223,32.0,13.430295,-1513056.0,4.0,0.984812,14.419965,14.023877
IPEDS:163338,University of Maryland Eastern Shore,163338,2022,2022,False,MD,0.656744,13.044644,0.387606,7.489412,9.433804,37.0,13.042972,-773.0,2.0,0.693196,10.648017,11.649203
IPEDS:163462,Mount St. Mary's University,163462,2022,2022,False,MD,0.720535,13.236201,0.785541,8.370084,9.598681,38.0,13.236201,0.0,4.0,0.844471,11.643348,11.42862
IPEDS:164076,Towson University,164076,2022,2022,False,MD,0.839611,13.70583,0.91616,9.105646,9.992302,41.0,13.70583,0.0,4.0,0.905225,12.388798,12.42174
IPEDS:164924,Boston College,164924,2022,2022,False,MA,0.96051,14.641497,0.973876,9.847552,10.977952,39.0,14.641497,0.0,4.0,0.965978,13.956249,13.552101
IPEDS:166027,Harvard University,166027,2022,2022,False,MA,0.789186,13.486979,0.914338,9.09448,9.990516,33.0,13.486979,0.0,4.0,0.95808,13.61932,12.108978
IPEDS:166124,College of the Holy Cross,166124,2022,2022,False,MA,0.722357,13.242503,0.884569,8.875007,9.746052,33.0,13.242503,0.0,4.0,0.931956,12.769111,11.884344
IPEDS:166513,University of Massachusetts-Lowell,166513,2022,2022,False,MA,0.884569,13.95016,0.919198,9.11603,10.312607,38.0,13.95016,0.0,4.0,0.888821,12.172986,12.201824
IPEDS:166629,University of Massachusetts-Amherst,166629,2022,2022,False,MA,0.678007,13.100876,0.867558,8.782169,9.545598,35.0,13.100876,0.0,3.0,0.949575,13.292531,12.911294
IPEDS:166850,Merrimack College,166850,2022,2022,False,MA,0.851762,13.770662,0.845687,8.651025,10.403395,29.0,13.770662,0.0,3.0,0.873026,11.960338,11.641732
IPEDS:167358,Northeastern University,167358,2022,2022,False,MA,0.943499,14.422068,0.953827,9.520762,10.708517,41.0,14.422068,0.0,4.0,0.877886,12.037417,12.388611
IPEDS:167996,Stonehill College,167996,2022,2022,False,MA,0.463548,12.511478,0.488457,7.643483,9.015088,33.0,12.606133,26948.0,4.0,0.786756,11.135421,11.106835
IPEDS:169248,Central Michigan University,169248,2022,2022,False,MI,0.876063,13.904367,0.899149,9.005405,10.166735,42.0,13.904367,0.0,4.0,0.946537,13.232191,12.904474
IPEDS:169798,Eastern Michigan University,169798,2022,2022,False,MI,0.863305,13.83661,0.890036,8.917177,10.147769,40.0,13.83661,0.0,5.0,0.944714,13.1842,12.462755
IPEDS:170976,University of Michigan-Ann Arbor,170976,2022,2022,False,MI,0.982989,15.141028,0.985419,10.119163,11.403369,42.0,13.652608,-2914459.0,4.0,0.996962,15.035545,13.898809
IPEDS:171100,Michigan State University,171100,2022,2022,False,MI,0.95808,14.613354,0.970231,9.834566,11.002452,37.0,13.020831,-1769020.0,4.0,0.975699,14.201265,14.489605
IPEDS:171571,Oakland University,171571,2022,2022,False,MI,0.799514,13.519011,0.883961,8.874868,9.935539,36.0,13.519011,0.0,4.0,0.798906,11.258175,11.876672
IPEDS:172699,Western Michigan University,172699,2022,2022,False,MI,0.827461,13.620671,0.874241,8.82247,10.186721,31.0,13.620671,0.0,3.0,0.918591,12.589667,12.801246
IPEDS:174066,University of Minnesota-Twin Cities,174066,2022,2022,False,MN,0.959295,14.639103,0.971446,9.838416,10.975558,39.0,12.80996,-1912828.0,4.0,0.980559,14.335178,13.959634
IPEDS:174914,St. Thomas University,137476,2022,2022,False,FL,0.775213,13.438201,0.795869,8.411166,9.774695,39.0,13.470487,22500.0,6.0,0.648846,10.434792,10.727948
IPEDS:174914,University of St Thomas,174914,2022,2022,False,MN,0.750911,13.329434,0.880923,8.8578,10.151418,24.0,13.329434,0.0,4.0,0.892467,12.198418,11.820373
IPEDS:174914,University of St Thomas,227863,2022,2022,False,TX,0.36209,12.266354,0.472661,7.618742,8.31535,52.0,12.266354,0.0,2.0,0.273998,8.007034,10.615481
IPEDS:175342,Alcorn State University,175342,2022,2022,False,MS,0.495747,12.590396,0.348724,7.410952,9.258283,28.0,12.590396,0.0,2.0,0.669502,10.519916,11.661354
IPEDS:175856,Jackson State University,175856,2022,2022,False,MS,0.727217,13.254419,0.512758,7.685244,9.493293,43.0,13.254419,0.0,3.0,0.603281,10.213212,12.125161
IPEDS:176017,University of Mississippi,176017,2022,2022,False,MS,0.999392,15.931207,1.0,11.117554,12.21764,41.0,15.927356,-31888.0,4.0,0.987242,14.464792,14.724558
IPEDS:176017,Mississippi College,176053,2022,2022,False,MS,0.721142,13.23708,0.720535,8.163656,9.681793,35.0,13.347321,65357.0,3.0,0.68226,10.574926,11.248087
IPEDS:176044,Mississippi Valley State University,176044,2022,2022,False,MS,0.44593,12.469863,0.753949,8.262043,8.914645,35.0,12.469863,0.0,4.0,0.239976,7.559038,11.210536
IPEDS:176080,Mississippi State University,176080,2022,2022,False,MS,0.993317,15.479887,0.996962,10.546525,11.842308,38.0,15.479887,0.0,4.0,0.965371,13.936437,14.487832
IPEDS:176372,University of Southern Mississippi,176372,2022,2022,False,MS,0.962333,14.654827,0.897327,8.989444,10.991282,39.0,14.654827,0.0,4.0,0.917983,12.550719,12.561311
IPEDS:177968,Lindenwood University,177968,2022,2022,False,MO,0.763062,13.37818,0.564399,7.793587,9.283927,60.0,13.37818,0.0,5.0,0.839004,11.579425,11.298828
IPEDS:178396,University of Missouri-Columbia,178396,2022,2022,False,MO,0.965371,14.766289,0.959295,9.675583,10.982116,44.0,14.766289,0.0,4.0,0.983597,14.359155,14.036922
IPEDS:179159,Saint Louis University,179159,2022,2022,False,MO,0.922843,14.217324,0.940462,9.365719,10.690985,34.0,14.217324,0.0,4.0,0.90644,12.399021,13.433238
IPEDS:179557,Southeast Missouri State University,179557,2022,2022,False,MO,0.821993,13.604641,0.809842,8.456381,9.967101,38.0,13.604641,0.0,3.0,0.856015,11.817855,12.029198
IPEDS:179566,Missouri State University-Springfield,179566,2022,2022,False,MO,0.933171,14.313791,0.944714,9.402612,10.787451,34.0,14.313791,0.0,3.0,0.926488,12.70228,12.33614
IPEDS:181002,Creighton University,181002,2022,2022,False,NE,0.948967,14.485338,0.954435,9.535607,10.724159,43.0,14.104273,-619125.0,3.0,0.951397,13.34856,13.264462
IPEDS:181394,University of Nebraska at Omaha,181394,2022,2022,False,NE,0.873026,13.887616,0.933779,9.264071,10.3323,35.0,13.429726,-394852.0,3.0,0.839611,11.598543,11.668432
IPEDS:181464,University of Nebraska-Lincoln,181464,2022,2022,False,NE,0.969016,14.811114,0.95808,9.640108,11.026941,44.0,14.383751,-941199.0,4.0,0.978129,14.256213,14.006397
IPEDS:182281,University of Nevada-Las Vegas,182281,2022,2022,False,NV,0.91616,14.151536,0.924666,9.171703,10.540644,37.0,13.270685,-819432.0,4.0,0.964763,13.913572,13.000555
IPEDS:182290,University of Nevada-Reno,182290,2022,2022,False,NV,0.94836,14.482678,0.963548,9.746541,10.74503,42.0,14.482678,0.0,3.0,0.95079,13.345547,13.146017
IPEDS:182670,Dartmouth College,182670,2022,2022,False,NH,0.739368,13.294596,0.873633,8.820699,9.860659,31.0,13.294596,0.0,4.0,0.961118,13.698508,11.942472
IPEDS:184603,Fairleigh Dickinson University-Metropolitan Campus,184603,2022,2022,False,NJ,0.781896,13.456526,0.78068,8.340456,9.743011,41.0,13.456526,0.0,4.0,0.808627,11.297601,11.709914
IPEDS:185572,Monmouth College,147341,2022,2022,False,IL,0.152491,11.597267,0.22418,7.154615,7.96002,38.0,11.597267,0.0,3.0,0.624544,10.320453,10.658717
IPEDS:185572,Monmouth University,185572,2022,2022,False,NJ,0.896112,14.020963,0.816525,8.496786,10.259797,43.0,14.020963,0.0,4.0,0.874241,11.97303,11.977338
IPEDS:185828,New Jersey Institute of Technology,185828,2022,2022,False,NJ,0.885784,13.960597,0.916768,9.105979,10.349711,37.0,13.960597,0.0,4.0,0.8548,11.810508,11.531521
IPEDS:186131,Princeton University,186131,2022,2022,False,NJ,0.767315,13.407648,0.923451,9.169206,10.149589,26.0,13.407648,0.0,4.0,0.96294,13.729449,12.115289
IPEDS:186283,Rider University,186283,2022,2022,False,NJ,0.818955,13.594371,0.789793,8.390041,10.298567,27.0,13.594371,0.0,3.0,0.777643,11.076388,11.577308
IPEDS:186380,Rutgers University-New Brunswick,186380,2022,2022,False,NJ,0.968408,14.810575,0.988457,10.224411,11.173002,38.0,14.810575,0.0,7.0,0.989672,14.581422,13.832931
IPEDS:186432,Saint Peter's University,186432,2022,2022,False,NJ,0.561361,12.755932,0.72175,8.168203,9.354819,30.0,12.755932,0.0,3.0,0.509721,9.818311,11.950909
IPEDS:186584,Seton Hall University,186584,2022,2022,False,NJ,0.926488,14.248017,0.938639,9.352621,10.510374,42.0,14.248017,0.0,5.0,0.890036,12.174381,13.405457
IPEDS:187985,University of New Mexico-Main Campus,187985,2022,2022,False,NM,0.917375,14.156494,0.893074,8.942853,10.467642,40.0,14.156494,0.0,4.0,0.947752,13.240649,12.731029
IPEDS:188030,New Mexico State University-Main Campus,188030,2022,2022,False,NM,0.925881,14.241491,0.944107,9.393245,10.577954,39.0,14.241491,0.0,3.0,0.931349,12.766911,12.611114
IPEDS:189705,Canisius College,189705,2022,2022,False,NY,0.807412,13.550139,0.865735,8.776013,9.886627,39.0,13.550139,0.0,3.0,0.860267,11.843703,11.615004
IPEDS:190150,Columbia College,177065,2022,2022,False,MO,0.704131,13.189575,0.436817,7.554859,9.361018,46.0,13.189575,0.0,3.0,0.386999,9.037415,11.025507
IPEDS:190150,Columbia University in the City of New York,190150,2022,2022,False,NY,0.876671,13.911794,0.930134,9.214233,10.22295,40.0,13.911794,0.0,4.0,0.95322,13.373094,12.316692
IPEDS:190415,Cornell College,153162,2022,2022,False,IA,0.405225,12.359506,0.419806,7.527794,8.200893,64.0,12.467348,26551.0,5.0,0.73633,10.860671,10.875799
IPEDS:190415,Cornell University,190415,2022,2022,False,NY,0.777035,13.44505,0.788578,8.381603,9.889751,35.0,13.484949,28104.0,4.0,0.956258,13.566457,12.036884
IPEDS:191241,Fordham University,191241,2022,2022,False,NY,0.932564,14.310749,0.919806,9.131189,10.755421,35.0,14.310749,0.0,4.0,0.95565,13.538369,12.417836
IPEDS:191649,Hofstra University,191649,2022,2022,False,NY,0.923451,14.227562,0.915553,9.10231,10.538708,40.0,14.227562,0.0,4.0,0.846902,11.670792,11.993807
IPEDS:191931,Iona College,191931,2022,2022,False,NY,0.688335,13.135617,0.682868,8.065579,9.669942,32.0,13.135617,0.0,2.0,0.869988,11.931208,12.165891
IPEDS:192323,Le Moyne College,192323,2022,2022,False,NY,0.738761,13.294456,0.784326,8.35491,9.798002,33.0,13.333956,23928.0,2.0,0.600243,10.204629,11.253973
IPEDS:192448,Long Island University,192448,2022,2022,False,NY,0.874848,13.899295,0.895504,8.976389,10.315809,36.0,13.899295,0.0,3.0,0.895504,12.234077,11.5729
IPEDS:192703,Manhattan College,192703,2022,2022,False,NY,0.63062,12.972398,0.8548,8.696845,9.283609,40.0,12.972398,0.0,3.0,0.72418,10.801451,11.696413
IPEDS:192819,Marist College,192819,2022,2022,False,NY,0.865735,13.852313,0.882746,8.873748,10.163471,40.0,13.852313,0.0,3.0,0.910085,12.439638,11.686946
IPEDS:193973,Niagara University,193973,2022,2022,False,NY,0.758202,13.369227,0.826245,8.522579,9.758365,37.0,13.369227,0.0,2.0,0.843864,11.63385,11.56474
IPEDS:195164,St Bonaventure University,195164,2022,2022,False,NY,0.77096,13.415272,0.855407,8.697346,9.918812,33.0,13.415272,0.0,2.0,0.891252,12.178049,12.549854
IPEDS:195474,Siena College,195474,2022,2022,False,NY,0.778858,13.450384,0.779465,8.339262,9.866916,36.0,13.450384,0.0,2.0,0.85966,11.842725,11.605988
IPEDS:195809,St. John's University-New York,195809,2022,2022,False,NY,0.921021,14.192024,0.929526,9.212937,10.581131,37.0,14.192024,0.0,4.0,0.90401,12.375081,13.128662
IPEDS:196060,SUNY at Albany,196060,2022,2022,False,NY,0.797691,13.511526,0.831713,8.547334,10.077579,31.0,13.501375,-7452.0,3.0,0.880923,12.076294,12.242747
IPEDS:196079,Binghamton University,196079,2022,2022,False,NY,0.949575,14.496804,0.958688,9.654706,11.000312,33.0,16.257949,9524614.0,4.0,0.835358,11.555161,11.660216
IPEDS:196097,Stony Brook University,196097,2022,2022,False,NY,0.911908,14.13644,0.908262,9.051227,10.552947,36.0,14.196859,85848.0,4.0,0.911908,12.465212,12.521485
IPEDS:197197,Wagner College,197197,2022,2022,False,NY,0.870595,13.881104,0.920413,9.138952,10.27022,37.0,13.881104,0.0,3.0,0.865735,11.91376,11.533208
IPEDS:197869,Appalachian State University,197869,2022,2022,False,NC,0.873633,13.888534,0.936209,9.308827,10.392056,33.0,13.888534,0.0,4.0,0.936209,12.970826,12.516872
IPEDS:198136,Campbell University,198136,2022,2022,False,NC,0.938639,14.366568,0.941069,9.36666,10.628922,42.0,14.366568,0.0,3.0,0.921628,12.641006,12.028518
IPEDS:198385,Davidson College,198385,2022,2022,False,NC,0.87181,13.885388,0.875456,8.825707,10.196545,40.0,14.021816,156752.0,4.0,0.915553,12.510014,12.257844
IPEDS:198419,Duke University,198419,2022,2022,False,NC,0.983597,15.154088,0.95322,9.518707,11.325458,46.0,14.524088,-1782514.0,4.0,0.988457,14.502103,14.020515
IPEDS:198464,East Carolina University,198464,2022,2022,False,NC,0.971446,14.892735,0.983597,10.05264,11.203869,40.0,14.912983,60064.0,4.0,0.954435,13.506979,13.732239
IPEDS:198516,Elon University,198516,2022,2022,False,NC,0.910085,14.124858,0.877278,8.845777,10.461324,39.0,14.124858,0.0,4.0,0.900972,12.31908,12.145399
IPEDS:198561,Gardner-Webb University,198561,2022,2022,False,NC,0.846294,13.746139,0.82503,8.521185,10.008513,42.0,13.735931,-9475.0,4.0,0.829891,11.47706,11.514314
IPEDS:198695,High Point University,198695,2022,2022,False,NC,0.914338,14.14374,0.81045,8.459564,10.315131,46.0,14.376315,363574.0,3.0,0.858445,11.840436,12.285078
IPEDS:199102,North Carolina A & T State University,199102,2022,2022,False,NC,0.801944,13.527095,0.713244,8.142063,9.78948,42.0,13.531479,3293.0,3.0,0.921021,12.637374,12.22002
IPEDS:199111,University of North Carolina at Asheville,199111,2022,2022,False,NC,0.785541,13.467658,0.853584,8.69249,9.830124,38.0,13.467658,0.0,4.0,0.679222,10.564396,11.179451
IPEDS:199120,University of North Carolina at Chapel Hill,199120,2022,2022,False,NC,0.976914,14.999645,0.984812,10.073483,11.238458,43.0,14.476549,-1331054.0,4.0,0.984204,14.377285,13.560061
IPEDS:199139,University of North Carolina at Charlotte,199139,2022,2022,False,NC,0.928919,14.278288,0.956865,9.628788,10.667393,37.0,14.278288,0.0,4.0,0.94836,13.267052,12.7103
IPEDS:199148,University of North Carolina at Greensboro,199148,2022,2022,False,NC,0.865128,13.849013,0.891252,8.935245,10.23813,37.0,13.849013,0.0,4.0,0.886391,12.135827,12.072004
IPEDS:199193,North Carolina State University at Raleigh,199193,2022,2022,False,NC,0.979344,15.063985,0.986027,10.123506,11.326327,42.0,14.244333,-1949572.0,4.0,0.972661,14.146859,13.828917
IPEDS:199218,University of North Carolina Wilmington,199218,2022,2022,False,NC,0.889429,13.992588,0.823208,8.513386,10.163984,46.0,13.992588,0.0,4.0,0.878493,12.048553,11.792835
IPEDS:199412,Queens University of Charlotte,199412,2022,2022,False,NC,0.798299,13.514878,0.717497,8.150179,9.58312,51.0,13.514878,0.0,5.0,0.733293,10.834982,11.139511
IPEDS:199847,Wake Forest University,199847,2022,2022,False,NC,0.981166,15.117724,0.980559,9.96726,11.454173,39.0,15.117724,0.0,4.0,0.958688,13.629094,14.124998
IPEDS:200004,Western Carolina University,200004,2022,2022,False,NC,0.851154,13.769586,0.881531,8.868835,10.080747,40.0,13.769586,0.0,3.0,0.890644,12.175577,12.051107
IPEDS:200332,North Dakota State University-Main Campus,200332,2022,2022,False,ND,0.86938,13.87139,0.938032,9.343997,10.207864,39.0,13.87139,0.0,4.0,0.916768,12.526125,12.169144
IPEDS:200800,University of Akron Main Campus,200800,2022,2022,False,OH,0.602066,12.872961,0.849332,8.676587,9.262135,37.0,12.872961,0.0,4.0,0.924666,12.695333,12.803061
IPEDS:201441,Bowling Green State University-Main Campus,201441,2022,2022,False,OH,0.7661,13.393617,0.854192,8.696176,9.810152,36.0,13.393617,0.0,3.0,0.938032,13.007386,12.248749
IPEDS:201885,University of Cincinnati-Main Campus,201885,2022,2022,False,OH,0.945322,14.442724,0.969016,9.808682,10.779183,39.0,14.442724,0.0,4.0,0.962333,13.706024,12.174319
IPEDS:202480,University of Dayton,202480,2022,2022,False,OH,0.922236,14.211846,0.922843,9.16785,10.522993,40.0,13.51537,-745654.0,4.0,0.897327,12.264969,13.043515
IPEDS:203517,Kent State University at Kent,203517,2022,2022,False,OH,0.890036,13.993112,0.882139,8.870523,10.279573,41.0,13.640107,-355231.0,3.0,0.935601,12.959072,12.307979
IPEDS:204024,Miami University-Oxford,204024,2022,2022,False,OH,0.891859,14.002806,0.845079,8.649449,10.218652,44.0,14.002806,0.0,4.0,0.942284,13.134055,12.648606
IPEDS:204796,Ohio State University-Main Campus,204796,2022,2022,False,OH,0.964763,14.739748,0.966586,9.780133,11.102177,38.0,13.241901,-1956458.0,4.0,0.993925,14.697378,13.795146
IPEDS:204857,Ohio University-Main Campus,204857,2022,2022,False,OH,0.860875,13.824427,0.829891,8.53523,10.135586,40.0,13.824427,0.0,4.0,0.934386,12.915435,12.57107
IPEDS:206084,University of Toledo,206084,2022,2022,False,OH,0.875456,13.902819,0.879708,8.851807,10.118669,44.0,13.902819,0.0,4.0,0.933171,12.871016,12.767122
IPEDS:206604,Wright State University-Main Campus,206604,2022,2022,False,OH,0.843256,13.740869,0.880316,8.854808,10.12999,37.0,13.740869,0.0,4.0,0.789186,11.156065,12.188682
IPEDS:206622,Xavier University,206622,2022,2022,False,OH,0.973269,14.929678,0.96051,9.692334,11.168492,43.0,14.929678,0.0,3.0,0.950182,13.331158,13.380353
IPEDS:206695,Youngstown State University,206695,2022,2022,False,OH,0.811057,13.567711,0.902795,9.028339,9.930172,38.0,13.567711,0.0,5.0,0.899149,12.296535,11.732679
IPEDS:207388,Oklahoma State University-Main Campus,207388,2022,2022,False,OK,0.977521,15.018126,0.982382,10.036706,11.329258,40.0,14.680559,-953692.0,3.0,0.961725,13.702448,14.238311
IPEDS:207500,University of Oklahoma-Norman Campus,207500,2022,2022,False,OK,0.987242,15.261843,0.995747,10.518457,11.54828,41.0,14.246564,-2708628.0,4.0,0.996355,15.00497,14.454574
IPEDS:207582,Oral Roberts University,207582,2022,2022,False,OK,0.888821,13.99162,0.911908,9.077951,10.354065,38.0,14.013609,26513.0,4.0,0.851762,11.719826,11.770022
IPEDS:209542,Oregon State University,209542,2022,2022,False,OR,0.979951,15.065926,0.993925,10.459497,11.328268,42.0,15.065926,0.0,4.0,0.970231,14.121501,13.156597
IPEDS:209551,University of Oregon,209551,2022,2022,False,OR,0.987849,15.280956,0.986634,10.130663,11.474303,45.0,13.436302,-3645067.0,4.0,0.990279,14.600079,14.328842
IPEDS:209825,University of Portland,209825,2022,2022,False,OR,0.933779,14.333711,0.935601,9.304832,10.696147,38.0,14.333711,0.0,4.0,0.867558,11.921752,12.283247
IPEDS:211291,Bucknell University,211291,2022,2022,False,PA,0.716889,13.224548,0.868773,8.786151,9.613695,37.0,13.224548,0.0,4.0,0.939247,13.05348,11.732984
IPEDS:213385,Lafayette College,213385,2022,2022,False,PA,0.831106,13.650854,0.905225,9.036939,10.095546,35.0,13.650854,0.0,4.0,0.927096,12.702931,12.010429
IPEDS:213543,Lehigh University,213543,2022,2022,False,PA,0.883354,13.943122,0.840826,8.617581,10.305569,38.0,13.943122,0.0,3.0,0.930741,12.757322,11.811407
IPEDS:213987,Mercyhurst University,213987,2022,2022,False,PA,0.753949,13.348427,0.493317,7.65112,9.158876,66.0,13.348427,0.0,4.0,0.809842,11.310393,11.185879
IPEDS:214777,The Pennsylvania State University,495767,2022,2022,False,PA,0.976306,14.993216,0.672539,8.03236,,,14.458086,-1345544.0,61.0,0.99514,14.75582,12.658676
IPEDS:215062,University of Pennsylvania,215062,2022,2022,False,PA,0.772783,13.429138,0.852977,8.689969,9.818273,37.0,13.429138,0.0,4.0,0.945322,13.184867,12.151817
IPEDS:215293,University of Pittsburgh-Pittsburgh Campus,215293,2022,2022,False,PA,0.96294,14.688747,0.975699,9.86589,11.105242,36.0,14.688747,0.0,4.0,0.979951,14.299071,14.547349
IPEDS:215770,Saint Joseph's University,215770,2022,2022,False,PA,0.882746,13.940498,0.834143,8.555837,10.251653,40.0,13.940498,0.0,4.0,0.856622,11.827977,12.072307
IPEDS:216597,Villanova University,216597,2022,2022,False,PA,0.900972,14.051844,0.961725,9.718843,10.68457,29.0,14.051844,0.0,4.0,0.928919,12.722867,13.713391
IPEDS:217156,Brown University,217156,2022,2022,False,RI,0.837181,13.695846,0.907655,9.050876,10.437778,26.0,13.695846,0.0,4.0,0.952005,13.350732,12.112141
IPEDS:217165,Bryant University,217165,2022,2022,False,RI,0.931956,14.305702,0.857837,8.704834,10.413911,49.0,14.305702,0.0,4.0,0.889429,12.173301,12.048957
IPEDS:217484,Rhode Island College,217420,2022,2022,False,RI,0.483597,12.565494,0.68469,8.069342,8.576695,54.0,12.565494,0.0,4.0,0.301337,8.295798,11.411325
IPEDS:217484,University of Rhode Island,217484,2022,2022,False,RI,0.840219,13.708002,0.86209,8.746875,10.152692,35.0,13.7635,51250.0,3.0,0.929526,12.731254,12.674531
IPEDS:217688,Charleston Southern University,217688,2022,2022,False,SC,0.834143,13.654106,0.808019,8.448272,9.782961,48.0,13.654106,0.0,3.0,0.876063,11.994444,11.568748
IPEDS:217819,College of Charleston,217819,2022,2022,False,SC,0.939854,14.370203,0.866343,8.776476,10.309793,58.0,14.370203,0.0,4.0,0.887606,12.156657,12.388727
IPEDS:217819,University of Charleston,237312,2022,2022,False,WV,0.742406,13.306937,0.334751,7.382746,9.246589,58.0,13.428619,77812.0,4.0,0.771567,11.057408,10.825661
IPEDS:217864,Citadel Military College of South Carolina,217864,2022,2022,False,SC,0.891252,14.000656,0.894897,8.976262,10.172052,46.0,13.93406,-77530.0,3.0,0.880316,12.073044,12.11274
IPEDS:217882,Clemson University,217882,2022,2022,False,SC,0.984204,15.187335,0.972661,9.846811,11.498466,40.0,15.187335,0.0,4.0,0.998785,15.10938,14.297186
IPEDS:218539,Presbyterian College,218539,2022,2022,False,SC,0.806197,13.547279,0.670717,8.03041,9.883767,39.0,13.547279,0.0,4.0,0.863305,11.889078,11.230324
IPEDS:218663,University of South Carolina-Columbia,218663,2022,2022,False,SC,0.990279,15.340753,0.974484,9.849981,11.6772,39.0,15.340753,0.0,4.0,0.977521,14.23138,13.022618
IPEDS:218724,Coastal Carolina University,218724,2022,2022,False,SC,0.973876,14.949586,0.964156,9.748528,11.260719,40.0,14.949586,0.0,4.0,0.94593,13.205636,13.03894
IPEDS:218742,University of South Carolina-Upstate,218742,2022,2022,False,SC,0.862697,13.832069,0.757594,8.276903,10.143228,40.0,13.832069,0.0,4.0,0.72904,10.811988,11.464859
IPEDS:218964,Winthrop University,218964,2022,2022,False,SC,0.855407,13.790455,0.675577,8.041735,10.076924,41.0,13.790455,0.0,3.0,0.795869,11.212725,11.624181
IPEDS:218973,Wofford College,218973,2022,2022,False,SC,0.880923,13.926885,0.890644,8.93208,10.263357,39.0,13.926885,0.0,4.0,0.894897,12.208854,11.805506
IPEDS:219356,South Dakota State University,219356,2022,2022,False,SD,0.773998,13.43743,0.871203,8.807921,9.799897,38.0,13.43743,0.0,3.0,0.809235,11.308358,12.310698
IPEDS:219602,Austin Peay State University,219602,2022,2022,False,TN,0.858445,13.804825,0.886999,8.8871,10.141301,39.0,13.789919,-14638.0,4.0,0.924058,12.69411,11.969172
IPEDS:219709,Belmont University,219709,2022,2022,False,TN,0.90644,14.093869,0.889429,8.905987,10.482979,37.0,14.093869,0.0,3.0,0.785541,11.116262,12.625812
IPEDS:219976,Lipscomb University,219976,2022,2022,False,TN,0.939247,14.369013,0.926488,9.199684,10.680156,40.0,14.369013,0.0,3.0,0.846294,11.66256,11.944513
IPEDS:220075,East Tennessee State University,220075,2022,2022,False,TN,0.811665,13.570134,0.823815,8.513787,9.720045,47.0,13.570134,0.0,3.0,0.86695,11.91751,12.117116
IPEDS:220862,University of Memphis,220862,2022,2022,False,TN,0.920413,14.187497,0.952005,9.498522,10.498644,40.0,14.187497,0.0,4.0,0.959903,13.634714,13.627587
IPEDS:220978,Middle Tennessee State University,220978,2022,2022,False,TN,0.908262,14.113441,0.94593,9.41042,10.449907,39.0,14.113441,0.0,4.0,0.934994,12.936882,12.864059
IPEDS:221759,The University of Tennessee-Knoxville,221759,2022,2022,False,TN,0.996355,15.648119,0.967193,9.783859,11.716302,51.0,14.919587,-3233733.0,3.0,0.994532,14.745679,14.482149
IPEDS:221768,The University of Tennessee-Martin,221768,2022,2022,False,TN,0.787363,13.473854,0.748481,8.244859,9.785029,40.0,13.494077,14517.0,3.0,0.884569,12.11877,11.613712
IPEDS:221847,Tennessee Technological University,221847,2022,2022,False,TN,0.840826,13.711889,0.883354,8.874028,10.048369,39.0,13.711889,0.0,3.0,0.87181,11.945707,11.895865
IPEDS:221999,Vanderbilt University,221999,2022,2022,False,TN,1.0,16.077264,0.998177,10.783861,12.270606,45.0,16.077264,0.0,4.0,0.993317,14.692879,14.467956
IPEDS:222178,Abilene Christian University,222178,2022,2022,False,TX,0.913123,14.137498,0.934386,9.270306,10.473964,39.0,14.207306,99767.0,3.0,0.879101,12.069004,11.673206
IPEDS:223232,Baylor University,223232,2022,2022,False,TX,0.986634,15.251886,0.979344,9.952611,11.423256,46.0,15.251886,0.0,3.0,0.974484,14.171334,14.355921
IPEDS:224147,Texas A & M University-Corpus Christi,224147,2022,2022,False,TX,0.882139,13.933821,0.872418,8.81433,10.220285,41.0,13.933821,0.0,4.0,0.837181,11.570572,11.934441
IPEDS:224226,Dallas Baptist University,224226,2022,2022,False,TX,0.970231,14.882479,0.990887,10.345477,11.298973,36.0,14.955373,219783.0,5.0,0.826245,11.465257,12.067109
IPEDS:225399,Houston Baptist University,225399,2022,2022,False,TX,0.897934,14.025469,0.907047,9.04688,10.336621,40.0,14.025469,0.0,4.0,0.910693,12.449242,11.67051
IPEDS:225511,University of Houston,225511,2022,2022,False,TX,0.966586,14.794852,0.959903,9.681156,11.010678,44.0,14.794852,0.0,3.0,0.941677,13.132009,14.419505
IPEDS:225627,University of the Incarnate Word,225627,2022,2022,False,TX,0.886391,13.961054,0.825638,8.52238,10.089894,48.0,14.033433,86822.0,3.0,0.872418,11.951297,11.71536
IPEDS:226091,Lamar University,226091,2022,2022,False,TX,0.907047,14.102203,0.922236,9.163039,10.413352,40.0,14.102203,0.0,4.0,0.894289,12.205963,12.000726
IPEDS:227368,The University of Texas Rio Grande Valley,227368,2022,2022,False,TX,0.888214,13.986249,0.894289,8.969033,9.943245,57.0,13.986249,0.0,4.0,0.863913,11.893756,11.875713
IPEDS:227526,Prairie View A & M University,227526,2022,2022,False,TX,0.759417,13.374149,0.849939,8.67778,9.613014,43.0,13.374149,0.0,3.0,0.64034,10.388072,11.863927
IPEDS:227757,Rice University,227757,2022,2022,False,TX,0.972053,14.893463,0.950182,9.455011,11.109288,44.0,14.893463,0.0,3.0,0.942892,13.135045,12.745366
IPEDS:227881,Sam Houston State University,227881,2022,2022,False,TX,0.883961,13.943906,0.90887,9.058121,10.360417,36.0,13.943906,0.0,3.0,0.891859,12.181585,12.680989
IPEDS:228431,Stephen F Austin State University,228431,2022,2022,False,TX,0.897327,14.024243,0.928919,9.208939,10.413354,37.0,14.024243,0.0,3.0,0.927704,12.710605,12.249257
IPEDS:228459,Texas State University,228459,2022,2022,False,TX,0.924058,14.227597,0.956258,9.620528,10.538743,40.0,14.227597,0.0,3.0,0.948967,13.288779,12.760093
IPEDS:228529,Tarleton State University,228529,2022,2022,False,TX,0.845687,13.745609,0.856015,8.699681,9.984454,43.0,13.763849,17164.0,3.0,0.885176,12.121467,11.897031
IPEDS:228723,Texas A & M University-College Station,228723,2022,2022,False,TX,0.998785,15.920296,0.999392,11.093828,12.136112,44.0,15.442297,-3117847.0,4.0,0.999392,15.271919,14.759735
IPEDS:228769,The University of Texas at Arlington,228769,2022,2022,False,TX,0.868773,13.870076,0.913123,9.08557,10.206551,39.0,13.870076,0.0,3.0,0.817132,11.353144,11.860076
IPEDS:228778,The University of Texas at Austin,228778,2022,2022,False,TX,0.99757,15.717907,0.987242,10.19485,11.980243,42.0,15.63642,-524459.0,3.0,0.99757,15.090258,14.544449
IPEDS:228778,Texas College,228884,2022,2022,False,TX,0.060753,11.034632,0.470838,7.615298,7.899492,23.0,11.034632,0.0,1.0,0.140948,0.0,11.327355
IPEDS:228875,Texas Christian University,228875,2022,2022,False,TX,0.996962,15.670384,0.993317,10.439952,12.006829,39.0,15.6731,17379.0,4.0,0.967193,14.020531,14.343619
IPEDS:229027,The University of Texas at San Antonio,229027,2022,2022,False,TX,0.903402,14.0756,0.931956,9.229456,10.438042,38.0,14.0756,0.0,4.0,0.936817,12.976748,12.47809
IPEDS:229063,Texas Southern University,229063,2022,2022,False,TX,0.669502,13.078577,0.441069,7.563201,9.644652,31.0,13.078577,0.0,3.0,0.701701,10.680539,12.257246
IPEDS:229115,Texas Tech University,229115,2022,2022,False,TX,0.992102,15.442988,0.994532,10.467494,11.754116,40.0,14.51847,-3071295.0,4.0,0.989064,14.54881,14.156427
IPEDS:230038,Brigham Young University,230038,2022,2022,False,UT,0.951397,14.523128,0.95079,9.469005,10.809575,41.0,13.590061,-1230993.0,3.0,0.947145,13.234153,13.485267
IPEDS:230171,Dixie State University,230171,2022,2022,False,UT,0.86695,13.859788,0.910085,9.066816,10.075639,44.0,13.859788,0.0,5.0,0.855407,11.816491,11.441956
IPEDS:230737,Utah Valley University,230737,2022,2022,False,UT,0.869988,13.879296,0.933171,9.255505,10.21577,39.0,13.891016,12565.0,3.0,0.882746,12.106495,11.860634
IPEDS:230764,University of Utah,230764,2022,2022,False,UT,0.957473,14.610651,0.949575,9.45156,10.826481,44.0,13.027136,-1760169.0,4.0,0.976914,14.224972,13.89267
IPEDS:231624,William & Mary,231624,2022,2022,False,VA,0.849332,13.768806,0.688943,8.074338,10.079967,40.0,13.768806,0.0,4.0,0.91616,12.523286,11.767126
IPEDS:232186,George Mason University,232186,2022,2022,False,VA,0.881531,13.931457,0.9113,9.074177,10.320571,37.0,13.931457,0.0,5.0,0.90158,12.325898,12.407588
IPEDS:232423,James Madison University,232423,2022,2022,False,VA,0.936817,14.349148,0.917375,9.108972,10.685609,39.0,14.349148,0.0,4.0,0.905832,12.398959,12.468087
IPEDS:232557,Liberty University,232557,2022,2022,False,VA,0.956865,14.606574,0.948967,9.444622,10.735394,48.0,14.606574,0.0,3.0,0.956865,13.591414,13.680178
IPEDS:232566,Longwood University,232566,2022,2022,False,VA,0.842649,13.71979,0.888214,8.890273,10.108912,37.0,13.718502,-1170.0,3.0,0.716889,10.765934,11.320675
IPEDS:232937,Norfolk State University,232937,2022,2022,False,VA,0.695018,13.14522,0.772783,8.320692,9.711292,31.0,13.14522,0.0,2.0,0.50243,9.778378,11.773858
IPEDS:232982,Old Dominion University,232982,2022,2022,False,VA,0.937424,14.3521,0.934994,9.294498,10.501979,47.0,14.3521,0.0,4.0,0.944107,13.166177,12.639652
IPEDS:233277,Radford University,233277,2022,2022,False,VA,0.930741,14.293546,0.846294,8.653122,10.655983,38.0,14.293546,0.0,4.0,0.823208,11.428554,11.757877
IPEDS:233374,University of Richmond,233374,2022,2022,False,VA,0.918591,14.16592,0.905832,9.041093,10.404749,43.0,14.16592,0.0,4.0,0.923451,12.685405,12.162648
IPEDS:233921,Virginia Polytechnic Institute and State University,233921,2022,2022,False,VA,0.978736,15.051308,0.710207,8.120589,11.290121,43.0,13.289471,-2850182.0,4.0,0.976306,14.209806,13.875429
IPEDS:234030,Virginia Commonwealth University,234030,2022,2022,False,VA,0.935601,14.346769,0.946537,9.413689,10.68323,39.0,14.346769,0.0,4.0,0.928311,12.713568,12.963595
IPEDS:234076,University of Virginia-Main Campus,234076,2022,2022,False,VA,0.989064,15.305949,0.990279,10.321639,11.695039,37.0,15.305949,0.0,4.0,0.982382,14.345267,13.993047
IPEDS:234085,Virginia Military Institute,234085,2022,2022,False,VA,0.863913,13.836792,0.86938,8.786609,10.030172,45.0,13.836792,0.0,4.0,0.859052,11.84125,11.508074
IPEDS:235316,Gonzaga University,235316,2022,2022,False,WA,0.964156,14.732808,0.95565,9.598252,11.043945,40.0,14.752991,51020.0,4.0,0.937424,13.003701,13.042844
IPEDS:236595,Seattle University,236595,2022,2022,False,WA,0.938032,14.354168,0.947752,9.419223,10.743271,37.0,14.343063,-18925.0,3.0,0.853584,11.738314,12.103757
IPEDS:236939,Washington State University,236939,2022,2022,False,WA,0.974484,14.980972,0.962333,9.719024,11.219785,43.0,14.203821,-1732917.0,4.0,0.963548,13.802599,13.584
IPEDS:236948,Washington College,164216,2022,2022,False,MD,0.353584,12.25349,0.480559,7.627544,8.516016,42.0,12.25349,0.0,2.0,0.490279,9.713356,10.955008
IPEDS:236948,University of Washington-Seattle Campus,236948,2022,2022,False,WA,0.989672,15.322839,0.989064,10.284455,11.633968,40.0,13.527491,-3764907.0,3.0,0.986634,14.456141,13.856516
IPEDS:237525,Marshall University,237525,2022,2022,False,WV,0.931349,14.300986,0.94836,9.434284,10.774646,34.0,14.300987,1.0,3.0,0.959295,13.631697,12.606944
IPEDS:238032,West Virginia University,238032,2022,2022,False,WV,0.967801,14.800121,0.981166,9.977899,11.038936,43.0,15.054658,775901.0,4.0,0.972053,14.142566,14.069918
IPEDS:240453,University of Wisconsin-Milwaukee,240453,2022,2022,False,WI,0.868165,13.866139,0.861482,8.744966,10.152605,41.0,13.866139,0.0,4.0,0.832928,11.536632,11.90199
IPEDS:243744,Stanford University,243744,2022,2022,False,CA,0.986027,15.204915,0.976914,9.875757,11.541363,39.0,15.204915,0.0,4.0,0.969623,14.121194,13.648359
IPEDS:243780,Purdue University-Main Campus,243780,2022,2022,False,IN,0.961725,14.652066,0.972053,9.842357,10.890884,43.0,12.714335,-1975921.0,4.0,0.973876,14.165088,14.038626
IPEDS:433660,Florida Gulf Coast University,433660,2022,2022,False,FL,0.850547,13.769249,0.887606,8.8871,10.105727,39.0,13.769249,0.0,3.0,0.850547,11.687232,11.894876
IPEDS:486840,Kennesaw State University,486840,2022,2022,False,GA,0.904617,14.07832,0.7661,8.299037,10.071028,55.0,14.07832,0.0,3.0,0.868165,11.927595,11.951941
NCAA:academy-art,Academy of Art University,108232,2022,2022,False,CA,0.772175,13.42083,0.55164,7.765993,9.95514,32.0,13.42083,0.0,3.0,0.608141,10.231279,11.471655
NCAA:adams-state,Adams State University,126182,2022,2022,False,CO,0.381531,12.322321,0.238153,7.198931,8.179462,63.0,12.322321,0.0,3.0,0.750304,10.911756,11.493834
NCAA:adelphi,Adelphi University,188429,2022,2022,False,NY,0.765492,13.388596,0.467193,7.605392,9.456847,51.0,13.124321,-151539.0,5.0,0.444714,9.463664,10.896943
NCAA:adrian,Adrian College,168528,2022,2022,False,MI,0.278858,12.052193,0.299514,7.313887,7.925414,62.0,12.052193,0.0,5.0,0.685905,10.601299,10.968646
NCAA:albertus-magnus,Albertus Magnus College,128498,2022,2022,False,CT,0.187728,11.749388,0.300122,7.315218,8.166145,36.0,11.749388,0.0,5.0,0.448967,9.484101,10.988305
NCAA:albion,Albion College,168546,2022,2022,False,MI,0.255164,11.983273,0.469016,7.609367,8.345918,38.0,11.983273,0.0,2.0,0.758809,10.967181,10.757201
NCAA:albright,Albright College,210571,2022,2022,False,PA,0.064399,11.053094,0.187728,7.068172,7.619582,31.0,11.053094,0.0,4.0,0.618469,10.283293,10.737136
NCAA:alderson-broaddus,Alderson Broaddus University,237118,2022,2022,False,WV,0.910693,14.130773,0.052855,6.472346,10.57545,35.0,14.130773,0.0,2.0,0.797691,11.23493,10.838659
NCAA:allegheny,Allegheny College,210669,2022,2022,False,PA,0.363305,12.272502,0.643378,7.973844,8.583805,40.0,12.272502,0.0,4.0,0.81045,11.311372,11.009142
NCAA:alma,Alma College,168591,2022,2022,False,MI,0.472661,12.531679,0.669502,8.027803,8.660648,48.0,12.531679,0.0,5.0,0.684083,10.587493,11.049413
NCAA:alvernia,Alvernia University,210775,2022,2022,False,PA,0.121507,11.43101,0.065614,6.559615,7.272811,64.0,11.563609,13064.0,4.0,0.746051,10.889621,10.29106
NCAA:american-international,American International College,164447,2022,2022,False,MA,0.639733,12.997569,0.2661,7.254885,8.954644,57.0,12.997569,0.0,5.0,0.8226,11.417383,11.261755
NCAA:amherst,Amherst College,164465,2022,2022,False,MA,0.522479,12.665688,0.725395,8.176673,9.264582,30.0,12.665688,0.0,3.0,0.804374,11.277431,11.626968
NCAA:angelo-state,Angelo State University,222831,2022,2022,False,TX,0.762454,13.37756,0.826853,8.522579,9.593437,44.0,13.437349,39762.0,3.0,0.788578,11.151382,11.527371
NCAA:anna-maria,Anna Maria College,164492,2022,2022,False,MA,0.337789,12.21811,0.603888,7.878534,8.634764,36.0,12.21811,0.0,4.0,0.5887,10.158943,11.178236
NCAA:arcadia,Arcadia University,211088,2022,2022,False,PA,0.258809,11.989836,0.222357,7.152269,8.252421,42.0,11.989836,0.0,7.0,0.616039,10.273222,11.022703
NCAA:arkansas-fort-smith,University of Arkansas-Fort Smith,108092,2022,2022,False,AR,0.727825,13.255106,0.848724,8.670086,9.541604,41.0,13.255106,0.0,3.0,0.397327,9.141633,11.105047
NCAA:arkansas-monticello,University of Arkansas at Monticello,106485,2022,2022,False,AR,0.647023,13.022583,0.818348,8.497399,9.655349,29.0,13.022583,0.0,2.0,0.250911,7.671361,11.282115
NCAA:arkansas-technological,Arkansas Tech University,106467,2022,2022,False,AR,0.626974,12.964094,0.019441,5.905362,8.837103,62.0,12.964094,0.0,4.0,0.577764,10.115004,11.530893
NCAA:asbury,Asbury University,156213,2022,2022,False,KY,0.235115,11.927145,0.54192,7.74846,8.52614,30.0,11.927145,0.0,6.0,0.254557,7.720905,10.816112
NCAA:ashland,Ashland University,201104,2022,2022,False,OH,0.72175,13.23785,0.667679,8.024207,9.476725,43.0,13.23785,0.0,4.0,0.709599,10.740129,11.088599
NCAA:assumption,Assumption University,164562,2022,2022,False,MA,0.547995,12.726279,0.572296,7.807103,8.965204,43.0,12.684491,-13771.0,4.0,0.698056,10.670884,11.140295
NCAA:augsburg,Augsburg University,173045,2022,2022,False,MN,0.319563,12.164365,0.261847,7.241366,8.380399,44.0,12.164365,0.0,8.0,0.681045,10.571317,11.293774
NCAA:augusta,Augusta University,482149,2022,2022,False,GA,0.590522,12.831944,0.525516,7.705262,9.194457,38.0,12.831944,0.0,4.0,0.353584,8.836955,11.18324
NCAA:aurora,Aurora University,143118,2022,2022,False,IL,0.475699,12.545711,0.382139,7.486613,8.71723,46.0,12.545711,0.0,3.0,0.766707,11.025312,11.287817
NCAA:austin,Austin College,222983,2022,2022,False,TX,0.205346,11.819572,0.439854,7.562681,8.182258,38.0,11.819572,0.0,2.0,0.397934,9.147401,10.721349
NCAA:averett,Averett University,231420,2022,2022,False,VA,0.197448,11.791844,0.317132,7.349874,8.078575,41.0,11.791844,0.0,3.0,0.730255,10.821836,10.670187
NCAA:azusa-pacific,Azusa Pacific University,109785,2022,2022,False,CA,0.839004,13.701659,0.803767,8.438583,9.917517,44.0,13.759569,53204.0,4.0,0.344471,8.740977,11.283273
NCAA:babson,Babson College,164580,2022,2022,False,MA,0.526124,12.674272,0.739976,8.215547,9.036801,38.0,12.674272,0.0,4.0,0.728433,10.811585,11.23675
NCAA:baldwin-wallace,Baldwin Wallace University,201195,2022,2022,False,OH,0.49271,12.583389,0.530984,7.719574,8.440466,63.0,12.583389,0.0,3.0,0.852977,11.738235,10.932589
NCAA:bard,Bard College,189088,2022,2022,False,NY,0.339611,12.220754,0.296476,7.307202,8.888683,28.0,12.229828,1850.0,2.0,0.718104,10.768485,10.875099
NCAA:barry,Barry University,132471,2022,2022,False,FL,0.76367,13.384885,0.391859,7.496652,9.19533,66.0,13.384885,0.0,6.0,0.552248,10.014045,11.160598
NCAA:barton,Barton College,197911,2022,2022,False,NC,0.693803,13.142391,0.438639,7.557473,8.894031,70.0,13.142391,0.0,5.0,0.535844,9.944054,10.92385
NCAA:bates,Bates College,160977,2022,2022,False,ME,0.511543,12.632004,0.400365,7.506592,9.105751,34.0,12.686039,17001.0,4.0,0.759417,10.969026,11.217896
NCAA:belhaven,Belhaven University,175421,2022,2022,False,MS,0.450182,12.480483,0.704739,8.114923,8.791752,40.0,12.533738,14394.0,3.0,0.818955,11.374399,10.906635
NCAA:belmont-abbey,Belmont Abbey College,197984,2022,2022,False,NC,0.796476,13.507901,0.477521,7.622664,,,13.507901,0.0,3.0,0.667072,10.512655,11.035406
NCAA:beloit,Beloit College,238333,2022,2022,False,WI,0.244228,11.959206,0.510328,7.682022,8.130853,46.0,11.959206,0.0,6.0,0.705954,10.707818,10.874077
NCAA:bemidji-state,Bemidji State University,173124,2022,2022,False,MN,0.575942,12.785522,0.804374,8.441391,8.978983,45.0,12.785522,0.0,4.0,0.792224,11.185116,11.858258
NCAA:benedict,Benedict College,217721,2022,2022,False,SC,0.535237,12.695527,0.368165,7.452982,9.169267,34.0,12.695527,0.0,1.0,0.467193,9.597506,11.311959
NCAA:bentley,Bentley University,164739,2022,2022,False,MA,0.680437,13.107534,0.812272,8.474286,9.524086,36.0,13.173644,33669.0,3.0,0.798299,11.24549,11.721134
NCAA:berea,Berea College,156295,2022,2022,False,KY,0.242406,11.952302,0.746659,8.233503,8.656633,27.0,11.952302,0.0,3.0,0.185298,6.22059,10.846011
NCAA:berry,Berry College,139144,2022,2022,False,GA,0.611179,12.903057,0.716889,8.149313,9.096505,45.0,13.008534,44667.0,4.0,0.754557,10.940331,11.054787
NCAA:bethany-lutheran,Bethany Lutheran College,173142,2022,2022,False,MN,0.360875,12.262491,0.615431,7.901748,8.525015,42.0,12.262491,0.0,4.0,0.407655,9.215328,10.180778
NCAA:biola,Biola University,110097,2022,2022,False,CA,0.81531,13.577118,0.760024,8.283747,9.863596,41.0,13.592793,12448.0,6.0,0.479344,9.656563,11.238015
NCAA:birmingham-southern,Birmingham-Southern College,100937,2022,2022,False,AL,0.587485,12.815811,0.766707,8.302266,9.009268,45.0,12.815811,0.0,2.0,0.802552,11.27378,10.92098
NCAA:blackburn,Blackburn College,143288,2022,2022,False,IL,0.195018,11.785385,0.18955,7.070724,8.384408,30.0,11.785385,0.0,4.0,0.407047,9.213735,10.634869
NCAA:bloomfield,Bloomfield College,183822,2022,2022,False,NJ,0.496962,12.599202,0.160389,6.972606,8.961741,38.0,12.599202,0.0,4.0,0.279465,8.069968,11.245477
NCAA:bluefield-state,Bluefield State College,237215,2022,2022,False,WV,0.55407,12.734864,0.097813,6.73578,8.803186,51.0,12.920421,69195.0,3.0,0.636087,10.365868,10.968595
NCAA:bluffton,Bluffton University,201371,2022,2022,False,OH,0.08384,11.226616,0.024909,5.981414,7.201996,56.0,11.226616,0.0,3.0,0.655529,10.472346,10.72157
NCAA:bob-jones,Bob Jones University,217749,2022,2022,False,SC,0.171324,11.699198,0.601458,7.875499,8.367217,28.0,11.699198,0.0,3.0,0.44593,9.469237,10.587594
NCAA:bowdoin,Bowdoin College,161004,2022,2022,False,ME,0.412515,12.389806,0.685905,8.070594,9.057714,28.0,12.859634,144136.0,3.0,0.741798,10.878538,11.52806
NCAA:brandeis,Brandeis University,165015,2022,2022,False,MA,0.455043,12.495068,0.67497,8.038189,8.968831,34.0,12.495068,0.0,3.0,0.698663,10.671069,11.32786
NCAA:brevard,Brevard College,198066,2022,2022,False,NC,0.253949,11.979448,0.230863,7.177782,8.087929,49.0,11.979448,0.0,4.0,0.297691,8.279443,10.693285
NCAA:bridgeport,University of Bridgeport,128744,2022,2022,False,CT,0.618469,12.915745,0.608141,7.882692,9.304916,37.0,13.061296,63715.0,3.0,0.275213,8.015327,11.349571
NCAA:bridgewater-state,Bridgewater State University,165024,2022,2022,False,MA,0.191373,11.766521,0.442284,7.566828,8.301025,32.0,12.077324,46974.0,4.0,0.328676,8.598404,11.070708
NCAA:buena-vista,Buena Vista University,153001,2022,2022,False,IA,0.430741,12.438473,0.532807,7.724005,8.749748,40.0,12.497955,15464.0,3.0,0.746659,10.891801,10.859287
NCAA:cabrini,Cabrini University,211352,2022,2022,False,PA,0.210207,11.832433,0.18469,7.060476,7.98262,47.0,12.003191,25630.0,7.0,0.321993,8.520189,10.899421
NCAA:caldwell,Caldwell University,183910,2022,2022,False,NJ,0.6774,13.098505,0.68955,8.075894,9.602063,33.0,13.119383,10300.0,4.0,0.3548,8.840725,10.712037
NCAA:california-lutheran,California Lutheran University,110413,2022,2022,False,CA,0.438639,12.453015,0.423451,7.529943,8.668993,44.0,12.453015,0.0,5.0,0.660996,10.48813,11.278418
NCAA:california-pennsylvania,California University of Pennsylvania,211361,2022,2022,False,PA,0.513366,12.639046,0.343256,7.396949,8.854996,44.0,12.639046,0.0,4.0,0.486634,9.691346,11.455498
NCAA:calvin,Calvin University,169080,2022,2022,False,MI,0.370595,12.296265,0.425881,7.533694,8.712906,36.0,12.31845,4910.0,6.0,0.568044,10.072175,11.297688
NCAA:cameron,Cameron University,206914,2022,2022,False,OK,0.657959,13.045225,0.524301,7.703459,9.33174,41.0,13.046933,791.0,3.0,0.380923,9.0011,10.811988
NCAA:capital,Capital University,201548,2022,2022,False,OH,0.386999,12.333524,0.159781,6.971669,8.620128,41.0,12.677304,93207.0,8.0,0.662211,10.491968,11.359949
NCAA:carleton,Carleton College,173258,2022,2022,False,MN,0.175577,11.711301,0.234508,7.185387,8.156232,35.0,11.828408,15150.0,3.0,0.518834,9.854507,11.572279
NCAA:carson-newman,Carson-Newman University,219806,2022,2022,False,TN,0.747874,13.316525,0.23633,7.186144,,,13.42975,72787.0,3.0,0.32017,8.514389,10.945459
NCAA:carthage,Carthage College,238476,2022,2022,False,WI,0.572904,12.776447,0.305589,7.33106,8.528147,70.0,12.776447,0.0,4.0,0.767315,11.028742,11.047774
NCAA:catawba,Catawba College,198215,2022,2022,False,NC,0.705954,13.195354,0.347509,7.408531,9.345292,47.0,13.195354,0.0,4.0,0.699878,10.673827,10.977243
NCAA:cazenovia,Cazenovia College,189848,2022,2022,False,NY,0.045565,10.886259,0.35966,7.436028,7.708635,24.0,10.886259,0.0,7.0,0.290401,8.212297,11.937474
NCAA:cedarville,Cedarville University,201654,2022,2022,False,OH,0.568651,12.770517,0.626974,7.928766,9.369402,30.0,12.770517,0.0,4.0,0.475091,9.634627,10.906946
NCAA:centenary-louisiana,Centenary College of Louisiana,158477,2022,2022,False,LA,0.439247,12.453835,0.440462,7.563201,8.603867,47.0,12.453835,0.0,4.0,0.559538,10.035568,10.58618
NCAA:central-missouri,University of Central Missouri,176965,2022,2022,False,MO,0.959903,14.639312,0.691373,8.083637,10.512204,62.0,14.639312,0.0,5.0,0.797084,11.22575,11.363601
NCAA:central-oklahoma,University of Central Oklahoma,206941,2022,2022,False,OK,0.699271,13.164194,0.696233,8.090709,9.526679,38.0,13.164144,-26.0,4.0,0.570474,10.086351,11.385376
NCAA:central-washington,Central Washington University,234827,2022,2022,False,WA,0.569866,12.773129,0.621507,7.911691,9.135648,38.0,12.785264,4305.0,3.0,0.762454,10.97567,11.212806
NCAA:centre,Centre College,156408,2022,2022,False,KY,0.299514,12.102427,0.602066,7.877776,8.519102,36.0,12.102427,0.0,3.0,0.732685,10.834805,10.753767
NCAA:chapman,Chapman University,111948,2022,2022,False,CA,0.561968,12.757028,0.45808,7.586296,9.260613,33.0,12.757028,0.0,4.0,0.445322,9.465525,11.257026
NCAA:chatham,Chatham University,211556,2022,2022,False,PA,0.292831,12.090359,0.266707,7.254885,8.507036,36.0,12.118039,5000.0,3.0,0.676792,10.553205,11.23787
NCAA:chestnut-hill,Chestnut Hill College,211583,2022,2022,False,PA,0.5887,12.817671,0.420413,7.527794,8.84752,53.0,12.985134,67210.0,4.0,0.345079,8.75684,10.265384
NCAA:chowan,Chowan University,198303,2022,2022,False,NC,0.521871,12.66264,0.348117,7.409136,8.973884,40.0,12.66264,0.0,3.0,0.667679,10.51537,10.977927
NCAA:christian-brothers,Christian Brothers University,219833,2022,2022,False,TN,0.599028,12.863541,0.402795,7.508787,9.200078,39.0,12.889119,10000.0,3.0,0.524301,9.888069,11.000999
NCAA:claflin,Claflin University,217873,2022,2022,False,SC,0.419198,12.407641,0.426488,7.533694,8.852432,35.0,12.407641,0.0,3.0,0.482382,9.678091,10.608366
NCAA:clark-atlanta,Clark Atlanta University,138947,2022,2022,False,GA,0.266707,12.021284,0.283111,7.286876,8.307953,41.0,12.165464,25785.0,4.0,0.277643,8.043342,11.217534
NCAA:clarke,Clarke University,153126,2022,2022,False,IA,0.81774,13.58763,0.662819,8.010692,9.413323,65.0,13.58763,0.0,6.0,0.620899,10.289294,10.759072
NCAA:clarks-summit,Clarks Summit University,211024,2022,2022,False,PA,0.012151,10.329964,0.181652,7.050123,,,10.329964,0.0,2.0,0.188943,6.356108,10.327774
NCAA:clarkson,Clarkson University,190044,2022,2022,False,NY,0.439854,12.454443,0.54678,7.755767,8.716934,42.0,12.454443,0.0,1.0,0.774605,11.06216,11.466766
NCAA:coe,Coe College,153144,2022,2022,False,IA,0.237546,11.932353,0.13062,6.867974,8.082507,47.0,11.932353,0.0,5.0,0.739368,10.873186,11.156036
NCAA:coker,Coker University,217907,2022,2022,False,SC,0.646416,13.022472,0.330498,7.376508,8.997242,56.0,13.077004,25359.0,3.0,0.410693,9.222467,11.086533
NCAA:colby,Colby College,161086,2022,2022,False,ME,0.540705,12.708722,0.617254,7.902857,9.01996,40.0,12.708722,0.0,5.0,0.828676,11.475878,11.586046
NCAA:colby-sawyer,Colby-Sawyer College,182634,2022,2022,False,NH,0.13791,11.510563,0.223572,7.153052,8.045137,32.0,11.510563,0.0,4.0,0.348724,8.794219,10.762319
NCAA:colorado-christian,Colorado Christian University,126669,2022,2022,False,CO,0.600851,12.868219,0.634265,7.945555,9.257394,37.0,12.868219,0.0,3.0,0.554678,10.018378,11.037676
NCAA:colorado-mesa,Colorado Mesa University,127556,2022,2022,False,CO,0.757594,13.360708,0.654313,7.993958,9.317745,57.0,13.390483,19179.0,4.0,0.811665,11.322564,11.348911
NCAA:columbus-state,Columbus State University,139366,2022,2022,False,GA,0.708384,13.203763,0.699271,8.105006,9.677463,34.0,13.203763,0.0,4.0,0.49514,9.728479,11.158348
NCAA:concord,Concord University,237330,2022,2022,False,WV,0.570474,12.773892,0.015188,5.713733,8.882208,49.0,12.773892,0.0,2.0,0.560753,10.037363,11.05933
NCAA:concordia-chicago,Concordia University-Chicago,144351,2022,2022,False,IL,0.574119,12.782756,0.794046,8.40268,9.199336,36.0,12.789681,2474.0,3.0,0.604496,10.219429,10.970919
NCAA:concordia-saint-paul,Concordia University-Saint Paul,173328,2022,2022,False,MN,0.752126,13.333467,0.814702,8.491875,9.69594,38.0,13.333467,0.0,5.0,0.833536,11.55052,11.279466
NCAA:concordia-wisconsin,Concordia University-Wisconsin,238616,2022,2022,False,WI,0.318348,12.161305,0.393074,7.497762,8.354873,45.0,12.36273,42675.0,4.0,0.744836,10.883748,10.954764
NCAA:covenant,Covenant College,139393,2022,2022,False,GA,0.273998,12.04026,0.094775,6.728629,8.148723,49.0,12.04026,0.0,4.0,0.512758,9.82612,10.908778
NCAA:curry,Curry College,165529,2022,2022,False,MA,0.216282,11.851481,0.55407,7.771067,8.16288,40.0,11.851481,0.0,6.0,0.526124,9.899931,11.054202
NCAA:dallas,University of Dallas,224323,2022,2022,False,TX,0.403402,12.354363,0.319563,7.3518,8.770995,36.0,12.354363,0.0,3.0,0.489064,9.707533,10.931355
NCAA:dallas,Dallas College,224615,2022,2022,False,TX,0.814702,13.576968,0.109964,6.777647,,,13.576968,0.0,17.0,0.14034,0.0,11.038448
NCAA:davenport,Davenport University,169479,2022,2022,False,MI,0.798906,13.517223,0.798906,8.421343,9.605266,50.0,13.517223,0.0,7.0,0.820778,11.413403,10.940544
NCAA:davis-and-elkins,Davis & Elkins College,237358,2022,2022,False,WV,0.411908,12.387973,0.175577,7.034388,9.055881,28.0,12.395519,1817.0,2.0,0.474484,9.631548,10.740627
NCAA:dean,Dean College,165574,2022,2022,False,MA,0.099635,11.316679,0.077764,6.664409,7.603594,41.0,11.370221,4520.0,4.0,0.599028,10.197835,10.996099
NCAA:defiance,Defiance College,202514,2022,2022,False,OH,0.249089,11.968507,0.200486,7.102499,8.38521,36.0,11.968507,0.0,2.0,0.741191,10.875686,10.757562
NCAA:delaware-valley,Delaware Valley University,211981,2022,2022,False,PA,0.196841,11.789504,0.09599,6.729824,8.178859,37.0,11.789504,0.0,2.0,0.603888,10.213249,10.923688
NCAA:delta-state,Delta State University,175616,2022,2022,False,MS,0.691981,13.141517,0.569259,7.8018,9.530669,37.0,13.141517,0.0,2.0,0.63062,10.347179,11.28783
NCAA:denison,Denison University,202523,2022,2022,False,OH,0.507898,12.626784,0.747266,8.235891,8.98932,38.0,12.626784,0.0,3.0,0.783718,11.105544,11.271058
NCAA:depauw,DePauw University,150400,2022,2022,False,IN,0.395504,12.343122,0.644593,7.978654,8.654413,40.0,12.343122,0.0,3.0,0.551033,10.007532,11.206414
NCAA:desales,DeSales University,210739,2022,2022,False,PA,0.379708,12.319133,0.545565,7.751905,8.822769,33.0,12.344225,5690.0,6.0,0.501215,9.772296,10.748647
NCAA:dickinson,Dickinson College,212009,2022,2022,False,PA,0.118469,11.419417,0.092345,6.723832,7.730965,40.0,11.608699,18978.0,4.0,0.725395,10.803161,11.13288
NCAA:drew,Drew University,184348,2022,2022,False,NJ,0.232685,11.91695,0.462333,7.59589,8.306272,37.0,11.91695,0.0,4.0,0.529769,9.916108,10.796919
NCAA:drury,Drury University,177214,2022,2022,False,MO,0.784326,13.460942,0.704131,8.113427,9.589808,48.0,13.460942,0.0,4.0,0.673755,10.535158,11.062787
NCAA:dubuque,University of Dubuque,153278,2022,2022,False,IA,0.290401,12.084577,0.109356,6.777647,8.42123,39.0,12.110063,4572.0,2.0,0.780073,11.093311,10.96067
NCAA:dyouville,D'Youville College,190716,2022,2022,False,NY,0.308627,12.124195,0.605711,7.878913,8.540866,36.0,12.124195,0.0,5.0,0.545565,9.981744,10.835258
NCAA:earlham,Earlham College,150455,2022,2022,False,IN,0.448967,12.47881,0.071081,6.614726,9.013192,32.0,12.47881,0.0,5.0,0.634872,10.362083,10.839699
NCAA:east-central,East Central College,177250,2022,2022,False,MO,0.346902,12.241623,0.754557,8.264621,8.74527,33.0,12.241623,0.0,2.0,0.201701,6.706862,10.119768
NCAA:east-central,East Central University,207041,2022,2022,False,OK,0.5,12.603694,0.452005,7.575072,8.775204,46.0,12.60369,-1.0,4.0,0.482989,9.679156,11.02832
NCAA:east-texas-baptist,East Texas Baptist University,224527,2022,2022,False,TX,0.557716,12.746663,0.691981,8.083946,8.854982,49.0,12.746663,0.0,5.0,0.805589,11.283147,11.10868
NCAA:eastern,Eastern University,212133,2022,2022,False,PA,0.385176,12.328715,0.548603,7.758761,8.437107,49.0,12.422333,22189.0,5.0,0.651883,10.460156,10.727707
NCAA:eastern-connecticut-state,Eastern Connecticut State University,129215,2022,2022,False,CT,0.577157,12.792878,0.784933,8.364508,9.237625,35.0,12.792878,0.0,6.0,0.315917,8.471568,11.505196
NCAA:eastern-nazarene,Eastern Nazarene College,165644,2022,2022,False,MA,0.134265,11.498421,0.192588,7.07327,7.887868,37.0,11.498421,0.0,2.0,0.484812,9.687816,10.715306
NCAA:eckerd,Eckerd College,133492,2022,2022,False,FL,0.797084,13.50813,0.527339,7.710653,9.770517,42.0,13.50813,0.0,5.0,0.524909,9.894195,11.14318
NCAA:edgewood,Edgewood College,238661,2022,2022,False,WI,0.324423,12.178624,0.656136,7.99497,8.595285,36.0,12.885488,199960.0,5.0,0.400365,9.179159,10.766145
NCAA:edward-waters,Edward Waters University,133526,2022,2022,False,FL,0.606318,12.884489,0.53949,7.741534,8.84158,57.0,12.884489,0.0,3.0,0.057108,0.0,11.090218
NCAA:elizabethtown,Elizabethtown College,212197,2022,2022,False,PA,0.305589,12.114051,0.563183,7.793174,8.648485,32.0,12.114051,0.0,4.0,0.35723,8.850661,10.866299
NCAA:elmhurst,Elmhurst University,144962,2022,2022,False,IL,0.2661,12.020857,0.255164,7.229839,8.214459,45.0,12.074397,9140.0,4.0,0.752126,10.930228,11.069198
NCAA:elmira,Elmira College,190983,2022,2022,False,NY,0.193196,11.773473,0.554678,7.771489,8.441476,28.0,11.773473,0.0,4.0,0.647631,10.429635,10.917957
NCAA:emerson,Emerson College,165662,2022,2022,False,MA,0.424666,12.41714,0.698663,8.100465,8.610655,45.0,12.41714,0.0,3.0,0.653706,10.4655,11.021347
NCAA:emory,Emory University,139658,2022,2022,False,GA,0.613609,12.903802,0.839611,8.610501,9.348538,35.0,13.485274,316917.0,3.0,0.594775,10.178122,11.535577
NCAA:emory-and-henry,Emory & Henry College,232025,2022,2022,False,VA,0.31045,12.133884,0.13548,6.886532,8.202327,51.0,12.133884,0.0,2.0,0.685298,10.592702,10.870814
NCAA:emporia-state,Emporia State University,155025,2022,2022,False,KS,0.62819,12.964986,0.558323,7.784473,9.301514,39.0,12.964986,0.0,4.0,0.786148,11.120016,11.212752
NCAA:endicott,Endicott College,165699,2022,2022,False,MA,0.32503,12.179225,0.127582,6.859615,8.329314,47.0,12.179225,0.0,2.0,0.561968,10.038761,11.038801
NCAA:erskine,Erskine College,217998,2022,2022,False,SC,0.8226,13.605508,0.417983,7.52564,,,13.605508,0.0,3.0,0.136087,0.0,10.724082
NCAA:eureka,Eureka College,144971,2022,2022,False,IL,0.182868,11.730437,0.515796,7.68708,8.434809,27.0,11.730437,0.0,2.0,0.22175,7.120444,10.742314
NCAA:fairmont-state,Fairmont State University,237367,2022,2022,False,WV,0.41616,12.397709,0.194411,7.078342,8.636682,43.0,12.360089,-8944.0,3.0,0.440462,9.444543,11.042346
NCAA:farmingdale-state,Farmingdale State College,196042,2022,2022,False,NY,0.139125,11.521271,0.163426,6.991177,8.087581,31.0,11.544104,2329.0,2.0,0.115431,0.0,11.484907
NCAA:felician,Felician University,184612,2022,2022,False,NJ,0.691373,13.14063,0.473876,7.619724,9.115386,56.0,13.14063,0.0,5.0,0.54435,9.978085,11.816852
NCAA:ferrum,Ferrum College,232089,2022,2022,False,VA,0.422236,12.412115,0.513366,7.685244,8.698705,41.0,12.412115,0.0,3.0,0.793439,11.1909,10.708064
NCAA:findlay,The University of Findlay,202763,2022,2022,False,OH,0.645808,13.018495,0.327461,7.367709,9.126781,49.0,13.030715,5541.0,2.0,0.791009,11.176599,11.261434
NCAA:finlandia,Finlandia University,172440,2022,2022,False,MI,0.27096,12.037021,0.767315,8.304,8.704976,28.0,12.037021,0.0,5.0,0.368165,8.935904,10.853232
NCAA:fitchburg-state,Fitchburg State University,165820,2022,2022,False,MA,0.162819,11.665054,0.417375,7.52564,7.927737,42.0,11.665054,0.0,5.0,0.347509,8.783549,10.819858
NCAA:flagler,Flagler College,133711,2022,2022,False,FL,0.713852,13.220845,0.562576,7.792762,9.370781,47.0,13.220845,0.0,5.0,0.713852,10.752997,11.355652
NCAA:florida-southern,Florida Southern College,134079,2022,2022,False,FL,0.825638,13.612912,0.724787,8.176673,9.949397,39.0,13.612912,0.0,5.0,0.687728,10.606882,11.062097
NCAA:fontbonne,Fontbonne University,177418,2022,2022,False,MO,0.457473,12.496056,0.176792,7.038784,8.735013,43.0,12.666988,49824.0,4.0,0.371203,8.947546,10.703716
NCAA:fort-hays-state,Fort Hays State University,155061,2022,2022,False,KS,0.576549,12.788115,0.461118,7.590852,9.099345,40.0,12.75816,-10563.0,3.0,0.899757,12.301351,11.475608
NCAA:framingham-state,Framingham State University,165866,2022,2022,False,MA,0.162211,11.660957,0.198663,7.099202,8.105903,35.0,11.724927,7660.0,3.0,0.17497,5.556828,11.119572
NCAA:francis-marion,Francis Marion University,218061,2022,2022,False,SC,0.660389,13.058827,0.353584,7.425954,8.915824,63.0,13.058827,0.0,3.0,0.327461,8.588397,11.300771
NCAA:franklin,Franklin College,150604,2022,2022,False,IN,0.340826,12.222266,0.606318,7.879291,8.461272,43.0,12.269104,9747.0,3.0,0.425881,9.322508,10.926046
NCAA:franklin-and-marshall,Franklin and Marshall College,212577,2022,2022,False,PA,0.45565,12.495135,0.730863,8.189245,9.029515,32.0,12.5957,28251.0,4.0,0.779465,11.090523,10.858903
NCAA:franklin-pierce,Franklin Pierce University,182795,2022,2022,False,NH,0.623937,12.945447,0.236938,7.193686,9.307949,38.0,12.945447,0.0,3.0,0.678615,10.558725,11.069151
NCAA:fresno-pacific,Fresno Pacific University,114813,2022,2022,False,CA,0.76853,13.409984,0.76367,8.287025,9.648847,43.0,13.451717,28409.0,5.0,0.561361,10.038412,11.112478
NCAA:frostburg-state,Frostburg State University,162584,2022,2022,False,MD,0.563183,12.759331,0.647631,7.98344,9.121851,38.0,12.759331,0.0,5.0,0.575334,10.100944,11.209304
NCAA:gallaudet,Gallaudet University,131450,2022,2022,False,DC,0.289793,12.08295,0.755164,8.268988,9.374979,15.0,12.104765,3900.0,3.0,0.349939,8.817298,11.407287
NCAA:gannon,Gannon University,212601,2022,2022,False,PA,0.671324,13.082214,0.611786,7.890208,9.150493,51.0,13.102475,9831.0,4.0,0.723572,10.80084,11.095742
NCAA:geneva,Geneva College,212656,2022,2022,False,PA,0.226002,11.890217,0.224787,7.154615,8.489219,30.0,11.890217,0.0,3.0,0.597813,10.194776,10.842381
NCAA:george-fox,George Fox University,208822,2022,2022,False,OR,0.538275,12.706366,0.72904,8.187299,8.877861,46.0,12.739309,11047.0,6.0,0.781896,11.100572,11.191411
NCAA:gettysburg,Gettysburg College,212674,2022,2022,False,PA,0.367558,12.285323,0.227825,7.162397,8.435388,47.0,12.285323,0.0,4.0,0.708384,10.728671,11.33806
NCAA:glenville-state,Glenville State University,237385,2022,2022,False,WV,0.491495,12.582284,0.131835,6.871091,8.455359,62.0,12.527449,-15546.0,3.0,0.40887,9.220786,10.851025
NCAA:goldey-beacom,Goldey-Beacom College,130989,2022,2022,False,DE,0.470231,12.527707,0.569866,7.802618,8.790186,42.0,12.527707,0.0,4.0,0.372418,8.951829,10.508677
NCAA:gordon,Gordon College,165936,2022,2022,False,MA,0.115431,11.400182,0.083232,6.690842,7.966531,31.0,11.400182,0.0,1.0,0.496962,9.744375,10.926496
NCAA:grand-valley-state,Grand Valley State University,170082,2022,2022,False,MI,0.769137,13.412908,0.799514,8.422223,9.947219,32.0,13.521362,76588.0,4.0,0.821993,11.416304,11.903412
NCAA:greensboro,Greensboro College,198598,2022,2022,False,NC,0.203524,11.812734,0.365735,7.449498,8.028863,44.0,11.812734,0.0,4.0,0.395504,9.129456,10.742119
NCAA:greenville,Greenville University,145372,2022,2022,False,IL,0.18955,11.757376,0.103888,6.754604,7.996505,43.0,11.828028,9348.0,3.0,0.427096,9.331584,10.864522
NCAA:grinnell,Grinnell College,153384,2022,2022,False,IA,0.441069,12.459478,0.614824,7.897668,8.652986,45.0,12.459478,0.0,6.0,0.706561,10.711012,11.433514
NCAA:guilford,Guilford College,198613,2022,2022,False,NC,0.179222,11.721808,0.274605,7.276556,8.22556,33.0,11.755809,4262.0,2.0,0.501823,9.776393,10.778956
NCAA:gustavus-adolphus,Gustavus Adolphus College,173647,2022,2022,False,MN,0.390036,12.33686,0.395504,7.499423,8.38584,52.0,12.33686,0.0,6.0,0.538882,9.954323,11.408242
NCAA:gwynedd-mercy,Gwynedd Mercy University,212832,2022,2022,False,PA,0.14277,11.547037,0.18712,7.06732,8.289182,26.0,11.547037,0.0,3.0,0.132442,0.0,11.487536
NCAA:hamilton,Hamilton College,191515,2022,2022,False,NY,0.425881,12.419057,0.68712,8.071531,8.835679,36.0,12.419057,0.0,3.0,0.749696,10.910149,11.562972
NCAA:hamline,Hamline University,173665,2022,2022,False,MN,0.560146,12.752125,0.869988,8.787068,9.014575,42.0,12.752125,0.0,5.0,0.666464,10.508432,10.883729
NCAA:hampden-sydney,Hampden-Sydney College,232256,2022,2022,False,VA,0.512151,12.632803,0.407655,7.512618,8.826284,45.0,12.632803,0.0,3.0,0.828068,11.475556,11.071921
NCAA:hanover,Hanover College,150756,2022,2022,False,IN,0.294654,12.092887,0.487242,7.641084,8.308938,44.0,12.092887,0.0,2.0,0.691981,10.6366,10.617589
NCAA:hardin-simmons,Hardin-Simmons University,225247,2022,2022,False,TX,0.384569,12.327586,0.580194,7.822044,8.664193,39.0,12.510025,45200.0,2.0,0.408262,9.215626,11.13061
NCAA:harding,Harding University,107044,2022,2022,False,AR,0.696233,13.149605,0.622722,7.913887,9.365499,44.0,13.211509,32812.0,2.0,0.541312,9.964394,11.442718
NCAA:haverford,Haverford College,212911,2022,2022,False,PA,0.288578,12.081314,0.439247,7.56008,8.615754,32.0,12.533922,101054.0,7.0,0.58384,10.13935,11.039717
NCAA:hawaii-hilo,University of Hawaii at Hilo,141565,2022,2022,False,HI,0.782503,13.456709,0.791616,8.396155,9.431436,56.0,13.456709,0.0,6.0,0.323208,8.532082,10.989538
NCAA:hawaii-pacific,Hawaii Pacific University,141644,2022,2022,False,HI,0.699878,13.167815,0.851154,8.686767,9.584363,36.0,13.167815,0.0,7.0,0.384569,9.026898,10.95375
NCAA:heidelberg,Heidelberg University,203085,2022,2022,False,OH,0.304982,12.112937,0.344471,7.401231,8.22138,49.0,12.112937,0.0,3.0,0.572296,10.091791,10.808576
NCAA:henderson-state,Henderson State University,107071,2022,2022,False,AR,0.554678,12.737947,0.213244,7.132498,8.826068,50.0,12.737947,0.0,2.0,0.787971,11.151238,11.202848
NCAA:hendrix,Hendrix College,107080,2022,2022,False,AR,0.391859,12.34087,0.620292,7.911324,8.556868,44.0,12.34087,0.0,3.0,0.732078,10.829847,10.901119
NCAA:hilbert,Hilbert College,191621,2022,2022,False,NY,0.277035,12.049325,0.383354,7.487734,8.466011,36.0,12.335402,56629.0,5.0,0.377886,8.983691,10.646591
NCAA:hiram,Hiram College,203128,2022,2022,False,OH,0.373633,12.305049,0.243013,7.2086,8.162195,63.0,12.305049,0.0,4.0,0.881531,12.079318,10.775847
NCAA:holy-names,Holy Names University,115728,2022,2022,False,CA,0.654313,13.040205,0.625759,7.927685,9.606283,31.0,13.040205,0.0,3.0,0.363913,8.910856,11.264477
NCAA:hood,Hood College,162760,2022,2022,False,MD,0.337181,12.217957,0.359052,7.436028,8.580553,38.0,12.217957,0.0,6.0,0.556501,10.029327,10.904064
NCAA:hope,Hope College,170301,2022,2022,False,MI,0.256987,11.986896,0.130012,6.864848,8.180508,45.0,11.986896,0.0,3.0,0.767922,11.031335,10.918338
NCAA:houghton,Houghton College,191676,2022,2022,False,NY,0.078979,11.191535,0.232685,7.181592,7.859703,28.0,11.191535,0.0,3.0,0.431956,9.353748,10.565221
NCAA:howard-payne,Howard Payne University,225548,2022,2022,False,TX,0.391252,12.339852,0.469623,7.612831,8.511407,46.0,12.391323,12076.0,4.0,0.657959,10.477851,10.912339
NCAA:huntingdon,Huntingdon College,101435,2022,2022,False,AL,0.529769,12.686698,0.44593,7.571474,8.795026,49.0,12.795691,37243.0,4.0,0.68469,10.589635,11.194165
NCAA:husson,Husson University,487524,2022,2022,False,ME,0.398542,12.34899,0.735115,8.196437,8.711565,38.0,12.392818,10337.0,5.0,0.761239,10.971692,10.614647
NCAA:illinois-springfield,University of Illinois Springfield,148654,2022,2022,False,IL,0.692588,13.141729,0.746051,8.232972,9.313176,46.0,13.141729,0.0,3.0,0.50729,9.803612,10.936547
NCAA:illinois-wesleyan,Illinois Wesleyan University,145646,2022,2022,False,IL,0.280073,12.054511,0.335358,7.383368,8.226132,46.0,12.054511,0.0,4.0,0.76853,11.040599,11.046994
NCAA:immaculata,Immaculata University,213011,2022,2022,False,PA,0.050425,10.93701,0.100243,6.741701,7.109169,46.0,10.93701,0.0,4.0,0.4113,9.235131,10.595884
NCAA:iowa-wesleyan,Iowa Wesleyan University,153621,2022,2022,False,IA,0.917983,14.162592,0.484204,7.634821,9.899962,71.0,14.162592,0.0,5.0,0.815917,11.343109,10.685309
NCAA:ithaca,Ithaca College,191968,2022,2022,False,NY,0.534629,12.693588,0.700486,8.105911,8.801915,49.0,12.693588,0.0,3.0,0.77096,11.054344,11.251418
NCAA:jamestown,University of Jamestown,200156,2022,2022,False,ND,0.8548,13.787841,0.125759,6.852243,9.539417,70.0,13.787841,0.0,6.0,0.760024,10.971417,10.853677
NCAA:jefferson,Jefferson College,177676,2022,2022,False,MO,0.473269,12.535833,0.620899,7.911691,9.101954,31.0,12.679869,43089.0,4.0,0.209599,6.929517,10.694328
NCAA:john-carroll,John Carroll University,203368,2022,2022,False,OH,0.269745,12.034644,0.241798,7.204149,7.845375,66.0,12.034644,0.0,3.0,0.605711,10.224556,10.819838
NCAA:johns-hopkins,Johns Hopkins University,162928,2022,2022,False,MD,0.552248,12.733263,0.646416,7.982075,9.044498,40.0,12.778424,15653.0,8.0,0.840219,11.601797,11.526375
NCAA:juniata,Juniata College,213251,2022,2022,False,PA,0.250911,11.974853,0.2339,7.183112,8.190934,44.0,12.278909,56398.0,3.0,0.803767,11.27657,10.850113
NCAA:kalamazoo,Kalamazoo College,170532,2022,2022,False,MI,0.541312,12.708922,0.529162,7.713785,9.275025,31.0,12.708922,0.0,6.0,0.626367,10.328984,11.102036
NCAA:kean,Kean University,185262,2022,2022,False,NJ,0.309842,12.132162,0.40887,7.513709,8.731121,30.0,12.132162,0.0,6.0,0.446537,9.472782,11.325499
NCAA:keene-state,Keene State College,183062,2022,2022,False,NH,0.314702,12.14568,0.671324,8.031385,8.778533,29.0,12.305139,32549.0,3.0,0.415553,9.253017,11.112567
NCAA:kentucky-state,Kentucky State University,157058,2022,2022,False,KY,0.396719,12.346621,0.481774,7.630947,8.820404,34.0,12.346621,0.0,3.0,0.074727,0.0,11.154206
NCAA:kentucky-wesleyan,Kentucky Wesleyan College,157076,2022,2022,False,KY,0.737546,13.289531,0.599028,7.87093,9.397792,49.0,13.280413,-5364.0,3.0,0.670717,10.522315,10.760241
NCAA:kenyon,Kenyon College,203535,2022,2022,False,OH,0.3226,12.172862,0.240583,7.201916,8.509497,39.0,12.172862,0.0,3.0,0.77339,11.058165,10.993748
NCAA:keuka,Keuka College,192192,2022,2022,False,NY,0.133657,11.490353,0.283718,7.288928,8.024934,32.0,11.490353,0.0,5.0,0.377278,8.980298,10.907331
NCAA:keystone,Keystone College,213303,2022,2022,False,PA,0.513973,12.641042,0.54435,7.751475,8.856991,44.0,12.641042,0.0,3.0,0.527947,9.909718,10.774739
NCAA:knox,Knox College,146427,2022,2022,False,IL,0.201701,11.807854,0.479951,7.627057,8.170543,38.0,11.807854,0.0,5.0,0.72661,10.805233,10.855242
NCAA:lagrange,LaGrange College,140234,2022,2022,False,GA,0.555893,12.739626,0.730255,8.188689,9.002077,42.0,12.739626,0.0,3.0,0.483597,9.684336,11.126042
NCAA:lake-erie,Lake Erie College,203580,2022,2022,False,OH,0.592953,12.838394,0.705954,8.116716,9.372741,32.0,12.838394,0.0,4.0,0.540705,9.96383,10.75769
NCAA:lakeland,Lakeland University,238980,2022,2022,False,WI,0.427096,12.427531,0.466586,7.604894,8.714119,41.0,12.474021,11877.0,3.0,0.659781,10.481112,10.810394
NCAA:lancaster-bible,Lancaster Bible College,213400,2022,2022,False,PA,0.144593,11.551377,0.188335,7.068172,8.117678,31.0,11.583719,3416.0,4.0,0.335358,8.657129,10.7347
NCAA:lander,Lander University,218229,2022,2022,False,SC,0.834751,13.655121,0.671932,8.03171,9.480809,65.0,13.876591,211172.0,3.0,0.654921,10.472035,11.451412
NCAA:lane,Lane College,220598,2022,2022,False,TN,0.347509,12.242795,0.588092,7.835579,9.064852,24.0,12.242795,0.0,3.0,0.300729,8.2943,10.964069
NCAA:lasell,Lasell University,166391,2022,2022,False,MA,0.160996,11.641714,0.229648,7.17012,8.145488,33.0,11.658583,1935.0,4.0,0.472661,9.615872,10.397177
NCAA:lawrence,Lawrence University,239017,2022,2022,False,WI,0.216889,11.851987,0.397327,7.502186,8.296881,35.0,11.851987,0.0,3.0,0.656136,10.472375,11.009142
NCAA:lebanon-valley,Lebanon Valley College,213507,2022,2022,False,PA,0.369988,12.292842,0.59599,7.862882,8.531834,43.0,12.303957,2438.0,6.0,0.738761,10.873035,11.060086
NCAA:lee,Lee University,220613,2022,2022,False,TN,0.770352,13.414173,0.824423,8.516593,9.776642,38.0,13.414173,0.0,3.0,0.506075,9.793338,11.395582
NCAA:lenoir-rhyne,Lenoir-Rhyne University,198835,2022,2022,False,NC,0.780073,13.453741,0.553463,7.770645,9.41077,57.0,13.453741,0.0,6.0,0.747266,10.892136,11.257956
NCAA:lesley,Lesley University,166452,2022,2022,False,MA,0.120899,11.429305,0.433171,7.549083,8.097394,28.0,11.429305,0.0,4.0,0.237546,7.533159,10.833543
NCAA:letourneau,LeTourneau University,226231,2022,2022,False,TX,0.396112,12.344786,0.582625,7.82764,8.656076,40.0,12.348704,902.0,2.0,0.378493,8.986572,10.751671
NCAA:lewis,Lewis University,146612,2022,2022,False,IL,0.705346,13.192341,0.711422,8.122965,9.454748,42.0,13.192341,0.0,4.0,0.717497,10.768317,11.149197
NCAA:lewis-and-clark,Lewis & Clark College,209056,2022,2022,False,OR,0.331713,12.206263,0.736938,8.198089,8.80521,30.0,12.206263,0.0,4.0,0.720535,10.775826,11.067903
NCAA:limestone,Limestone University,218238,2022,2022,False,SC,0.609964,12.899685,0.060146,6.536692,8.87447,56.0,12.899685,0.0,4.0,0.819563,11.386977,11.177229
NCAA:lincoln-memorial,Lincoln Memorial University,220631,2022,2022,False,TN,0.678615,13.101187,0.520656,7.694848,9.230082,48.0,13.114148,6386.0,5.0,0.799514,11.261382,10.981268
NCAA:lock-haven,Lock Haven University,213613,2022,2022,False,PA,0.55164,12.73222,0.743621,8.226573,9.400096,28.0,12.73222,0.0,2.0,0.343256,8.72713,11.377392
NCAA:loras,Loras College,153825,2022,2022,False,IA,0.301944,12.107401,0.428919,7.542744,8.279008,46.0,12.107401,0.0,5.0,0.78068,11.097183,10.971125
NCAA:louisiana-roche,La Roche University,213358,2022,2022,False,PA,0.157351,11.626254,0.626367,7.928046,8.368381,26.0,11.626254,0.0,3.0,0.255164,7.727094,10.861879
NCAA:louisiana-verne,University of La Verne,117140,2022,2022,False,CA,0.433779,12.443604,0.496355,7.654443,8.706096,42.0,12.496179,13691.0,3.0,0.3226,8.52238,11.239146
NCAA:lubbock-christian,Lubbock Christian University,226383,2022,2022,False,TX,0.751519,13.332483,0.831106,8.545586,9.749021,36.0,13.462628,85747.0,3.0,0.530984,9.921229,10.977927
NCAA:luther,Luther College,153834,2022,2022,False,IA,0.335358,12.214036,0.561361,7.79111,8.453044,43.0,12.326718,24046.0,3.0,0.755772,10.948752,11.088889
NCAA:lynchburg,University of Lynchburg,232609,2022,2022,False,VA,0.487242,12.572107,0.217497,7.137278,8.660254,50.0,12.572107,0.0,5.0,0.614216,10.254532,11.215247
NCAA:lynn,Lynn University,132657,2022,2022,False,FL,0.774605,13.438159,0.580802,7.822845,9.882861,35.0,13.438159,0.0,4.0,0.602673,10.209906,11.255294
NCAA:lyon,Lyon College,106342,2022,2022,False,AR,0.824423,13.609132,0.566221,7.796058,9.531666,59.0,13.609132,0.0,2.0,0.838396,11.575525,10.788742
NCAA:macalester,Macalester College,173902,2022,2022,False,MN,0.415553,12.3939,0.27339,7.271009,8.783131,37.0,12.472517,19738.0,8.0,0.674362,10.541571,11.259761
NCAA:malone,Malone University,203775,2022,2022,False,OH,0.743013,13.307119,0.594168,7.860185,9.281858,56.0,13.307119,0.0,11.0,0.485419,9.688002,10.479764
NCAA:manchester,Manchester University,151777,2022,2022,False,IN,0.206561,11.821696,0.072296,6.618739,7.851786,53.0,11.821696,0.0,2.0,0.752734,10.930675,10.851897
NCAA:manhattanville,Manhattanville College,192749,2022,2022,False,NY,0.142163,11.540998,0.021264,5.918894,7.552529,54.0,11.599965,6247.0,5.0,0.535237,9.943813,10.854585
NCAA:maranatha-baptist,Maranatha Baptist University,239071,2022,2022,False,WI,0.00729,10.165506,0.124544,6.848005,7.393494,16.0,9.955748,-4918.0,3.0,0.363305,8.891787,10.392773
NCAA:marietta,Marietta College,203845,2022,2022,False,OH,0.340219,12.222039,0.50243,7.664347,8.533352,40.0,12.508445,67394.0,4.0,0.777035,11.075149,11.122915
NCAA:mars-hill,Mars Hill University,198899,2022,2022,False,NC,0.743621,13.308863,0.530377,7.71913,9.645364,39.0,13.308863,0.0,3.0,0.585055,10.141401,10.777726
NCAA:martin-luther,Martin Luther College,173452,2022,2022,False,MN,0.061968,11.042554,0.232078,7.181592,7.824062,25.0,11.042554,0.0,3.0,0.09113,0.0,10.984581
NCAA:mary,University of Mary,200217,2022,2022,False,ND,0.656136,13.041225,0.657351,7.997327,9.191177,47.0,13.041225,0.0,3.0,0.82017,11.389571,11.056556
NCAA:mary-baldwin,Mary Baldwin University,232672,2022,2022,False,VA,0.138518,11.511735,0.287971,7.290975,7.956727,35.0,11.511735,0.0,3.0,0.520049,9.855662,10.643733
NCAA:mary-hardin-baylor,University of Mary Hardin-Baylor,226471,2022,2022,False,TX,0.420413,12.408299,0.345687,7.404279,8.69489,41.0,12.408299,0.0,2.0,0.743621,10.881494,11.329039
NCAA:mary-washington,University of Mary Washington,232681,2022,2022,False,VA,0.283718,12.062387,0.360267,7.437206,8.47907,36.0,12.120978,10453.0,3.0,0.572904,10.092454,11.194949
NCAA:marywood,Marywood University,213826,2022,2022,False,PA,0.035844,10.751821,0.034629,6.23637,7.226166,34.0,10.751821,0.0,3.0,0.544957,9.979939,10.341484
NCAA:mcdaniel,McDaniel College,164270,2022,2022,False,MD,0.201094,11.802418,0.291616,7.299797,8.165109,38.0,11.844923,5800.0,3.0,0.791616,11.176837,10.706274
NCAA:mckendree,McKendree University,147013,2022,2022,False,IL,0.752734,13.342782,0.281896,7.285507,9.153231,66.0,13.342782,0.0,6.0,0.756379,10.952419,10.989656
NCAA:mcmurry,McMurry University,226587,2022,2022,False,TX,0.50486,12.614832,0.576549,7.8144,8.723171,49.0,12.631563,5078.0,3.0,0.71932,10.769642,10.919895
NCAA:medaille,Medaille College,192925,2022,2022,False,NY,0.040705,10.815047,0.14034,6.906755,,,10.950807,7236.0,2.0,0.343864,8.734077,10.269588
NCAA:menlo,Menlo College,118693,2022,2022,False,CA,0.847509,13.754132,0.818955,8.49801,10.535282,25.0,13.754132,0.0,4.0,0.504253,9.784986,11.015542
NCAA:mercy,Mercy College,193016,2022,2022,False,NY,0.40644,12.361327,0.537667,7.738052,8.777958,36.0,12.361327,0.0,4.0,0.202309,6.715383,10.694646
NCAA:messiah,Messiah University,213996,2022,2022,False,PA,0.23147,11.908293,0.392467,7.497207,8.19499,41.0,11.696879,-28297.0,7.0,0.521871,9.861728,10.970884
NCAA:methodist,Methodist University,198969,2022,2022,False,NC,0.516403,12.652072,0.239976,7.201171,,,12.652072,0.0,3.0,0.750911,10.912777,10.965125
NCAA:middlebury,Middlebury College,230959,2022,2022,False,VT,0.477521,12.54728,0.247874,7.21891,8.93649,37.0,12.54728,0.0,4.0,0.776428,11.074886,11.566533
NCAA:miles,Miles College,101675,2022,2022,False,AL,0.464763,12.518673,0.668287,8.025843,8.963449,35.0,12.518673,0.0,2.0,0.836574,11.569079,11.512935
NCAA:millikin,Millikin University,147244,2022,2022,False,IL,0.431956,12.440219,0.438032,7.557473,8.702712,42.0,12.440219,0.0,3.0,0.637303,10.371239,11.083987
NCAA:millsaps,Millsaps College,175980,2022,2022,False,MS,0.531592,12.690965,0.792224,8.396381,8.977516,41.0,12.690965,0.0,3.0,0.629405,10.344513,11.037869
NCAA:minnesota-crookston,University of Minnesota-Crookston,174075,2022,2022,False,MN,0.744228,13.311757,0.830498,8.539346,9.399815,50.0,13.31175,-4.0,4.0,0.566829,10.063819,11.000315
NCAA:minnesota-duluth,University of Minnesota-Duluth,174233,2022,2022,False,MN,0.458688,12.500658,0.741191,8.219595,8.974421,34.0,12.500658,0.0,3.0,0.868773,11.927971,12.164782
NCAA:minnesota-morris,University of Minnesota-Morris,174251,2022,2022,False,MN,0.291009,12.085463,0.549818,7.762596,8.684429,30.0,12.085463,0.0,4.0,0.463548,9.573594,11.042762
NCAA:minot-state,Minot State University,200253,2022,2022,False,ND,0.681652,13.111092,0.783718,8.352083,9.219369,49.0,13.111092,0.0,3.0,0.849939,11.678381,11.371788
NCAA:misericordia,Misericordia University,214069,2022,2022,False,PA,0.208384,11.825997,0.363913,7.440734,8.019657,45.0,11.832121,840.0,4.0,0.769745,11.046085,10.908906
NCAA:missouri-saint-louis,University of Missouri-St Louis,178420,2022,2022,False,MO,0.585055,12.80997,0.402187,7.508787,9.172485,38.0,12.80997,0.0,2.0,0.414945,9.252058,10.954886
NCAA:missouri-southern-state,Missouri Southern State University,178341,2022,2022,False,MO,0.68955,13.137849,0.715067,8.147578,9.500336,38.0,13.180332,22038.0,3.0,0.794046,11.198708,11.780981
NCAA:mitchell,Mitchell College,129774,2022,2022,False,CT,0.470838,12.527946,0.579587,7.820038,8.766898,43.0,12.527946,0.0,7.0,0.342041,8.717355,10.849687
NCAA:molloy,Molloy College,193292,2022,2022,False,NY,0.668287,13.072923,0.738153,8.213111,9.435415,38.0,13.30302,123121.0,4.0,0.193196,6.437752,10.205405
NCAA:montclair-state,Montclair State University,185590,2022,2022,False,NJ,0.3548,12.255872,0.522479,7.699389,8.700685,35.0,12.259661,798.0,4.0,0.743013,10.879669,11.488172
NCAA:montevallo,University of Montevallo,101709,2022,2022,False,AL,0.704739,13.191852,0.565614,7.795647,9.26012,51.0,13.191852,0.0,3.0,0.705346,10.706363,11.065043
NCAA:moravian,Moravian University,214157,2022,2022,False,PA,0.331106,12.205653,0.173147,7.028201,8.468188,42.0,12.215756,2030.0,6.0,0.543135,9.97208,10.950227
NCAA:mount-aloysius,Mount Aloysius College,214166,2022,2022,False,PA,0.126367,11.460063,0.442892,7.567346,7.771594,40.0,11.460063,0.0,3.0,0.297084,8.275122,9.683028
NCAA:mount-olive,University of Mount Olive,199069,2022,2022,False,NC,0.651883,13.034555,0.396719,7.502186,9.227988,45.0,13.097366,29688.0,5.0,0.444107,9.460398,10.817035
NCAA:mount-union,University of Mount Union,204185,2022,2022,False,OH,0.307412,12.12387,0.149453,6.932448,7.965329,64.0,12.12387,0.0,3.0,0.710207,10.744645,10.959471
NCAA:muhlenberg,Muhlenberg College,214175,2022,2022,False,PA,0.329283,12.198867,0.153706,6.955593,8.535496,39.0,12.143197,-10752.0,3.0,0.7339,10.835396,11.139439
NCAA:muskingum,Muskingum University,204264,2022,2022,False,OH,0.363913,12.275683,0.405832,7.511525,8.491694,44.0,12.275683,0.0,3.0,0.621507,10.290042,10.985327
NCAA:nebraska-wesleyan,Nebraska Wesleyan University,181446,2022,2022,False,NE,0.311665,12.137339,0.656744,7.995307,8.186368,52.0,12.160924,4456.0,3.0,0.601458,10.208248,11.068028
NCAA:neumann,Neumann University,214272,2022,2022,False,PA,0.244836,11.959737,0.459295,7.588324,8.433588,34.0,11.959737,0.0,3.0,0.638518,10.37552,11.831903
NCAA:new-jersey-city,New Jersey City University,185129,2022,2022,False,NJ,0.264885,12.009188,0.701701,8.106816,8.371827,38.0,12.009188,0.0,5.0,0.103888,0.0,11.444818
NCAA:newberry,Newberry College,218414,2022,2022,False,SC,0.693196,13.142052,0.482989,7.632401,9.210325,51.0,13.15473,6506.0,4.0,0.605103,10.222414,11.167148
NCAA:newman,Newman University,155335,2022,2022,False,KS,0.724787,13.248955,0.653098,7.990577,9.420393,46.0,13.248955,0.0,2.0,0.499392,9.76721,10.63979
NCAA:nichols,Nichols College,167260,2022,2022,False,MA,0.619684,12.92138,0.597813,7.867489,8.861076,58.0,12.934908,5570.0,5.0,0.801944,11.27172,10.96844
NCAA:north-carolina-wesleyan,North Carolina Wesleyan College,199209,2022,2022,False,NC,0.352369,12.250898,0.196233,7.089243,8.173638,59.0,12.250898,0.0,3.0,0.63305,10.352714,11.274465
NCAA:north-georgia,University of North Georgia,482680,2022,2022,False,GA,0.72904,13.260407,0.821385,8.507345,9.763956,33.0,13.441407,113893.0,3.0,0.409478,9.221379,11.364599
NCAA:north-greenville,North Greenville University,218441,2022,2022,False,SC,0.64277,13.012477,0.295261,7.305188,9.183936,46.0,13.103588,42732.0,5.0,0.567436,10.06968,10.862493
NCAA:north-park,North Park University,147679,2022,2022,False,IL,0.490887,12.582085,0.623329,7.922261,8.86865,41.0,12.582085,0.0,4.0,0.713244,10.750878,11.215476
NCAA:northeastern-state,Northeastern State University,207263,2022,2022,False,OK,0.637303,12.991904,0.790401,8.390496,9.408465,36.0,12.991904,0.0,3.0,0.696233,10.659868,11.109982
NCAA:northern-state,Northern State University,219259,2022,2022,False,SD,0.63548,12.98965,0.690765,8.080856,8.912245,59.0,12.983097,-2860.0,3.0,0.816525,11.346517,11.293961
NCAA:northland,Northland College,239512,2022,2022,False,WI,0.22175,11.870047,0.722357,8.168486,8.779152,22.0,11.870047,0.0,1.0,0.617254,10.278459,10.556802
NCAA:northwest-missouri-state,Northwest Missouri State University,178624,2022,2022,False,MO,0.729648,13.260719,0.534629,7.729296,9.217765,57.0,13.260719,0.0,4.0,0.81531,11.343098,11.683503
NCAA:northwest-nazarene,Northwest Nazarene University,142461,2022,2022,False,ID,0.812272,13.570565,0.764885,8.296297,9.720476,47.0,13.570565,0.0,5.0,0.715674,10.763822,11.05406
NCAA:northwestern-saint-paul,University of Northwestern-St Paul,174491,2022,2022,False,MN,0.0887,11.262089,0.290401,7.297768,7.736153,34.0,11.262089,0.0,4.0,0.522479,9.881089,10.630239
NCAA:northwood,Northwood University,171492,2022,2022,False,MI,0.756379,13.357714,0.649453,7.987864,9.297361,58.0,13.357714,0.0,4.0,0.800729,11.265118,11.075939
NCAA:norwich,Norwich University,230995,2022,2022,False,VT,0.238761,11.933496,0.199271,7.099202,8.322814,37.0,11.933496,0.0,4.0,0.734508,10.837991,10.9737
NCAA:nova-southeastern,Nova Southeastern University,136215,2022,2022,False,FL,0.82017,13.600127,0.827461,8.525756,9.862508,42.0,13.600127,0.0,2.0,0.490887,9.715108,11.432854
NCAA:oakland-city,Oakland City University,152099,2022,2022,False,IN,0.665249,13.063865,0.164642,6.995766,9.093684,53.0,13.07277,4218.0,3.0,0.270352,7.964503,11.114431
NCAA:oberlin,Oberlin College,204501,2022,2022,False,OH,0.346294,12.239348,0.472053,7.618251,8.25062,54.0,12.331678,20000.0,2.0,0.843256,11.622139,11.008115
NCAA:occidental,Occidental College,120254,2022,2022,False,CA,0.373026,12.304931,0.201094,7.103322,8.667512,38.0,12.603838,76917.0,5.0,0.586877,10.146669,11.267856
NCAA:oglethorpe,Oglethorpe University,140696,2022,2022,False,GA,0.489672,12.579975,0.728433,8.184793,9.024744,35.0,12.579975,0.0,4.0,0.513973,9.828387,11.149643
NCAA:ohio-dominican,Ohio Dominican University,204617,2022,2022,False,OH,0.467801,12.524315,0.219927,7.141245,8.674335,47.0,12.625874,29390.0,4.0,0.465371,9.57755,10.967301
NCAA:ohio-northern,Ohio Northern University,204635,2022,2022,False,OH,0.413123,12.39028,0.258202,7.234177,8.561826,46.0,12.39028,0.0,4.0,0.830498,11.482703,11.179883
NCAA:ohio-wesleyan,Ohio Wesleyan University,204909,2022,2022,False,OH,0.26853,12.028165,0.272175,7.266827,8.3908,38.0,12.028165,0.0,2.0,0.682868,10.57582,10.946975
NCAA:oklahoma-baptist,Oklahoma Baptist University,207403,2022,2022,False,OK,0.697448,13.157327,0.835358,8.567506,9.691651,32.0,13.157327,0.0,3.0,0.712637,10.750042,11.205897
NCAA:oklahoma-christian,Oklahoma Christian University,207324,2022,2022,False,OK,0.786756,13.471157,0.836574,8.576405,9.833623,38.0,13.629581,121654.0,4.0,0.481774,9.677277,11.02218
NCAA:olivet,Olivet College,171599,2022,2022,False,MI,0.241798,11.951026,0.165249,6.999422,8.262398,40.0,11.977439,4148.0,2.0,0.73147,10.828401,10.824069
NCAA:otterbein,Otterbein University,204936,2022,2022,False,OH,0.376671,12.312885,0.415553,7.521318,8.218805,60.0,12.43695,29396.0,7.0,0.505468,9.790823,10.800677
NCAA:ouachita-baptist,Ouachita Baptist University,107512,2022,2022,False,AR,0.702916,13.18634,0.808627,8.449557,9.57549,37.0,13.32866,81525.0,3.0,0.775213,11.069852,11.237172
NCAA:pace,Pace University,194310,2022,2022,False,NY,0.571689,12.774716,0.566829,7.798523,9.278299,33.0,12.796594,7812.0,2.0,0.718712,10.769032,11.298779
NCAA:pacific-lutheran,Pacific Lutheran University,236230,2022,2022,False,WA,0.476306,12.546686,0.781288,8.340933,8.833256,41.0,12.765428,68747.0,7.0,0.422236,9.30009,11.153919
NCAA:paine,Paine College,140720,2022,2022,False,GA,0.238153,11.932898,0.370595,7.455298,8.888507,21.0,11.932898,0.0,1.0,0.309842,8.412055,10.915107
NCAA:palm-beach-atlantic,Palm Beach Atlantic University,136330,2022,2022,False,FL,0.740583,13.300017,0.612394,7.892452,9.716557,36.0,13.31785,10745.0,3.0,0.523694,9.887663,11.091407
NCAA:pfeiffer,Pfeiffer University,199306,2022,2022,False,NC,0.40401,12.354656,0.27582,7.279319,8.423046,51.0,12.075793,-56468.0,2.0,0.354192,8.838697,10.900768
NCAA:piedmont,Piedmont University,140818,2022,2022,False,GA,0.54192,12.709837,0.591738,7.852828,8.972292,42.0,12.74529,11945.0,3.0,0.63791,10.372678,10.892192
NCAA:pittsburg-state,Pittsburg State University,155681,2022,2022,False,KS,0.711422,13.213268,0.796476,8.41161,9.524459,40.0,13.213268,0.0,4.0,0.834143,11.550655,11.849141
NCAA:plymouth-state,Plymouth State University,183080,2022,2022,False,NH,0.224787,11.883426,0.267922,7.258412,8.122516,43.0,11.781822,-13994.0,2.0,0.553463,10.016146,11.305741
NCAA:point-park,Point Park University,215442,2022,2022,False,PA,0.833536,13.653857,0.616646,7.902487,9.434428,68.0,13.676915,19844.0,7.0,0.613001,10.253017,10.643089
NCAA:post,Post University,130183,2022,2022,False,CT,0.6452,13.014244,0.68226,8.064322,9.253137,43.0,13.041581,12437.0,5.0,0.609356,10.238816,11.230868
NCAA:presentation,Presentation College,219295,2022,2022,False,SD,0.529162,12.686293,0.640948,7.967973,9.160034,34.0,13.103368,167306.0,2.0,0.63548,10.362241,10.755581
NCAA:puget-sound,University of Puget Sound,236328,2022,2022,False,WA,0.328068,12.187308,0.642163,7.971776,8.473939,41.0,12.187308,0.0,6.0,0.616646,10.276257,11.188911
NCAA:purdue-northwest,Purdue University Northwest,490805,2022,2022,False,IN,0.392467,12.341263,0.292831,7.299797,8.449653,49.0,12.341263,0.0,4.0,0.459295,9.544166,11.10407
NCAA:quincy,Quincy University,148131,2022,2022,False,IL,0.790401,13.488873,0.592953,7.856707,9.198513,73.0,13.628888,108412.0,5.0,0.760632,10.971538,10.72051
NCAA:randolph-macon,Randolph-Macon College,233295,2022,2022,False,VA,0.386391,12.333243,0.180437,7.046647,8.572227,43.0,12.333243,0.0,3.0,0.704739,10.706274,10.995058
NCAA:redlands,University of Redlands,121691,2022,2022,False,CA,0.434386,12.445227,0.461725,7.592366,9.011358,31.0,12.509992,16997.0,4.0,0.813487,11.332614,11.306073
NCAA:rhodes,Rhodes College,221351,2022,2022,False,TN,0.619077,12.920901,0.786148,8.373785,9.159803,43.0,12.920901,0.0,4.0,0.697448,10.664924,11.138392
NCAA:ripon,Ripon College,239628,2022,2022,False,WI,0.301337,12.104754,0.361482,7.437795,8.213199,49.0,12.16316,10870.0,6.0,0.565006,10.045291,10.882866
NCAA:rivier,Rivier University,183211,2022,2022,False,NH,0.096598,11.301612,0.306804,7.332369,8.043824,26.0,11.301612,0.0,3.0,0.511543,9.823091,10.799249
NCAA:roanoke,Roanoke College,233426,2022,2022,False,VA,0.416768,12.399412,0.119077,6.816736,8.487591,50.0,12.399412,0.0,3.0,0.660389,10.482906,10.975533
NCAA:rockford,Rockford University,148405,2022,2022,False,IL,0.469016,12.52709,0.418591,7.526179,8.838352,40.0,12.52709,0.0,7.0,0.615431,10.269033,10.76939
NCAA:rockhurst,Rockhurst University,179043,2022,2022,False,MO,0.819563,13.597511,0.331713,7.380256,9.378087,68.0,13.597511,0.0,5.0,0.538275,9.95223,11.061406
NCAA:roger-williams,Roger Williams University,217518,2022,2022,False,RI,0.227825,11.893626,0.535844,7.732369,8.022747,48.0,11.74077,-20742.0,3.0,0.241798,7.574558,10.780892
NCAA:rogers-state,Rogers State University,207661,2022,2022,False,OK,0.664642,13.062352,0.804982,8.443116,9.628429,31.0,13.062352,0.0,4.0,0.542527,9.96965,10.921974
NCAA:rollins,Rollins College,136950,2022,2022,False,FL,0.872418,13.887257,0.119684,6.817831,9.697663,66.0,13.887257,0.0,6.0,0.781288,11.097304,11.198763
NCAA:roosevelt,Roosevelt University,148487,2022,2022,False,IL,0.793439,13.501183,0.340219,7.390181,9.475907,56.0,13.501183,0.0,7.0,0.36695,8.931023,11.086165
NCAA:rosemont,Rosemont College,215691,2022,2022,False,PA,0.14034,11.526572,0.365128,7.447751,7.971559,35.0,11.526572,0.0,3.0,0.213244,7.001246,10.527874
NCAA:rowan,Rowan University,184782,2022,2022,False,NJ,0.449575,12.48016,0.776428,8.330623,9.046287,31.0,12.589261,30325.0,4.0,0.399149,9.165761,11.485194
NCAA:russell-sage,Russell Sage College,195128,2022,2022,False,NY,0.239368,11.934461,0.592345,7.85632,8.408317,34.0,12.050167,18698.0,7.0,0.494532,9.728181,10.190394
NCAA:rust,Rust College,176318,2022,2022,False,MS,0.248481,11.968158,0.185298,7.063048,8.567145,30.0,12.142355,30000.0,1.0,0.256379,7.744137,10.645449
NCAA:rutgers-camden,Rutgers University-Camden,186371,2022,2022,False,NJ,0.31774,12.161169,0.639733,7.964851,8.634981,34.0,12.161169,0.0,3.0,0.258809,7.796469,10.817355
NCAA:rutgers-newark,Rutgers University-Newark,186399,2022,2022,False,NJ,0.36938,12.292232,0.698056,8.099858,8.858382,31.0,12.304886,2776.0,3.0,0.41373,9.242517,11.251898
NCAA:saint-andrews,St. Andrews University,199698,2022,2022,False,NC,0.761847,13.377534,0.150668,6.939254,9.317179,58.0,13.376587,-611.0,3.0,0.40158,9.186048,10.57352
NCAA:saint-anselm,Saint Anselm College,183239,2022,2022,False,NH,0.597205,12.854089,0.744836,8.230577,9.092999,43.0,12.967294,45829.0,3.0,0.77825,11.078289,10.999262
NCAA:saint-cloud-state,Saint Cloud State University,174783,2022,2022,False,MN,0.657351,13.044949,0.806197,8.446127,9.331463,41.0,13.044949,0.0,5.0,0.826853,11.46751,11.933207
NCAA:saint-edwards,Saint Edward's University,227845,2022,2022,False,TX,0.871203,13.882043,0.81288,8.479699,9.950264,51.0,14.034808,176405.0,3.0,0.402795,9.20029,11.339143
NCAA:saint-elizabeth,Saint Elizabeth University,186618,2022,2022,False,NJ,0.139733,11.526197,0.040705,6.326149,7.65546,48.0,11.526197,0.0,3.0,0.288578,8.203304,10.769243
NCAA:saint-john-fisher,Saint John Fisher College,195720,2022,2022,False,NY,0.466586,12.520559,0.602673,7.877776,8.670579,47.0,12.587095,18845.0,5.0,0.806197,11.284392,10.936281
NCAA:saint-lawrence,St Lawrence University,195216,2022,2022,False,NY,0.159781,11.637609,0.245443,7.211557,8.054399,36.0,11.637609,0.0,2.0,0.862697,11.87377,11.35862
NCAA:saint-leo,Saint Leo University,137032,2022,2022,False,FL,0.756987,13.357851,0.703524,8.112228,9.551258,45.0,13.503786,99420.0,3.0,0.646416,10.424481,11.265835
NCAA:saint-martins,Saint Martin's University,236452,2022,2022,False,WA,0.562576,12.757276,0.775213,8.327001,9.119796,38.0,12.882041,46119.0,2.0,0.392467,9.101641,10.714529
NCAA:saint-marys-maryland,St. Mary's College of Maryland,163912,2022,2022,False,MD,0.205954,11.821483,0.179222,7.044033,8.355975,32.0,11.821483,0.0,5.0,0.243013,7.587817,10.867806
NCAA:saint-michaels,Saint Michael's College,231059,2022,2022,False,VT,0.35723,12.259414,0.712029,8.133881,8.793825,32.0,12.259414,0.0,4.0,0.661604,10.488994,11.076651
NCAA:saint-norbert,Saint Norbert College,239716,2022,2022,False,WI,0.380316,12.320615,0.535237,7.731053,8.40881,50.0,12.320615,0.0,5.0,0.650061,10.443105,11.242284
NCAA:saint-olaf,St Olaf College,174844,2022,2022,False,MN,0.295869,12.093855,0.186513,7.06732,8.33289,43.0,12.597162,116948.0,5.0,0.675577,10.549543,11.120668
NCAA:saint-rose,The College of Saint Rose,195234,2022,2022,False,NY,0.622114,12.93757,0.333536,7.382124,8.930367,55.0,12.935701,-776.0,3.0,0.619077,10.285513,10.755517
NCAA:saint-scholastica,The College of Saint Scholastica,174899,2022,2022,False,MN,0.471446,12.528667,0.676185,8.042378,9.063043,32.0,12.686085,47078.0,8.0,0.789793,11.161252,10.982781
NCAA:saint-thomas-aquinas,St. Thomas Aquinas College,195243,2022,2022,False,NY,0.713244,13.220437,0.304374,7.32975,9.143005,59.0,13.220437,0.0,4.0,0.626974,10.329996,10.986495
NCAA:saint-vincent,Saint Vincent College,215798,2022,2022,False,PA,0.414338,12.391689,0.561968,7.79111,8.500068,49.0,12.391689,0.0,4.0,0.611179,10.247574,10.894589
NCAA:salem-state,Salem State University,167729,2022,2022,False,MA,0.018834,10.499105,0.055286,6.495266,7.098706,30.0,10.499105,0.0,2.0,0.225395,7.284821,9.682342
NCAA:salisbury,Salisbury University,163851,2022,2022,False,MD,0.287363,12.076983,0.464763,7.599902,8.46627,37.0,12.208809,24769.0,5.0,0.417983,9.279213,11.252236
NCAA:salve-regina,Salve Regina University,217536,2022,2022,False,RI,0.452005,12.486828,0.464156,7.599401,8.615805,48.0,12.825654,106804.0,5.0,0.558931,10.03548,10.773399
NCAA:savannah-state,Savannah State University,140960,2022,2022,False,GA,0.31531,12.151891,0.010936,5.56452,8.260324,49.0,12.099161,-9731.0,3.0,0.399757,9.177404,10.942014
NCAA:schreiner,Schreiner University,228042,2022,2022,False,TX,0.355407,12.257155,0.063183,6.553933,7.967038,73.0,12.301678,9583.0,4.0,0.493317,9.718182,10.745572
NCAA:scranton,University of Scranton,215929,2022,2022,False,PA,0.441677,12.4613,0.577764,7.816417,8.549467,50.0,12.4613,0.0,6.0,0.510328,9.818583,11.052619
NCAA:seton-hill,Seton Hill University,215947,2022,2022,False,PA,0.730255,13.263799,0.431956,7.544332,9.33206,51.0,13.263799,0.0,3.0,0.671932,10.523284,11.138901
NCAA:shenandoah,Shenandoah University,233541,2022,2022,False,VA,0.604496,12.880284,0.590522,7.849324,8.737307,63.0,12.880284,0.0,7.0,0.753341,10.938929,11.021314
NCAA:shepherd,Shepherd University,237792,2022,2022,False,WV,0.404617,12.357342,0.555893,7.777374,8.573337,44.0,12.392266,8269.0,3.0,0.534629,9.93871,10.777789
NCAA:shorter,Shorter University,140988,2022,2022,False,GA,0.755164,13.355727,0.436209,7.553287,,,13.355727,0.0,3.0,0.749089,10.907826,10.861477
NCAA:simpson,Simpson University,123457,2022,2022,False,CA,0.861482,13.82659,0.00486,4.969813,9.699516,62.0,13.346518,-385509.0,5.0,0.653098,10.463132,10.970437
NCAA:simpson,Simpson College,154350,2022,2022,False,IA,0.243013,11.95681,0.294046,7.304516,8.065297,49.0,12.122365,28065.0,4.0,0.696841,10.663873,10.880855
NCAA:sioux-falls,University of Sioux Falls,219383,2022,2022,False,SD,0.640948,13.000625,0.629405,7.93666,8.9577,57.0,13.000625,0.0,3.0,0.800122,11.265105,11.255449
NCAA:skidmore,Skidmore College,195526,2022,2022,False,NY,0.270352,12.035747,0.59356,7.860185,8.634721,30.0,12.035747,0.0,5.0,0.49271,9.71764,11.148837
NCAA:sonoma-state,Sonoma State University,123572,2022,2022,False,CA,0.722965,13.245131,0.600243,7.873598,9.395065,47.0,13.380747,82107.0,9.0,0.432564,9.3676,11.715229
NCAA:southern-connecticut-state,Southern Connecticut State University,130493,2022,2022,False,CT,0.718104,13.228151,0.241191,7.204149,9.794218,31.0,13.228151,0.0,3.0,0.422843,9.303831,11.844629
NCAA:southern-nazarene,Southern Nazarene University,206862,2022,2022,False,OK,0.725395,13.251553,0.385176,7.488853,9.401486,47.0,13.242329,-5224.0,5.0,0.461725,9.562123,10.786325
NCAA:southern-virginia,Southern Virginia University,233611,2022,2022,False,VA,0.218104,11.861686,0.31774,7.349874,8.335558,34.0,11.861686,0.0,3.0,0.592345,10.171451,11.134618
NCAA:southern-wesleyan,Southern Wesleyan University,217776,2022,2022,False,SC,0.525516,12.672012,0.496962,7.656337,9.206373,32.0,12.672012,0.0,3.0,0.423451,9.309461,10.625902
NCAA:southwest-baptist,Southwest Baptist University,179326,2022,2022,False,MO,0.632442,12.980991,0.587485,7.835579,9.397553,36.0,12.980991,0.0,3.0,0.769137,11.045862,10.881344
NCAA:southwest-minnesota-state,Southwest Minnesota State University,175078,2022,2022,False,MN,0.438032,12.452483,0.586877,7.835579,8.869101,36.0,12.452483,0.0,3.0,0.739976,10.874683,11.453059
NCAA:spalding,Spalding University,157757,2022,2022,False,KY,0.393682,12.342254,0.652491,7.990238,8.581237,43.0,12.342254,0.0,3.0,0.413123,9.238831,10.717081
NCAA:spring-hill,Spring Hill College,102234,2022,2022,False,AL,0.616039,12.905835,0.45322,7.578657,9.077306,46.0,12.962087,23299.0,2.0,0.452005,9.492432,10.451262
NCAA:springfield,Springfield College,167899,2022,2022,False,MA,0.341434,12.228822,0.246659,7.212294,8.515445,41.0,12.228822,0.0,4.0,0.876671,12.004654,11.205326
NCAA:stevenson,Stevenson University,164173,2022,2022,False,MD,0.377886,12.316728,0.636087,7.948738,8.488288,46.0,12.316728,0.0,2.0,0.834751,11.550818,11.252301
NCAA:stillman,Stillman College,102270,2022,2022,False,AL,0.155529,11.620577,0.105103,6.756932,8.21964,30.0,11.620577,0.0,2.0,0.004253,0.0,9.862145
NCAA:stockton,Stockton University,186876,2022,2022,False,NJ,0.304374,12.112866,0.506683,7.674617,8.586686,34.0,12.112866,0.0,5.0,0.360875,8.866723,11.312754
NCAA:suffolk,Suffolk University,168005,2022,2022,False,MA,0.314095,12.142035,0.437424,7.555382,8.615851,34.0,12.142035,0.0,3.0,0.2339,7.437795,10.609131
NCAA:sul-ross-state,Sul Ross State University,228501,2022,2022,False,TX,0.848724,13.76529,0.421021,7.527794,10.433114,28.0,13.779523,13632.0,2.0,0.671324,10.522934,12.368723
NCAA:suny-brockport,SUNY Brockport,196121,2022,2022,False,NY,0.308019,12.124038,0.409478,7.513709,8.340082,44.0,12.124038,0.0,2.0,0.681652,10.573878,10.966714
NCAA:suny-maritime,SUNY Maritime College,196291,2022,2022,False,NY,0.014581,10.408164,0.012151,5.583496,6.671732,42.0,10.408164,0.0,4.0,0.431349,9.350885,10.63381
NCAA:suny-oneonta,SUNY Oneonta,196185,2022,2022,False,NY,0.272783,12.039587,0.309842,7.334982,8.456275,36.0,12.039587,0.0,2.0,0.514581,9.829141,11.009903
NCAA:susquehanna,Susquehanna University,216278,2022,2022,False,PA,0.298299,12.100184,0.390036,7.493317,8.168636,51.0,12.100184,0.0,6.0,0.695626,10.659563,11.206713
NCAA:swarthmore,Swarthmore College,216287,2022,2022,False,PA,0.164034,11.66791,0.112394,6.785588,7.979365,40.0,12.141411,70713.0,5.0,0.537667,9.950991,11.331068
NCAA:tampa,The University of Tampa,137847,2022,2022,False,FL,0.899757,14.029391,0.912515,9.079092,10.503057,34.0,14.217268,255974.0,9.0,0.701094,10.678376,11.334743
NCAA:temple,Temple College,228608,2022,2022,False,TX,0.612394,12.903685,0.368773,7.452982,9.190212,41.0,12.922565,7658.0,4.0,0.352977,8.833608,11.221182
NCAA:texas-a-and-m-international,Texas A & M International University,226152,2022,2022,False,TX,0.700486,13.16968,0.6774,8.04687,9.180797,54.0,13.16968,0.0,4.0,0.715067,10.76128,11.162815
NCAA:texas-a-and-m-kingsville,Texas A & M University-Kingsville,228705,2022,2022,False,TX,0.728433,13.255603,0.811057,8.471987,9.7293,34.0,13.315132,35039.0,2.0,0.744228,10.883523,11.491651
NCAA:texas-dallas,The University of Texas at Dallas,228787,2022,2022,False,TX,0.389429,12.335973,0.40158,7.508239,8.328877,55.0,12.219221,-25096.0,2.0,0.328068,8.591001,10.93341
NCAA:texas-lutheran,Texas Lutheran University,228981,2022,2022,False,TX,0.545565,12.717914,0.243621,7.21008,8.806038,50.0,12.733596,5274.0,4.0,0.419806,9.283498,10.95114
NCAA:thiel,Thiel College,216357,2022,2022,False,PA,0.18469,11.737037,0.108141,6.770789,8.048469,40.0,11.737037,0.0,2.0,0.550425,10.003288,10.853
NCAA:thomas-more,Thomas More University,157809,2022,2022,False,KY,0.247874,11.967942,0.122114,6.829794,8.304622,39.0,12.163525,34049.0,3.0,0.492102,9.717399,10.688348
NCAA:tiffin,Tiffin University,206048,2022,2022,False,OH,0.676792,13.098208,0.376063,7.465655,9.072969,56.0,13.098208,0.0,3.0,0.772175,11.057992,11.157678
NCAA:transylvania,Transylvania University,157818,2022,2022,False,KY,0.368165,12.287971,0.36209,7.438972,8.396371,49.0,12.287971,0.0,3.0,0.548603,9.989895,11.344803
NCAA:trevecca-nazarene,Trevecca Nazarene University,221892,2022,2022,False,TN,0.738153,13.289744,0.655529,7.994632,9.483156,45.0,13.329202,23790.0,6.0,0.547388,9.987921,11.131504
NCAA:trine,Trine University,152567,2022,2022,False,IN,0.422843,12.413424,0.222965,7.153052,8.40631,55.0,12.340302,-17352.0,4.0,0.778858,11.081912,11.012413
NCAA:truman-state,Truman State University,178615,2022,2022,False,MO,0.36695,12.28351,0.532199,7.723562,8.787151,33.0,12.28351,0.0,3.0,0.55164,10.008073,11.041305
NCAA:tufts,Tufts University,168148,2022,2022,False,MA,0.517011,12.652645,0.287363,7.290975,8.802644,47.0,12.402474,-69186.0,5.0,0.787363,11.138654,11.394007
NCAA:tusculum,Tusculum University,221953,2022,2022,False,TN,0.628797,12.965312,0.35723,7.434257,8.922392,57.0,13.015384,21942.0,2.0,0.712029,10.745809,10.800432
NCAA:tuskegee,Tuskegee University,102377,2022,2022,False,AL,0.418591,12.405526,0.435601,7.553287,8.971661,31.0,12.405526,0.0,1.0,0.81774,11.369644,11.877576
NCAA:upper-iowa,Upper Iowa University,154493,2022,2022,False,IA,0.622722,12.938328,0.318348,7.350516,8.913108,56.0,13.011608,31626.0,3.0,0.643378,10.408828,10.960531
NCAA:ursinus,Ursinus College,216524,2022,2022,False,PA,0.286148,12.071478,0.04192,6.327937,8.334043,42.0,12.071478,0.0,3.0,0.613609,10.253546,11.162261
NCAA:utica,Utica University,197045,2022,2022,False,NY,0.376063,12.312021,0.181045,7.048386,8.361007,52.0,12.312021,0.0,4.0,0.801337,11.268175,11.088446
NCAA:valdosta-state,Valdosta State University,141264,2022,2022,False,GA,0.649453,13.02842,0.560753,7.78904,9.314935,41.0,13.028424,2.0,3.0,0.763062,10.978609,11.503764
NCAA:valley-forge,University of Valley Forge,216542,2022,2022,False,PA,0.03949,10.796141,0.105711,6.765039,7.500837,27.0,10.796141,0.0,4.0,0.183475,6.169611,10.158943
NCAA:vassar,Vassar College,197133,2022,2022,False,NY,0.385784,12.329643,0.304982,7.33106,8.803429,34.0,12.329643,0.0,3.0,0.644593,10.414843,11.261267
NCAA:virginia-state,Virginia State University,234155,2022,2022,False,VA,0.185298,11.737188,0.702916,8.108924,8.370116,29.0,11.737188,0.0,3.0,0.420413,9.286653,11.195773
NCAA:virginia-wesleyan,Virginia Wesleyan University,234173,2022,2022,False,VA,0.32017,12.1656,0.311665,7.335634,8.359166,45.0,12.1656,0.0,3.0,0.59356,10.172178,11.051033
NCAA:walsh,Walsh University,206437,2022,2022,False,OH,0.712637,13.22021,0.349332,7.411556,9.077188,63.0,13.388462,101035.0,4.0,0.668287,10.51724,11.057692
NCAA:wartburg,Wartburg College,154527,2022,2022,False,IA,0.358445,12.260452,0.257594,7.233455,8.499451,43.0,12.260452,0.0,3.0,0.829283,11.476064,11.123786
NCAA:washburn,Washburn University,156082,2022,2022,False,KS,0.732078,13.273731,0.716282,8.149024,9.230776,57.0,13.273731,0.0,4.0,0.730863,10.826535,11.318527
NCAA:washington-and-lee,Washington and Lee University,234207,2022,2022,False,VA,0.387606,12.335156,0.710814,8.122371,8.901301,31.0,12.335156,0.0,2.0,0.617861,10.279043,11.38474
NCAA:waynesburg,Waynesburg University,216694,2022,2022,False,PA,0.053463,10.976765,0.09842,6.736967,7.263876,41.0,10.976765,0.0,3.0,0.659174,10.479539,10.861822
NCAA:webster,Webster University,179894,2022,2022,False,MO,0.528554,12.684432,0.787971,8.378621,8.995673,40.0,12.90302,78838.0,3.0,0.510936,9.818692,10.710477
NCAA:wells,Wells College,197230,2022,2022,False,NY,0.158566,11.633682,0.63548,7.948385,8.301717,28.0,11.633682,0.0,6.0,0.436817,9.419628,10.546472
NCAA:west-alabama,University of West Alabama,101587,2022,2022,False,AL,0.776428,13.444556,0.71932,8.158516,9.755733,40.0,13.448362,2632.0,4.0,0.784326,11.112343,11.198735
NCAA:west-florida,The University of West Florida,138354,2022,2022,False,FL,0.748481,13.320135,0.843256,8.633197,9.764843,35.0,13.274684,-27075.0,4.0,0.707776,10.726237,11.431509
NCAA:west-liberty,West Liberty University,237932,2022,2022,False,WV,0.478736,12.548662,0.154313,6.956545,8.505809,57.0,12.548662,0.0,6.0,0.412515,9.238053,10.917213
NCAA:west-texas-a-and-m,West Texas A & M University,229814,2022,2022,False,TX,0.753341,13.346169,0.762454,8.285261,9.562048,44.0,13.346169,0.0,3.0,0.812272,11.329351,11.350242
NCAA:west-virginia-state,West Virginia State University,237899,2022,2022,False,WV,0.624544,12.945846,0.082625,6.682109,9.208274,42.0,12.945846,0.0,2.0,0.339004,8.693161,11.145421
NCAA:west-virginia-wesleyan,West Virginia Wesleyan College,237969,2022,2022,False,WV,0.530377,12.687789,0.331106,7.377759,8.796117,49.0,12.687789,0.0,3.0,0.532199,9.925689,10.660712
NCAA:western-oregon,Western Oregon University,210429,2022,2022,False,OR,0.639125,12.997249,0.850547,8.685585,9.441978,35.0,12.997249,0.0,3.0,0.59599,10.18524,11.420635
NCAA:westfield-state,Westfield State University,168263,2022,2022,False,MA,0.298906,12.102189,0.632442,7.938802,8.464808,38.0,12.195871,17704.0,7.0,0.359052,8.86404,11.298196
NCAA:westmont,Westmont College,125727,2022,2022,False,CA,0.7339,13.27903,0.834751,8.563313,9.517902,43.0,13.184694,-52646.0,6.0,0.435601,9.413526,11.116232
NCAA:wheeling,Wheeling University,238078,2022,2022,False,WV,0.63305,12.98581,0.408262,7.513164,9.114717,48.0,12.987608,785.0,2.0,0.740583,10.874797,10.921595
NCAA:whitman,Whitman College,237057,2022,2022,False,WA,0.503038,12.610204,0.802552,8.4375,9.243001,29.0,12.622131,3595.0,4.0,0.631227,10.347789,11.309474
NCAA:whittier,Whittier College,125763,2022,2022,False,CA,0.17983,11.721873,0.413123,7.51915,8.111247,37.0,11.800568,10090.0,3.0,0.362697,8.885579,10.830995
NCAA:whitworth,Whitworth University,237066,2022,2022,False,WA,0.349939,12.245202,0.647023,7.983099,8.581823,39.0,12.182748,-12592.0,5.0,0.755164,10.948224,11.222119
NCAA:widener,Widener University,216852,2022,2022,False,PA,0.267315,12.023921,0.032199,6.173786,8.386557,38.0,12.175495,27282.0,6.0,0.506683,9.796626,11.275036
NCAA:wilkes,Wilkes University,216931,2022,2022,False,PA,0.253341,11.976886,0.434994,7.552762,8.421752,35.0,12.068493,15257.0,3.0,0.765492,11.018432,11.079724
NCAA:willamette,Willamette University,210401,2022,2022,False,OR,0.328676,12.189476,0.573512,7.808729,8.788426,30.0,12.284398,19587.0,3.0,0.640948,10.397513,11.00987
NCAA:william-jewell,William Jewell College,179955,2022,2022,False,MO,0.611786,12.903162,0.455043,7.582229,9.119079,44.0,12.903162,0.0,3.0,0.708991,10.737483,10.934802
NCAA:william-peace,William Peace University,199272,2022,2022,False,NC,0.247266,11.967752,0.260024,7.237778,8.183835,44.0,12.009096,6652.0,4.0,0.49757,9.747009,10.670791
NCAA:williams,Williams College,168342,2022,2022,False,MA,0.409478,12.372929,0.686513,8.071219,9.005752,29.0,12.372929,0.0,3.0,0.761847,10.973872,11.39095
NCAA:wilson,Wilson College,217013,2022,2022,False,PA,0.234508,11.921585,0.508505,7.67601,8.184188,42.0,11.921585,0.0,6.0,0.424058,9.310095,10.554093
NCAA:wingate,Wingate University,199962,2022,2022,False,NC,0.829891,13.647385,0.797691,8.420682,9.840775,45.0,13.67155,20674.0,3.0,0.658566,10.478583,11.20636
NCAA:winona-state,Winona State University,175272,2022,2022,False,MN,0.605711,12.884345,0.678007,8.048149,9.358068,34.0,12.884345,0.0,3.0,0.642163,10.404626,11.534902
NCAA:wisconsin-eau-claire,University of Wisconsin-Eau Claire,240268,2022,2022,False,WI,0.345079,12.237067,0.609356,7.882692,8.57369,39.0,12.039286,-37020.0,3.0,0.699271,10.672136,10.97808
NCAA:wisconsin-louisiana-crosse,University of Wisconsin-La Crosse,240329,2022,2022,False,WI,0.510328,12.629924,0.630012,7.93666,9.074688,35.0,12.703147,23214.0,5.0,0.503038,9.780529,11.043849
NCAA:wisconsin-lutheran,Wisconsin Lutheran College,240338,2022,2022,False,WI,0.211422,11.83569,0.363305,7.440147,8.147093,40.0,11.83569,0.0,7.0,0.737546,10.864618,10.923922
NCAA:wisconsin-oshkosh,University of Wisconsin-Oshkosh,240365,2022,2022,False,WI,0.383354,12.326474,0.315917,7.34601,8.588987,42.0,12.397536,16614.0,4.0,0.574119,10.098108,10.93275
NCAA:wisconsin-parkside,University of Wisconsin-Parkside,240374,2022,2022,False,WI,0.565614,12.766899,0.607533,7.880048,9.270483,33.0,12.766919,7.0,3.0,0.622114,10.300282,10.897498
NCAA:wisconsin-platteville,University of Wisconsin-Platteville,240462,2022,2022,False,WI,0.164642,11.672038,0.212029,7.125283,7.865751,45.0,11.848226,22589.0,2.0,0.68955,10.622644,11.082312
NCAA:wisconsin-stevens-point,University of Wisconsin-Stevens Point,240480,2022,2022,False,WI,0.279465,12.053615,0.399757,7.506042,8.292659,43.0,12.076641,4000.0,2.0,0.515796,9.829626,11.103949
NCAA:wisconsin-stout,University of Wisconsin-Stout,240417,2022,2022,False,WI,0.356015,12.257986,0.705346,8.11582,8.7028,35.0,12.257986,0.0,4.0,0.552855,10.014492,11.004114
NCAA:wisconsin-superior,University of Wisconsin-Superior,240426,2022,2022,False,WI,0.220535,11.868269,0.491495,7.646831,8.313159,35.0,11.868269,0.0,3.0,0.416768,9.268704,10.850851
NCAA:wisconsin-whitewater,University of Wisconsin-Whitewater,240189,2022,2022,False,WI,0.271567,12.038523,0.332321,7.380879,8.542205,33.0,12.292769,48966.0,6.0,0.388214,9.040382,11.158591
NCAA:wittenberg,Wittenberg University,206525,2022,2022,False,OH,0.421021,12.408344,0.526124,7.705713,8.670842,42.0,12.550899,37513.0,5.0,0.727217,10.807604,11.414927
NCAA:wooster,The College of Wooster,206589,2022,2022,False,OH,0.297084,12.096983,0.205346,7.111512,8.570806,34.0,12.096983,0.0,6.0,0.652491,10.46196,10.96348
NCAA:worcester-state,Worcester State University,168430,2022,2022,False,MA,0.292224,12.0901,0.531592,7.72312,8.479385,37.0,12.100901,1934.0,4.0,0.332321,8.636397,10.883147
NCAA:yeshiva,Yeshiva University,197708,2022,2022,False,NY,0.122114,11.441666,0.40644,7.512071,8.551477,18.0,11.441666,0.0,3.0,0.259417,7.798113,10.968216
NCAA:york-pennsylvania,York College of Pennsylvania,217059,2022,2022,False,PA,0.239976,11.941957,0.578372,7.817625,8.331274,37.0,11.943928,303.0,5.0,0.588092,10.157238,11.025247
NCAA:young-harris,Young Harris College,141361,2022,2022,False,GA,0.764885,13.387513,0.734508,8.196161,9.495766,49.0,13.387513,0.0,5.0,0.560146,10.035612,10.999229
IPEDS:100654,Alabama A & M University,100654,2023,2023,False,AL,0.843114,13.783097,0.928144,9.362117,10.119574,39.0,13.783097,0.0,2.0,0.000599,0.0,11.716152
IPEDS:100663,University of Alabama at Birmingham,100663,2023,2023,False,AL,0.907186,14.175049,0.907784,9.198774,10.486197,40.0,14.205133,43755.0,3.0,0.943114,13.340596,13.034321
IPEDS:100724,Alabama State University,100724,2023,2023,False,AL,0.775449,13.474456,0.722754,8.26101,9.890986,36.0,13.474456,0.0,3.0,0.911377,12.632004,11.987145
IPEDS:100751,The University of Alabama,100751,2023,2023,False,AL,0.992216,15.626329,0.992814,10.604305,11.776189,47.0,14.417661,-4289408.0,3.0,0.993413,15.073784,14.840736
IPEDS:100858,Auburn University,100858,2023,2023,False,AL,0.992814,15.650802,0.992216,10.573366,11.866619,44.0,14.428726,-4420599.0,4.0,0.98503,14.694185,14.633171
IPEDS:101480,Jacksonville State University,101480,2023,2023,False,AL,0.870659,13.937709,0.875449,8.978787,10.274181,39.0,13.937709,0.0,3.0,0.930539,13.044743,12.550219
IPEDS:101879,University of North Alabama,101879,2023,2023,False,AL,0.782036,13.499558,0.817964,8.639234,9.916087,36.0,13.499558,0.0,4.0,0.853892,11.813371,11.670356
IPEDS:102049,Samford University,102049,2023,2023,False,AL,0.891617,14.086357,0.802395,8.546752,10.325189,43.0,14.122436,48166.0,6.0,0.878443,12.125432,11.860528
IPEDS:102094,University of South Alabama,102094,2023,2023,False,AL,0.926946,14.308769,0.882036,9.017362,10.571124,42.0,14.308769,0.0,4.0,0.929341,13.021988,12.680274
IPEDS:102368,Troy University,102368,2023,2023,False,AL,0.947305,14.523709,0.81976,8.649274,10.860166,39.0,14.336919,-345931.0,3.0,0.921557,12.83824,12.940551
IPEDS:104151,Arizona State University Campus Immersion,104151,2023,2023,False,AZ,0.983234,15.260512,0.979042,10.195149,11.622934,38.0,15.260512,0.0,4.0,0.965868,14.116056,13.905717
IPEDS:104179,University of Arizona,104179,2023,2023,False,AZ,0.99521,15.781126,0.976647,10.148588,12.092252,40.0,14.584804,-4981063.0,4.0,0.983832,14.666658,14.574667
IPEDS:104717,Grand Canyon University,104717,2023,2023,False,AZ,0.937725,14.39672,0.958084,9.815257,10.73318,39.0,14.39672,0.0,4.0,0.915569,12.671554,12.730798
IPEDS:106245,University of Arkansas at Little Rock,106245,2023,2023,False,AR,0.898204,14.113251,0.856886,8.857942,10.557928,35.0,14.113251,0.0,3.0,0.862874,11.941358,12.255453
IPEDS:106397,University of Arkansas,106397,2023,2023,False,AR,0.997605,15.960112,0.99521,10.757073,12.153455,45.0,15.543906,-2907025.0,4.0,0.988024,14.738431,14.522079
IPEDS:106412,University of Arkansas at Pine Bluff,106412,2023,2023,False,AR,0.607186,12.969667,0.412575,7.640123,9.386229,36.0,12.969667,0.0,3.0,0.591018,10.177856,11.580855
IPEDS:106458,Arkansas State University,106458,2023,2023,False,AR,0.847305,13.828101,0.898204,9.136048,10.190551,38.0,13.828101,0.0,4.0,0.947904,13.432845,11.697777
IPEDS:106704,University of Central Arkansas,106704,2023,2023,False,AR,0.816766,13.645369,0.860479,8.878219,9.956535,40.0,13.645369,0.0,3.0,0.88982,12.254649,11.614389
IPEDS:110361,California Baptist University,110361,2023,2023,False,CA,0.956287,14.713672,0.94012,9.51333,11.076101,38.0,14.807758,242204.0,5.0,0.857485,11.879497,12.455071
IPEDS:110422,California Polytechnic State University-San Luis Obispo,110422,2023,2023,False,CA,0.938922,14.408163,0.92515,9.327501,10.670516,42.0,14.408163,0.0,5.0,0.923952,12.907823,12.244529
IPEDS:110486,California State University-Bakersfield,110486,2023,2023,False,CA,0.909581,14.184968,0.905389,9.19024,10.496115,40.0,14.964132,1706894.0,4.0,0.855689,11.846716,12.400364
IPEDS:110556,California State University-Fresno,110556,2023,2023,False,CA,0.950299,14.567625,0.950299,9.706499,10.984123,36.0,14.567625,0.0,4.0,0.934731,13.193431,13.395139
IPEDS:110565,California State University-Fullerton,110565,2023,2023,False,CA,0.942515,14.455466,0.916766,9.287301,10.817899,38.0,14.455466,0.0,4.0,0.832934,11.614471,12.307198
IPEDS:110583,California State University-Long Beach,110583,2023,2023,False,CA,0.943114,14.474798,0.933533,9.405331,10.690631,44.0,14.474798,0.0,4.0,0.829341,11.599433,12.406692
IPEDS:110608,California State University-Northridge,110608,2023,2023,False,CA,0.920958,14.27064,0.913772,9.270588,10.486477,44.0,14.473369,354277.0,4.0,0.815569,11.472218,12.217161
IPEDS:110617,California State University-Sacramento,110617,2023,2023,False,CA,0.950898,14.568456,0.932934,9.399306,10.784286,44.0,14.568456,0.0,4.0,0.879042,12.126017,12.294317
IPEDS:110635,University of California-Berkeley,110635,2023,2023,False,CA,0.95509,14.661383,0.97485,10.109322,11.106049,35.0,14.675541,33224.0,4.0,0.977844,14.517949,13.559567
IPEDS:110644,University of California-Davis,110644,2023,2023,False,CA,0.90479,14.168949,0.91018,9.22039,10.585455,36.0,14.168949,0.0,4.0,0.907784,12.543423,12.109991
IPEDS:110653,University of California-Irvine,110653,2023,2023,False,CA,0.944311,14.514732,0.944311,9.605082,10.877164,38.0,14.514732,0.0,4.0,0.838323,11.665767,12.273184
IPEDS:110662,University of California-Los Angeles,110662,2023,2023,False,CA,0.978443,15.141706,0.959281,9.830056,11.530797,37.0,15.141706,0.0,4.0,0.967066,14.175156,14.255762
IPEDS:110671,University of California-Riverside,110671,2023,2023,False,CA,0.868263,13.930097,0.902994,9.157889,10.292544,38.0,13.930097,0.0,4.0,0.820359,11.496206,12.021362
IPEDS:110680,University of California-San Diego,110680,2023,2023,False,CA,0.921557,14.271107,0.903593,9.16094,10.464472,45.0,14.271107,0.0,5.0,0.860479,11.895709,11.475006
IPEDS:110705,University of California-Santa Barbara,110705,2023,2023,False,CA,0.961078,14.802929,0.911377,9.249369,10.974304,46.0,14.802929,0.0,4.0,0.875449,12.084848,12.367388
IPEDS:117946,Loyola Marymount University,117946,2023,2023,False,CA,0.951497,14.570093,0.931138,9.380842,10.90655,39.0,14.570093,0.0,4.0,0.916168,12.676576,12.10895
IPEDS:120883,University of the Pacific,120883,2023,2023,False,CA,0.913174,14.210724,0.851497,8.812099,10.521871,40.0,14.210724,0.0,3.0,0.87485,12.084402,12.105517
IPEDS:120883,Pacific University,209612,2023,2023,False,OR,0.527545,12.748949,0.673054,8.134468,8.760119,54.0,12.748949,0.0,8.0,0.735329,10.923435,11.007502
IPEDS:121150,Pepperdine University,121150,2023,2023,False,CA,0.946707,14.521651,0.920359,9.298443,10.832791,40.0,14.521651,0.0,4.0,0.91018,12.60856,12.456423
IPEDS:122409,San Diego State University,122409,2023,2023,False,CA,0.92994,14.340989,0.994611,10.700702,10.785661,35.0,14.57325,442179.0,3.0,0.946707,13.408919,13.501067
IPEDS:122436,University of San Diego,122436,2023,2023,False,CA,0.946108,14.520995,0.949102,9.703999,10.910095,37.0,14.520995,0.0,4.0,0.823952,11.509991,12.521226
IPEDS:122612,University of San Francisco,122612,2023,2023,False,CA,0.932934,14.358354,0.866467,8.922658,10.644805,41.0,14.358354,0.0,4.0,0.886228,12.215449,12.622547
IPEDS:122755,San Jose State University,122755,2023,2023,False,CA,0.87485,13.961414,0.942515,9.568504,10.350527,37.0,13.961414,0.0,4.0,0.949102,13.450752,12.248902
IPEDS:122931,Santa Clara University,122931,2023,2023,False,CA,0.953892,14.612095,0.953892,9.746775,10.974525,38.0,14.612095,0.0,4.0,0.903593,12.461257,12.430016
IPEDS:123554,Saint Mary's College of California,123554,2023,2023,False,CA,0.947904,14.527467,0.947305,9.650078,10.889899,38.0,14.527467,0.0,4.0,0.904192,12.486284,12.827708
IPEDS:123554,St. Mary's University,228149,2023,2023,False,TX,0.786826,13.515572,0.717964,8.240649,9.665487,47.0,13.532103,12349.0,4.0,0.588623,10.154791,11.336856
IPEDS:123961,University of Southern California,123961,2023,2023,False,CA,0.982036,15.247389,0.946108,9.636849,11.558519,40.0,15.247389,0.0,3.0,0.995808,15.110983,14.561172
IPEDS:127741,University of Northern Colorado,127741,2023,2023,False,CO,0.741317,13.374262,0.842515,8.76499,9.818967,35.0,13.374262,0.0,4.0,0.861677,11.904062,11.715417
IPEDS:128771,Central Connecticut State University,128771,2023,2023,False,CT,0.850898,13.848351,0.844311,8.772765,10.210801,38.0,13.84835,-1.0,4.0,0.701198,10.726193,11.945883
IPEDS:129020,University of Connecticut,129020,2023,2023,False,CT,0.963473,14.85111,0.980838,10.220267,11.162244,40.0,14.85111,0.0,4.0,0.957485,13.799494,13.874749
IPEDS:129242,Fairfield University,129242,2023,2023,False,CT,0.867665,13.929536,0.852096,8.816705,10.266009,39.0,13.929536,0.0,5.0,0.82994,11.600011,11.988681
IPEDS:129525,University of Hartford,129525,2023,2023,False,CT,0.699401,13.221582,0.762275,8.386629,9.695282,34.0,13.221582,0.0,3.0,0.547305,10.000024,11.85388
IPEDS:129941,University of New Haven,129941,2023,2023,False,CT,0.753892,13.411397,0.784431,8.483636,9.945707,32.0,13.411397,0.0,3.0,0.68503,10.659844,11.435839
IPEDS:130226,Quinnipiac University,130226,2023,2023,False,CT,0.867066,13.917483,0.356287,7.53743,10.483523,31.0,13.917483,0.0,4.0,0.868862,11.980507,12.522302
IPEDS:130253,Sacred Heart University,130253,2023,2023,False,CT,0.794611,13.552139,0.788024,8.49331,9.702051,47.0,13.552139,0.0,4.0,0.862275,11.904312,11.605751
IPEDS:130794,Yale University,130794,2023,2023,False,CT,0.92515,14.295129,0.892216,9.092682,10.86116,31.0,14.374428,133321.0,7.0,0.955689,13.718984,12.341757
IPEDS:130934,Delaware State University,130934,2023,2023,False,DE,0.622754,13.025705,0.710778,8.2247,9.591784,31.0,13.025705,0.0,3.0,0.65509,10.492301,11.686416
IPEDS:130943,University of Delaware,130943,2023,2023,False,DE,0.906587,14.172202,0.910778,9.223651,10.534642,38.0,14.172202,0.0,4.0,0.916766,12.680037,12.555768
IPEDS:131469,George Washington University,131469,2023,2023,False,DC,0.931737,14.344932,0.879042,9.002332,10.848443,33.0,14.344932,0.0,4.0,0.90479,12.509372,12.326771
IPEDS:131496,Georgetown University,131496,2023,2023,False,DC,0.886826,14.059589,0.877246,8.984318,10.37074,40.0,14.288774,328781.0,3.0,0.958683,13.813006,13.271759
IPEDS:131496,Georgetown College,156745,2023,2023,False,KY,0.930539,14.342282,0.249102,7.315884,10.079643,71.0,14.342282,0.0,3.0,0.608982,10.267957,11.096212
IPEDS:132602,Bethune-Cookman University,132602,2023,2023,False,FL,0.814371,13.643748,0.917964,9.287949,10.032873,37.0,13.643748,0.0,3.0,0.846108,11.714347,12.019815
IPEDS:132903,College of Central Florida,132851,2023,2023,False,FL,0.575449,12.875557,0.761078,8.377241,9.617525,26.0,12.875557,0.0,2.0,0.056886,0.0,10.917558
IPEDS:132903,University of Central Florida,132903,2023,2023,False,FL,0.960479,14.7623,0.952096,9.723942,11.098753,39.0,14.7623,0.0,3.0,0.962275,13.976283,13.662158
IPEDS:133650,Florida Agricultural and Mechanical University,133650,2023,2023,False,FL,0.752695,13.406402,0.81497,8.622994,9.717581,40.0,13.406402,0.0,5.0,0.41018,9.226509,11.644708
IPEDS:133669,Florida Atlantic University,133669,2023,2023,False,FL,0.892216,14.087165,0.91497,9.272188,10.423632,39.0,14.087165,0.0,4.0,0.939521,13.272818,12.706023
IPEDS:133951,Florida International University,133951,2023,2023,False,FL,0.910778,14.191854,0.901796,9.151651,10.528318,39.0,14.191854,0.0,4.0,0.92515,12.922956,12.708056
IPEDS:134097,Florida State University,134097,2023,2023,False,FL,0.996407,15.888042,0.991018,10.528249,12.25046,38.0,15.888042,0.0,4.0,0.971856,14.311728,14.189987
IPEDS:134130,University of Florida,134130,2023,2023,False,FL,0.994012,15.748489,1.0,11.308321,12.137576,37.0,15.27823,-2592373.0,4.0,0.99521,15.102162,14.476871
IPEDS:134945,Jacksonville University,134945,2023,2023,False,FL,0.932335,14.350853,0.87485,8.978534,10.713288,38.0,14.350853,0.0,4.0,0.822754,11.507068,11.946025
IPEDS:135726,University of Miami,135726,2023,2023,False,FL,0.988024,15.512531,0.981437,10.225136,11.901619,37.0,15.512531,0.0,4.0,0.998204,15.310772,14.514206
IPEDS:136172,University of North Florida,136172,2023,2023,False,FL,0.807784,13.597801,0.871856,8.955706,10.042495,35.0,13.597801,0.0,4.0,0.806587,11.380765,11.758879
IPEDS:137351,University of South Florida,137351,2023,2023,False,FL,0.922754,14.282814,0.938323,9.464828,10.645251,38.0,14.282814,0.0,4.0,0.972455,14.358445,13.382937
IPEDS:137546,Stetson University,137546,2023,2023,False,FL,0.954491,14.630349,0.934731,9.43084,10.916794,41.0,14.630349,0.0,4.0,0.909581,12.582401,11.737907
IPEDS:139755,Georgia Institute of Technology-Main Campus,139755,2023,2023,False,GA,0.97485,15.070306,0.968862,10.014045,11.43273,38.0,13.931298,-2384364.0,4.0,0.985629,14.702047,14.174452
IPEDS:139931,Georgia Southern University,139931,2023,2023,False,GA,0.917964,14.24017,0.90479,9.179778,10.269912,53.0,14.24017,0.0,4.0,0.926946,12.954207,12.335288
IPEDS:139940,Georgia State University,139940,2023,2023,False,GA,0.908383,14.181248,0.923952,9.318567,10.492395,40.0,14.181248,0.0,4.0,0.92994,13.037933,12.507328
IPEDS:139959,University of Georgia,139959,2023,2023,False,GA,0.986228,15.384942,0.970659,10.032892,11.623751,43.0,14.115426,-3454173.0,3.0,1.0,15.660466,14.861991
IPEDS:140447,Mercer University,140447,2023,2023,False,GA,0.928743,14.326755,0.886228,9.052633,10.663216,39.0,14.326755,0.0,3.0,0.901198,12.435643,12.023939
IPEDS:141334,University of West Georgia,141334,2023,2023,False,GA,0.706587,13.250047,0.789222,8.497195,9.66659,36.0,13.250047,0.0,3.0,0.553293,10.033594,11.582097
IPEDS:141574,University of Hawaii at Manoa,141574,2023,2023,False,HI,0.955689,14.687246,0.967066,9.957692,10.998383,40.0,14.285387,-791261.0,4.0,0.935928,13.207476,12.354829
IPEDS:143358,Bradley University,143358,2023,2023,False,IL,0.895808,14.101237,0.887425,9.060447,10.490347,37.0,14.139071,51311.0,4.0,0.869461,12.001364,12.69297
IPEDS:144892,Eastern Illinois University,144892,2023,2023,False,IL,0.813772,13.633544,0.867066,8.922658,9.92002,41.0,13.633544,0.0,3.0,0.840719,11.677456,11.684321
IPEDS:145600,University of Illinois Chicago,145600,2023,2023,False,IL,0.877246,13.97423,0.864072,8.91355,10.390741,36.0,13.97423,0.0,3.0,0.873653,12.055145,12.297781
IPEDS:145637,University of Illinois Urbana-Champaign,145637,2023,2023,False,IL,0.961677,14.814189,0.95988,9.830487,11.230683,36.0,13.759288,-1769363.0,4.0,0.982036,14.61399,14.24823
IPEDS:145637,Illinois College,145691,2023,2023,False,IL,0.337725,12.276377,0.326946,7.486053,8.405395,48.0,12.276377,0.0,2.0,0.741317,10.953452,10.886221
IPEDS:145813,Illinois State University,145813,2023,2023,False,IL,0.884431,14.036342,0.878443,8.990317,10.347494,40.0,14.036342,0.0,3.0,0.900599,12.433168,12.387356
IPEDS:147703,Northern Illinois University,147703,2023,2023,False,IL,0.787425,13.530178,0.858084,8.870101,9.974875,35.0,13.530178,0.0,3.0,0.91497,12.656135,12.298086
IPEDS:147767,Northwestern University,147767,2023,2023,False,IL,0.959281,14.747691,0.952695,9.740145,11.192356,35.0,13.964208,-1379719.0,4.0,0.968862,14.231884,14.102494
IPEDS:147767,Northwestern College,154101,2023,2023,False,IA,0.708383,13.253842,0.123952,6.967909,9.193499,58.0,13.267564,7879.0,4.0,0.500599,9.782731,10.90821
IPEDS:149222,Southern Illinois University-Carbondale,149222,2023,2023,False,IL,0.851497,13.852202,0.873054,8.971321,10.268717,36.0,13.852202,0.0,4.0,0.902395,12.458394,12.359064
IPEDS:149231,Southern Illinois University-Edwardsville,149231,2023,2023,False,IL,0.831737,13.707892,0.922754,9.31704,10.242191,32.0,13.707892,0.0,3.0,0.814371,11.456069,11.54264
IPEDS:149772,Western Illinois University,149772,2023,2023,False,IL,0.632934,13.055381,0.668862,8.125631,9.471937,36.0,13.055381,0.0,4.0,0.4,9.16094,11.615455
IPEDS:150136,Ball State University,150136,2023,2023,False,IN,0.917365,14.236646,0.899401,9.13863,10.65315,36.0,14.236646,0.0,3.0,0.9,12.432331,12.466423
IPEDS:150163,Butler University,150163,2023,2023,False,IN,0.901796,14.128645,0.907186,9.198571,10.439795,40.0,14.187728,83242.0,4.0,0.910778,12.614753,13.083837
IPEDS:150534,University of Evansville,150534,2023,2023,False,IN,0.899401,14.119761,0.811976,8.590444,10.508869,37.0,14.119761,0.0,5.0,0.853293,11.791443,11.692552
IPEDS:151102,Purdue University Fort Wayne,151102,2023,2023,False,IN,0.69521,13.2109,0.787425,8.492696,9.522092,40.0,13.2109,0.0,3.0,0.847305,11.72798,11.433449
IPEDS:151306,University of Southern Indiana,151306,2023,2023,False,IN,0.794012,13.551967,0.8,8.539933,9.600789,52.0,13.551967,0.0,4.0,0.796407,11.239869,11.357931
IPEDS:151324,Indiana State University,151324,2023,2023,False,IN,0.915569,14.227872,0.940719,9.523763,10.421238,45.0,14.227872,0.0,4.0,0.899401,12.422192,12.262122
IPEDS:151351,Indiana University-Bloomington,151351,2023,2023,False,IN,0.962874,14.849561,0.948503,9.669157,10.957758,49.0,14.849561,0.0,4.0,0.975449,14.45122,13.87818
IPEDS:152080,University of Notre Dame,152080,2023,2023,False,IN,0.976647,15.107718,0.982036,10.237242,11.394157,41.0,15.107718,0.0,4.0,0.994012,15.0855,14.034848
IPEDS:152080,Notre Dame College,204468,2023,2023,False,OH,0.44491,12.548651,0.319162,7.476472,8.993424,35.0,12.548651,0.0,5.0,0.473054,9.626152,10.472997
IPEDS:152600,Valparaiso University,152600,2023,2023,False,IN,0.853293,13.86071,0.049701,6.539586,10.426751,31.0,13.852088,-8981.0,3.0,0.877844,12.104715,12.561139
IPEDS:153658,University of Iowa,153658,2023,2023,False,IA,0.984431,15.308901,0.971856,10.055479,11.524721,44.0,14.331689,-2776552.0,5.0,0.968263,14.201097,14.515641
IPEDS:155317,University of Kansas,155317,2023,2023,False,KS,0.980838,15.219273,0.988623,10.457603,11.530403,40.0,13.398017,-3411789.0,4.0,0.977246,14.491735,13.869541
IPEDS:155399,Kansas State University,155399,2023,2023,False,KS,0.965868,14.924191,0.971257,10.035217,11.235325,40.0,12.515654,-2757787.0,3.0,0.963473,14.051625,14.357086
IPEDS:156125,Wichita State University,156125,2023,2023,False,KS,0.973054,15.028844,0.913174,9.269458,11.244667,44.0,15.028844,0.0,4.0,0.893413,12.328795,12.641126
IPEDS:156286,Bellarmine University,156286,2023,2023,False,KY,0.774251,13.472464,0.921557,9.306922,10.071307,30.0,13.472464,0.0,4.0,0.802994,11.353085,11.524587
IPEDS:156620,Eastern Kentucky University,156620,2023,2023,False,KY,0.896407,14.105554,0.867665,8.923058,10.234388,48.0,14.105554,0.0,5.0,0.874251,12.074516,12.072741
IPEDS:157085,University of Kentucky,157085,2023,2023,False,KY,0.976048,15.094881,0.972455,10.07023,11.43133,39.0,15.094881,0.0,4.0,0.986826,14.718185,14.767434
IPEDS:157289,University of Louisville,157289,2023,2023,False,KY,0.987425,15.423951,0.983832,10.288444,11.710387,41.0,12.907498,-4591691.0,4.0,0.98982,14.790075,14.112612
IPEDS:157386,Morehead State University,157386,2023,2023,False,KY,0.82515,13.69081,0.883832,9.040619,9.977283,41.0,13.69081,0.0,3.0,0.850898,11.768064,11.790277
IPEDS:157401,Murray State University,157401,2023,2023,False,KY,0.79521,13.55402,0.88503,9.049702,9.998716,35.0,13.54325,-8247.0,4.0,0.897605,12.378521,12.107114
IPEDS:157401,Murray State College,207236,2023,2023,False,OK,0.5,12.68722,0.191617,7.176255,8.998461,40.0,12.73849,17023.0,4.0,0.383234,9.047939,10.603784
IPEDS:157447,Northern Kentucky University,157447,2023,2023,False,KY,0.840719,13.75706,0.856287,8.855663,10.119513,38.0,13.75706,0.0,4.0,0.841916,11.680734,11.926431
IPEDS:157951,Western Kentucky University,157951,2023,2023,False,KY,0.865868,13.910201,0.88024,9.005405,10.172569,42.0,13.910201,0.0,3.0,0.941317,13.299183,13.031988
IPEDS:159009,Grambling State University,159009,2023,2023,False,LA,0.761078,13.436581,0.572455,7.924072,9.747759,40.0,13.436581,0.0,2.0,0.888024,12.227687,12.033854
IPEDS:159391,Louisiana State University and Agricultural & Mechanical College,159391,2023,2023,False,LA,0.998802,15.980585,0.996407,10.801594,12.242921,42.0,15.972937,-66402.0,4.0,0.992814,15.00599,14.614115
IPEDS:159647,Louisiana Tech University,159647,2023,2023,False,LA,0.929341,14.334454,0.939521,9.508888,10.645598,40.0,14.334454,0.0,4.0,0.937725,13.247156,12.862076
IPEDS:159717,McNeese State University,159717,2023,2023,False,LA,0.830539,13.705455,0.080838,6.74876,10.041935,39.0,13.692491,-11538.0,4.0,0.883832,12.172412,12.378605
IPEDS:159939,University of New Orleans,159939,2023,2023,False,LA,0.811976,13.626488,0.732335,8.289037,9.734726,49.0,14.447533,1053644.0,4.0,0.665269,10.541043,11.408431
IPEDS:159966,Nicholls State University,159966,2023,2023,False,LA,0.821557,13.680558,0.883234,9.033126,9.991723,40.0,13.680558,0.0,4.0,0.749701,10.996266,12.102095
IPEDS:159993,University of Louisiana at Monroe,159993,2023,2023,False,LA,0.875449,13.967084,0.879641,9.004791,10.22945,42.0,13.967084,0.0,4.0,0.908383,12.560444,12.141849
IPEDS:160038,Northwestern State University of Louisiana,160038,2023,2023,False,LA,0.817964,13.659984,0.853293,8.822764,9.97115,40.0,14.132783,517412.0,4.0,0.820958,11.497923,11.784219
IPEDS:160612,Southeastern Louisiana University,160612,2023,2023,False,LA,0.85509,13.868728,0.797605,8.534247,10.084579,44.0,13.868728,0.0,3.0,0.789222,11.188344,11.933016
IPEDS:160621,Southern University and A & M College,160621,2023,2023,False,LA,0.792216,13.545175,0.872455,8.963032,9.856346,40.0,12.667978,-445704.0,4.0,0.68024,10.634436,11.513935
IPEDS:160658,University of Louisiana at Lafayette,160658,2023,2023,False,LA,0.970659,15.004014,0.988024,10.45628,11.420506,36.0,15.004014,0.0,4.0,0.931138,13.067947,13.035988
IPEDS:160755,Tulane University of Louisiana,160755,2023,2023,False,LA,0.971856,15.019854,0.977844,10.15844,11.356303,39.0,15.4811,1954222.0,4.0,0.950898,13.543655,13.929509
IPEDS:161253,University of Maine,161253,2023,2023,False,ME,0.871257,13.939925,0.931737,9.385218,10.356437,36.0,13.939925,0.0,4.0,0.913174,12.645975,12.220104
IPEDS:162283,Coppin State University,162283,2023,2023,False,MD,0.426946,12.500088,0.110778,6.916715,8.973851,34.0,12.016007,-102980.0,3.0,0.282635,8.109526,11.576736
IPEDS:163268,University of Maryland-Baltimore County,163268,2023,2023,False,MD,0.805389,13.591349,0.852695,8.822322,10.224088,29.0,13.591349,0.0,4.0,0.816168,11.479948,11.949637
IPEDS:163286,University of Maryland-College Park,163286,2023,2023,False,MD,0.967665,14.932626,0.97006,10.016548,11.349119,36.0,13.278758,-2471383.0,4.0,0.981437,14.58527,14.209712
IPEDS:163338,University of Maryland Eastern Shore,163338,2023,2023,False,MD,0.770659,13.461662,0.78024,8.462737,9.590528,48.0,13.428223,-23085.0,4.0,0.458084,9.582593,11.643059
IPEDS:163462,Mount St. Mary's University,163462,2023,2023,False,MD,0.736527,13.348638,0.807784,8.568266,9.659821,40.0,13.348638,0.0,4.0,0.834731,11.62949,11.472343
IPEDS:164076,Towson University,164076,2023,2023,False,MD,0.82994,13.700691,0.854491,8.837246,10.117211,36.0,13.700691,0.0,3.0,0.896407,12.363982,12.459214
IPEDS:164924,Boston College,164924,2023,2023,False,MA,0.969461,14.98749,0.976048,10.127351,11.203314,44.0,14.98749,0.0,4.0,0.97006,14.25951,13.684103
IPEDS:166027,Harvard University,166027,2023,2023,False,MA,0.835928,13.730156,0.926347,9.338909,10.174845,35.0,13.730156,0.0,5.0,0.956287,13.782912,12.178922
IPEDS:166124,College of the Holy Cross,166124,2023,2023,False,MA,0.704192,13.240116,0.869461,8.93142,9.743666,33.0,13.240116,0.0,4.0,0.920958,12.835025,11.962382
IPEDS:166513,University of Massachusetts-Lowell,166513,2023,2023,False,MA,0.87006,13.936506,0.892814,9.095378,10.32562,37.0,13.947801,12820.0,4.0,0.894012,12.337851,12.22351
IPEDS:166629,University of Massachusetts-Amherst,166629,2023,2023,False,MA,0.680838,13.18084,0.835928,8.729882,9.625556,35.0,13.18084,0.0,4.0,0.945509,13.38211,13.040552
IPEDS:166850,Merrimack College,166850,2023,2023,False,MA,0.788623,13.536084,0.797006,8.528529,9.980781,35.0,13.536084,0.0,3.0,0.884431,12.174148,12.046661
IPEDS:167358,Northeastern University,167358,2023,2023,False,MA,0.945509,14.515331,0.951497,9.721906,10.826471,40.0,14.515331,0.0,4.0,0.871856,12.014404,12.43016
IPEDS:167996,Stonehill College,167996,2023,2023,False,MA,0.608383,12.982285,0.841317,8.750683,9.398846,36.0,12.982285,0.0,3.0,0.872455,12.034448,11.357884
IPEDS:169248,Central Michigan University,169248,2023,2023,False,MI,0.923952,14.28687,0.885629,9.049702,10.623332,39.0,14.28687,0.0,4.0,0.937126,13.214042,12.822501
IPEDS:169798,Eastern Michigan University,169798,2023,2023,False,MI,0.845509,13.817918,0.863473,8.909911,10.129077,40.0,13.817918,0.0,4.0,0.949701,13.494463,12.497783
IPEDS:170976,University of Michigan-Ann Arbor,170976,2023,2023,False,MI,0.977246,15.130919,0.984431,10.297791,11.417358,41.0,13.408901,-3060370.0,4.0,0.996407,15.170566,14.130464
IPEDS:171100,Michigan State University,171100,2023,2023,False,MI,0.952695,14.59708,0.962874,9.895758,10.933536,39.0,14.59708,0.0,4.0,0.987425,14.731898,14.463998
IPEDS:171571,Oakland University,171571,2023,2023,False,MI,0.788024,13.531146,0.855689,8.845777,9.975843,35.0,13.531146,0.0,5.0,0.836527,11.638271,11.840033
IPEDS:172699,Western Michigan University,172699,2023,2023,False,MI,0.838922,13.745933,0.895808,9.11559,10.24946,33.0,13.745933,0.0,4.0,0.926347,12.942076,12.719779
IPEDS:174066,University of Minnesota-Twin Cities,174066,2023,2023,False,MN,0.956886,14.723605,0.965269,9.928424,11.112701,37.0,12.871085,-2090689.0,4.0,0.983234,14.662714,14.045279
IPEDS:174914,St. Thomas University,137476,2023,2023,False,FL,0.769461,13.457028,0.679641,8.14613,9.695888,43.0,13.553534,70793.0,3.0,0.786228,11.157607,10.86092
IPEDS:174914,University of St Thomas,174914,2023,2023,False,MN,0.802994,13.5855,0.848503,8.799058,9.974627,37.0,13.5855,0.0,3.0,0.858084,11.880883,11.89729
IPEDS:174914,University of St Thomas,227863,2023,2023,False,TX,0.564072,12.84353,0.770659,8.413831,8.669312,65.0,12.84353,0.0,2.0,0.323353,8.553332,10.964381
IPEDS:175342,Alcorn State University,175342,2023,2023,False,MS,0.597006,12.933382,0.291018,7.406711,9.378116,35.0,12.933382,0.0,2.0,0.753293,11.006274,11.661354
IPEDS:175856,Jackson State University,175856,2023,2023,False,MS,0.676048,13.171245,0.485629,7.776535,9.342689,46.0,13.171245,0.0,3.0,0.674251,10.59696,12.167841
IPEDS:176017,University of Mississippi,176017,2023,2023,False,MS,0.998204,15.963361,0.998204,10.890423,12.299803,39.0,16.137162,1626071.0,4.0,0.988623,14.751401,14.806806
IPEDS:176017,Mississippi College,176053,2023,2023,False,MS,0.747305,13.384681,0.709581,8.223627,9.623546,43.0,13.371374,-8592.0,3.0,0.626347,10.364009,11.234956
IPEDS:176044,Mississippi Valley State University,176044,2023,2023,False,MS,0.377246,12.373961,0.668263,8.124743,8.818757,35.0,12.373961,0.0,2.0,0.31018,8.418477,11.259503
IPEDS:176080,Mississippi State University,176080,2023,2023,False,MS,0.98982,15.589262,0.986826,10.331953,11.80508,44.0,15.589262,0.0,4.0,0.964671,14.079162,14.367962
IPEDS:176372,University of Southern Mississippi,176372,2023,2023,False,MS,0.953293,14.607786,0.935928,9.454227,10.944241,39.0,14.607786,0.0,5.0,0.906587,12.530964,12.666859
IPEDS:177968,Lindenwood University,177968,2023,2023,False,MO,0.759281,13.431905,0.802994,8.548886,9.82104,37.0,13.431905,0.0,3.0,0.858683,11.881803,11.406108
IPEDS:178396,University of Missouri-Columbia,178396,2023,2023,False,MO,0.974251,15.063808,0.973653,10.098232,11.4803,36.0,15.063808,0.0,4.0,0.976647,14.487864,14.314086
IPEDS:179159,Saint Louis University,179159,2023,2023,False,MO,0.927545,14.312526,0.941317,9.532424,10.757199,35.0,14.312526,0.0,4.0,0.902994,12.46056,13.474402
IPEDS:179557,Southeast Missouri State University,179557,2023,2023,False,MO,0.817365,13.648913,0.828144,8.699681,9.935388,41.0,13.648913,0.0,3.0,0.864671,11.946641,11.984802
IPEDS:179566,Missouri State University-Springfield,179566,2023,2023,False,MO,0.938323,14.40794,0.947904,9.658929,10.942221,32.0,14.40794,0.0,3.0,0.923353,12.902392,12.175515
IPEDS:181002,Creighton University,181002,2023,2023,False,NE,0.940719,14.433474,0.918563,9.289336,10.626836,45.0,14.162822,-439890.0,3.0,0.932335,13.116023,13.661404
IPEDS:181394,University of Nebraska at Omaha,181394,2023,2023,False,NE,0.869461,13.935004,0.923353,9.318208,10.438525,33.0,13.502243,-395872.0,3.0,0.868263,11.975659,11.834581
IPEDS:181464,University of Nebraska-Lincoln,181464,2023,2023,False,NE,0.973653,15.059809,0.968263,9.997706,11.209674,47.0,14.135645,-2093185.0,3.0,0.984431,14.678811,14.012182
IPEDS:182281,University of Nevada-Las Vegas,182281,2023,2023,False,NV,0.924551,14.287306,0.946707,9.639522,10.703809,36.0,14.287306,0.0,4.0,0.961677,13.965919,12.69395
IPEDS:182290,University of Nevada-Reno,182290,2023,2023,False,NV,0.949701,14.566156,0.963473,9.903087,10.852603,41.0,14.566156,0.0,3.0,0.938922,13.264781,13.035979
IPEDS:182670,Dartmouth College,182670,2023,2023,False,NH,0.758084,13.430277,0.861677,8.906529,9.903965,34.0,13.430277,0.0,4.0,0.956886,13.790104,11.956444
IPEDS:184603,Fairleigh Dickinson University-Metropolitan Campus,184603,2023,2023,False,NJ,0.798204,13.568147,0.816766,8.631414,9.904634,39.0,13.568147,0.0,3.0,0.801198,11.326837,11.578638
IPEDS:185572,Monmouth College,147341,2023,2023,False,IL,0.156287,11.711793,0.133533,7.003065,7.840977,48.0,11.711793,0.0,3.0,0.637725,10.412351,10.771722
IPEDS:185572,Monmouth University,185572,2023,2023,False,NJ,0.890419,14.076306,0.857485,8.859221,10.362765,41.0,14.076306,0.0,4.0,0.892216,12.2806,12.018139
IPEDS:185828,New Jersey Institute of Technology,185828,2023,2023,False,NJ,0.877844,13.974417,0.884431,9.047233,10.390928,36.0,14.005935,37535.0,4.0,0.84012,11.674951,11.780117
IPEDS:186131,Princeton University,186131,2023,2023,False,NJ,0.831138,13.705652,0.898802,9.137555,10.271698,31.0,13.705652,0.0,3.0,0.962874,14.021868,12.191264
IPEDS:186283,Rider University,186283,2023,2023,False,NJ,0.825749,13.6911,0.78503,8.483636,10.225399,32.0,13.6911,0.0,3.0,0.759281,11.043498,11.556425
IPEDS:186380,Rutgers University-New Brunswick,186380,2023,2023,False,NJ,0.971257,15.009315,0.977246,10.151831,11.425806,36.0,15.009315,0.0,3.0,0.992216,14.929477,14.004224
IPEDS:186432,Saint Peter's University,186432,2023,2023,False,NJ,0.568263,12.853404,0.731737,8.286269,9.215914,38.0,12.853404,0.0,3.0,0.795808,11.234137,11.974096
IPEDS:186584,Seton Hall University,186584,2023,2023,False,NJ,0.933533,14.359403,0.930539,9.380421,10.670546,40.0,14.359403,0.0,5.0,0.913772,12.651191,13.162147
IPEDS:187985,University of New Mexico-Main Campus,187985,2023,2023,False,NM,0.911976,14.196527,0.862874,8.908289,10.532992,39.0,14.295528,152330.0,3.0,0.938323,13.259499,12.748653
IPEDS:188030,New Mexico State University-Main Campus,188030,2023,2023,False,NM,0.902994,14.141684,0.89521,9.11482,10.504125,38.0,14.141684,0.0,3.0,0.935329,13.202556,12.448889
IPEDS:189705,Canisius College,189705,2023,2023,False,NY,0.823353,13.688643,0.882635,9.024733,9.904502,44.0,13.688643,0.0,3.0,0.87006,12.007603,11.547395
IPEDS:190150,Columbia College,177065,2023,2023,False,MO,0.611976,12.989346,0.421557,7.656337,9.25177,42.0,12.989346,0.0,4.0,0.362275,8.864181,11.066513
IPEDS:190150,Columbia University in the City of New York,190150,2023,2023,False,NY,0.874251,13.958273,0.926946,9.345658,10.320719,38.0,13.958273,0.0,4.0,0.950299,13.530758,12.369156
IPEDS:190415,Cornell College,153162,2023,2023,False,IA,0.476647,12.628765,0.364072,7.549609,8.470088,64.0,12.797162,55978.0,4.0,0.707186,10.768548,11.145132
IPEDS:190415,Cornell University,190415,2023,2023,False,NY,0.797605,13.56046,0.826946,8.698681,10.034142,34.0,13.56046,0.0,4.0,0.952695,13.596264,12.087531
IPEDS:191241,Fordham University,191241,2023,2023,False,NY,0.928144,14.317901,0.891617,9.09257,10.734403,36.0,14.317901,0.0,3.0,0.948503,13.44954,12.582215
IPEDS:191649,Hofstra University,191649,2023,2023,False,NY,0.918563,14.242554,0.894611,9.103089,10.659058,36.0,14.242554,0.0,4.0,0.848503,11.745742,12.214601
IPEDS:191931,Iona University,191931,2023,2023,False,NY,0.783832,13.50719,0.777246,8.444838,9.869655,38.0,13.50719,0.0,3.0,0.873054,12.043065,12.256029
IPEDS:192323,Le Moyne College,192323,2023,2023,False,NY,0.723353,13.311447,0.831138,8.71029,10.053392,26.0,13.315158,2246.0,4.0,0.691617,10.689783,11.342125
IPEDS:192448,Long Island University,192448,2023,2023,False,NY,0.873054,13.9501,0.873653,8.972464,10.339214,37.0,13.9501,0.0,3.0,0.917964,12.730342,11.921459
IPEDS:192703,Manhattan College,192703,2023,2023,False,NY,0.880838,14.012535,0.901198,9.150059,10.25137,43.0,14.012535,0.0,5.0,0.841317,11.68026,11.450635
IPEDS:192819,Marist College,192819,2023,2023,False,NY,0.885629,14.046321,0.91976,9.292842,10.435432,37.0,14.046321,0.0,3.0,0.912575,12.640705,11.809461
IPEDS:193973,Niagara University,193973,2023,2023,False,NY,0.772455,13.469452,0.864671,8.91355,9.943138,34.0,13.469452,0.0,2.0,0.837725,11.655943,11.658782
IPEDS:195164,St Bonaventure University,195164,2023,2023,False,NY,0.796407,13.557378,0.849701,8.800867,9.946507,37.0,13.557378,0.0,3.0,0.882635,12.157686,12.890784
IPEDS:195474,Siena College,195474,2023,2023,False,NY,0.843713,13.791256,0.823353,8.682538,10.153708,38.0,13.791256,0.0,4.0,0.859281,11.887986,11.617376
IPEDS:195809,St. John's University-New York,195809,2023,2023,False,NY,0.922156,14.282041,0.919162,9.289798,10.671146,37.0,14.282041,0.0,4.0,0.919162,12.811257,13.154968
IPEDS:196060,SUNY at Albany,196060,2023,2023,False,NY,0.753293,13.407852,0.756886,8.357259,9.881541,34.0,13.325053,-52860.0,3.0,0.883234,12.169995,12.221405
IPEDS:196079,Binghamton University,196079,2023,2023,False,NY,0.862275,13.901398,0.837725,8.737453,10.40492,33.0,17.614436,43563480.0,4.0,0.828743,11.59133,11.765791
IPEDS:196097,Stony Brook University,196097,2023,2023,False,NY,0.908982,14.182896,0.922156,9.308283,10.599402,36.0,14.182896,0.0,4.0,0.914371,12.652555,12.501057
IPEDS:197197,Wagner College,197197,2023,2023,False,NY,0.847904,13.840031,0.825749,8.692322,10.176507,39.0,13.840031,0.0,4.0,0.861078,11.898698,11.840443
IPEDS:197869,Appalachian State University,197869,2023,2023,False,NC,0.886228,14.058148,0.92994,9.380252,10.447259,37.0,14.058148,0.0,4.0,0.944311,13.369845,12.53731
IPEDS:198136,Campbell University,198136,2023,2023,False,NC,0.948503,14.54835,0.962275,9.873338,10.85949,40.0,14.54835,0.0,3.0,0.925749,12.932038,12.083221
IPEDS:198385,Davidson College,198385,2023,2023,False,NC,0.852695,13.856189,0.846108,8.777093,10.300873,35.0,14.206164,436429.0,5.0,0.911976,12.639743,11.937324
IPEDS:198419,Duke University,198419,2023,2023,False,NC,0.979042,15.172681,0.938922,9.48052,11.322545,47.0,14.608578,-1675019.0,3.0,0.986228,14.715491,13.58695
IPEDS:198464,East Carolina University,198464,2023,2023,False,NC,0.97006,14.997985,0.986228,10.312978,11.36041,38.0,15.001515,11537.0,4.0,0.95509,13.681104,13.730367
IPEDS:198516,Elon University,198516,2023,2023,False,NC,0.91497,14.223581,0.870659,8.945854,10.534727,40.0,14.223581,0.0,4.0,0.908982,12.56571,12.221729
IPEDS:198561,Gardner-Webb University,198561,2023,2023,False,NC,0.77485,13.473005,0.397006,7.617268,9.735393,42.0,13.473005,0.0,6.0,0.818563,11.489728,11.535333
IPEDS:198695,High Point University,198695,2023,2023,False,NC,0.893413,14.092189,0.865269,8.918115,10.378647,41.0,14.21145,167038.0,3.0,0.898204,12.408446,11.691607
IPEDS:199102,North Carolina A & T State University,199102,2023,2023,False,NC,0.873653,13.955606,0.876048,8.980172,10.266761,40.0,13.9537,-2191.0,3.0,0.852096,11.780805,11.991009
IPEDS:199111,University of North Carolina at Asheville,199111,2023,2023,False,NC,0.74012,13.371351,0.820359,8.651025,9.760489,37.0,13.371351,0.0,4.0,0.662874,10.523257,11.255889
IPEDS:199120,University of North Carolina at Chapel Hill,199120,2023,2023,False,NC,0.977844,15.136644,0.98024,10.213249,11.244837,49.0,14.4448,-1871392.0,4.0,0.980838,14.583715,13.671306
IPEDS:199139,University of North Carolina at Charlotte,199139,2023,2023,False,NC,0.934132,14.368935,0.961078,9.844321,10.758037,37.0,14.368935,0.0,4.0,0.958084,13.803078,12.910278
IPEDS:199148,University of North Carolina at Greensboro,199148,2023,2023,False,NC,0.857485,13.880937,0.874251,8.977399,10.270053,37.0,13.880937,0.0,4.0,0.856287,11.848662,12.028356
IPEDS:199193,North Carolina State University at Raleigh,199193,2023,2023,False,NC,0.991617,15.625551,0.969461,10.014537,11.987971,38.0,16.103845,3747810.0,4.0,0.976048,14.463712,14.022122
IPEDS:199218,University of North Carolina Wilmington,199218,2023,2023,False,NC,0.916766,14.233249,0.941916,9.556409,10.519703,41.0,14.233249,0.0,4.0,0.870659,12.007768,12.050699
IPEDS:199412,Queens University of Charlotte,199412,2023,2023,False,NC,0.861078,13.894068,0.868862,8.923191,10.338751,35.0,13.894068,0.0,5.0,0.826347,11.548592,11.090599
IPEDS:199847,Wake Forest University,199847,2023,2023,False,NC,0.991018,15.596282,0.995808,10.797021,11.812099,44.0,15.596282,0.0,4.0,0.961078,13.933534,14.109201
IPEDS:200004,Western Carolina University,200004,2023,2023,False,NC,0.810778,13.620128,0.779042,8.457868,9.882508,42.0,13.620128,0.0,4.0,0.856886,11.873191,12.022841
IPEDS:200332,North Dakota State University-Main Campus,200332,2023,2023,False,ND,0.862874,13.901728,0.934132,9.406072,10.264175,38.0,13.901728,0.0,4.0,0.905988,12.528841,12.174592
IPEDS:200800,University of Akron Main Campus,200800,2023,2023,False,OH,0.750299,13.397571,0.865868,8.921591,9.814105,36.0,13.397571,0.0,4.0,0.927545,12.958121,12.793879
IPEDS:201441,Bowling Green State University-Main Campus,201441,2023,2023,False,OH,0.773054,13.47189,0.831737,8.7167,9.91659,35.0,13.47189,0.0,3.0,0.940719,13.297655,12.246115
IPEDS:201885,University of Cincinnati-Main Campus,201885,2023,2023,False,OH,0.94491,14.514753,0.960479,9.832045,10.903853,37.0,14.514753,0.0,4.0,0.967665,14.175297,12.171833
IPEDS:202480,University of Dayton,202480,2023,2023,False,OH,0.936527,14.392414,0.936527,9.456028,10.654768,42.0,13.832855,-763021.0,4.0,0.920359,12.826262,13.06784
IPEDS:203517,Kent State University at Kent,203517,2023,2023,False,OH,0.897605,14.113105,0.904192,9.177197,10.424254,40.0,14.113105,0.0,3.0,0.94012,13.279526,12.322241
IPEDS:204024,Miami University-Oxford,204024,2023,2023,False,OH,0.911377,14.194002,0.917365,9.287857,10.409842,44.0,14.194002,0.0,4.0,0.942515,13.33756,12.561878
IPEDS:204796,Ohio State University-Main Campus,204796,2023,2023,False,OH,0.972455,15.023705,0.964671,9.925689,11.360155,39.0,13.528238,-2597129.0,4.0,0.991018,14.818886,13.996758
IPEDS:204857,Ohio University-Main Campus,204857,2023,2023,False,OH,0.850299,13.847879,0.827545,8.698681,10.264394,36.0,13.847879,0.0,4.0,0.933533,13.141684,12.657428
IPEDS:206084,University of Toledo,206084,2023,2023,False,OH,0.852096,13.854824,0.862275,8.907342,10.165982,40.0,13.854824,0.0,4.0,0.928144,12.963797,12.794526
IPEDS:206604,Wright State University-Main Campus,206604,2023,2023,False,OH,0.879042,13.987172,0.932335,9.392995,10.431853,35.0,13.987172,0.0,4.0,0.793413,11.215462,12.078313
IPEDS:206622,Xavier University,206622,2023,2023,False,OH,0.941916,14.4396,0.937725,9.46444,10.701952,42.0,12.810074,-1500660.0,3.0,0.941916,13.312982,13.303693
IPEDS:206695,Youngstown State University,206695,2023,2023,False,OH,0.762275,13.437889,0.837126,8.732627,9.882591,35.0,13.437889,0.0,4.0,0.888623,12.2278,11.924909
IPEDS:207388,Oklahoma State University-Main Campus,207388,2023,2023,False,OK,0.982635,15.259139,0.98982,10.511322,11.570269,40.0,14.991512,-994652.0,3.0,0.95988,13.899938,14.384357
IPEDS:207500,University of Oklahoma-Norman Campus,207500,2023,2023,False,OK,0.988623,15.533623,0.997605,10.820118,11.896044,38.0,14.01464,-4353660.0,4.0,0.998802,15.340919,14.257551
IPEDS:207582,Oral Roberts University,207582,2023,2023,False,OK,0.887425,14.061446,0.924551,9.321076,10.506125,35.0,14.061446,0.0,4.0,0.864072,11.945766,11.851602
IPEDS:209542,Oregon State University,209542,2023,2023,False,OR,0.98024,15.208875,0.989222,10.464331,11.625365,36.0,15.208875,0.0,4.0,0.970659,14.265626,13.36925
IPEDS:209551,University of Oregon,209551,2023,2023,False,OR,0.98503,15.348999,0.979641,10.195261,11.542346,45.0,13.926858,-3516531.0,4.0,0.989222,14.757894,14.395168
IPEDS:209825,University of Portland,209825,2023,2023,False,OR,0.926347,14.304187,0.914371,9.271624,10.666623,38.0,14.304187,0.0,4.0,0.891617,12.269184,12.34899
IPEDS:211291,Bucknell University,211291,2023,2023,False,PA,0.764671,13.443229,0.843713,8.772455,9.859761,36.0,13.443229,0.0,4.0,0.928743,12.972301,11.789845
IPEDS:213385,Lafayette College,213385,2023,2023,False,PA,0.838323,13.744819,0.900599,9.146974,10.218494,34.0,13.744819,0.0,3.0,0.924551,12.913714,11.929396
IPEDS:213543,Lehigh University,213543,2023,2023,False,PA,0.88024,14.007795,0.858683,8.871646,10.246629,43.0,14.007795,0.0,4.0,0.91976,12.821696,11.889758
IPEDS:213987,Mercyhurst University,213987,2023,2023,False,PA,0.656287,13.108834,0.546707,7.877018,9.280284,46.0,13.108834,0.0,6.0,0.834132,11.627004,11.202943
IPEDS:214777,Pennsylvania State University-Main Campus,214777,2023,2023,False,PA,0.949102,14.555744,0.965868,9.930324,10.842191,41.0,13.546773,-1332080.0,4.0,0.997605,15.221548,13.908627
IPEDS:215062,University of Pennsylvania,215062,2023,2023,False,PA,0.809581,13.61663,0.905988,9.190444,10.005756,37.0,13.61663,0.0,4.0,0.94491,13.381803,12.149941
IPEDS:215293,University of Pittsburgh-Pittsburgh Campus,215293,2023,2023,False,PA,0.962275,14.837164,0.967665,9.972594,11.199591,38.0,14.837164,0.0,4.0,0.971257,14.290847,14.635634
IPEDS:215770,Saint Joseph's University,215770,2023,2023,False,PA,0.878443,13.982483,0.810778,8.588769,10.268945,41.0,13.982483,0.0,4.0,0.867665,11.972715,12.178074
IPEDS:216597,Villanova University,216597,2023,2023,False,PA,0.914371,14.215401,0.961677,9.866357,10.718915,33.0,14.215401,0.0,5.0,0.932934,13.133483,12.819161
IPEDS:217156,Brown University,217156,2023,2023,False,RI,0.820359,13.679472,0.906587,9.191667,10.278308,30.0,13.679472,0.0,4.0,0.953293,13.597546,12.206972
IPEDS:217165,Bryant University,217165,2023,2023,False,RI,0.897006,14.108556,0.871257,8.947156,10.470998,38.0,14.108556,0.0,4.0,0.876048,12.089915,11.958194
IPEDS:217484,Rhode Island College,217420,2023,2023,False,RI,0.306587,12.186023,0.469461,7.746301,8.575289,37.0,12.186023,0.0,4.0,0.252695,7.683864,10.992538
IPEDS:217484,University of Rhode Island,217484,2023,2023,False,RI,0.854491,13.868114,0.889222,9.077266,10.230563,38.0,13.823949,-45538.0,3.0,0.918563,12.782467,12.753989
IPEDS:217688,Charleston Southern University,217688,2023,2023,False,SC,0.841317,13.761739,0.859281,8.872207,10.15086,37.0,13.761739,0.0,3.0,0.852695,11.782624,11.605878
IPEDS:217819,College of Charleston,217819,2023,2023,False,SC,0.937126,14.394729,0.85988,8.875567,10.523554,48.0,14.394729,0.0,4.0,0.887425,12.224939,12.407052
IPEDS:217819,University of Charleston,237312,2023,2023,False,WV,0.749102,13.395576,0.484431,7.772332,9.425363,53.0,13.428619,22075.0,3.0,0.805988,11.362498,11.109833
IPEDS:217864,Citadel Military College of South Carolina,217864,2023,2023,False,SC,0.9,14.120558,0.908982,9.21094,10.431707,40.0,13.967415,-192640.0,4.0,0.890419,12.263426,11.773195
IPEDS:217882,Clemson University,217882,2023,2023,False,SC,0.986826,15.388785,0.975449,10.115166,11.627593,43.0,15.388785,0.0,4.0,0.997006,15.215983,14.553524
IPEDS:218539,Presbyterian College,218539,2023,2023,False,SC,0.834132,13.713051,0.783832,8.476788,10.129571,36.0,13.713051,0.0,4.0,0.866467,11.963861,11.187791
IPEDS:218663,University of South Carolina-Columbia,218663,2023,2023,False,SC,0.990419,15.595519,0.978443,10.176411,11.881954,41.0,15.595519,0.0,4.0,0.979042,14.528732,13.016907
IPEDS:218724,Coastal Carolina University,218724,2023,2023,False,SC,0.975449,15.087152,0.955689,9.767897,11.398283,40.0,15.087152,0.0,4.0,0.953892,13.618432,12.823097
IPEDS:218742,University of South Carolina-Upstate,218742,2023,2023,False,SC,0.858084,13.882128,0.782036,8.469053,10.244577,38.0,13.882128,0.0,4.0,0.710778,10.790514,11.526187
IPEDS:218964,Winthrop University,218964,2023,2023,False,SC,0.828144,13.697338,0.747904,8.335431,10.059794,38.0,13.697338,0.0,3.0,0.800599,11.320263,11.771143
IPEDS:218973,Wofford College,218973,2023,2023,False,SC,0.888024,14.063227,0.881437,9.014325,10.479736,36.0,14.063227,0.0,4.0,0.894611,12.344891,11.878526
IPEDS:219356,South Dakota State University,219356,2023,2023,False,SD,0.808982,13.609391,0.888623,9.066701,9.92056,40.0,13.609391,0.0,4.0,0.880838,12.1501,12.248255
IPEDS:219602,Austin Peay State University,219602,2023,2023,False,TN,0.931138,14.343408,0.956886,9.800458,10.732511,37.0,14.343408,0.0,4.0,0.895808,12.350554,12.109639
IPEDS:219709,Belmont University,219709,2023,2023,False,TN,0.907784,14.180722,0.902395,9.156834,10.625397,35.0,14.180722,0.0,3.0,0.785629,11.155665,12.498418
IPEDS:219976,Lipscomb University,219976,2023,2023,False,TN,0.934731,14.380846,0.925749,9.330343,10.743281,38.0,14.380846,0.0,3.0,0.838922,11.667979,12.054563
IPEDS:220075,East Tennessee State University,220075,2023,2023,False,TN,0.849102,13.842605,0.730539,8.282736,9.97145,48.0,13.842605,0.0,4.0,0.89521,12.349606,12.050985
IPEDS:220862,University of Memphis,220862,2023,2023,False,TN,0.958683,14.739291,0.953293,9.740674,11.075745,39.0,14.739291,0.0,6.0,0.954491,13.619229,13.588285
IPEDS:220978,Middle Tennessee State University,220978,2023,2023,False,TN,0.88982,14.073586,0.943114,9.577273,10.436029,38.0,14.073586,0.0,3.0,0.931737,13.089055,12.871409
IPEDS:221759,The University of Tennessee-Knoxville,221759,2023,2023,False,TN,0.995808,15.807443,0.993413,10.624226,11.957302,47.0,15.165321,-3472993.0,3.0,0.991617,14.848627,14.773844
IPEDS:221768,The University of Tennessee-Martin,221768,2023,2023,False,TN,0.815569,13.643892,0.785629,8.484257,9.882741,43.0,13.645281,1171.0,3.0,0.88024,12.142131,11.73718
IPEDS:221847,Tennessee Technological University,221847,2023,2023,False,TN,0.859281,13.886299,0.897006,9.127611,10.275415,37.0,13.886299,0.0,4.0,0.892814,12.311045,11.969439
IPEDS:221999,Vanderbilt University,221999,2023,2023,False,TN,0.999401,16.018412,0.998802,10.916233,12.38083,38.0,16.018412,0.0,4.0,0.990419,14.802541,14.583963
IPEDS:222178,Abilene Christian University,222178,2023,2023,False,TX,0.905389,14.169189,0.928743,9.362632,10.505654,39.0,14.213959,65215.0,3.0,0.901796,12.448634,12.193909
IPEDS:223232,Baylor University,223232,2023,2023,False,TX,0.983832,15.304962,0.973054,10.093157,11.616091,40.0,15.304962,0.0,3.0,0.979641,14.548852,14.497201
IPEDS:224147,Texas A & M University-Corpus Christi,224147,2023,2023,False,TX,0.871856,13.945901,0.840719,8.748464,10.257056,40.0,13.945901,0.0,4.0,0.847904,11.736413,12.064359
IPEDS:224226,Dallas Baptist University,224226,2023,2023,False,TX,0.965269,14.88261,0.983234,10.276911,11.219062,39.0,14.981978,303695.0,5.0,0.681437,10.637273,12.193499
IPEDS:225399,Houston Baptist University,225399,2023,2023,False,TX,0.894012,14.099397,0.880838,9.006632,10.410547,40.0,14.099397,0.0,4.0,0.882036,12.153984,11.538291
IPEDS:225511,University of Houston,225511,2023,2023,False,TX,0.964072,14.863966,0.957485,9.801898,11.079792,44.0,14.863966,0.0,3.0,0.951497,13.548999,14.506575
IPEDS:225627,University of the Incarnate Word,225627,2023,2023,False,TX,0.876048,13.973573,0.791018,8.508556,10.123464,47.0,13.973573,0.0,3.0,0.885629,12.212517,12.117924
IPEDS:226091,Lamar University,226091,2023,2023,False,TX,0.901198,14.127561,0.88982,9.087721,10.43871,40.0,14.127561,0.0,4.0,0.865269,11.953391,11.97416
IPEDS:227368,The University of Texas Rio Grande Valley,227368,2023,2023,False,TX,0.898802,14.118272,0.9,9.139059,10.075262,57.0,14.118272,0.0,4.0,0.88503,12.187262,11.886425
IPEDS:227526,Prairie View A & M University,227526,2023,2023,False,TX,0.740719,13.374149,0.811377,8.588769,9.524073,47.0,13.374149,0.0,3.0,0.634132,10.388072,11.863927
IPEDS:227757,Rice University,227757,2023,2023,False,TX,0.966467,14.927063,0.958683,9.817984,11.238196,40.0,14.927063,0.0,3.0,0.943713,13.363149,12.734039
IPEDS:227881,Sam Houston State University,227881,2023,2023,False,TX,0.905988,14.169826,0.937126,9.4572,10.586331,36.0,14.169826,0.0,4.0,0.897006,12.366621,12.663899
IPEDS:228431,Stephen F Austin State University,228431,2023,2023,False,TX,0.904192,14.168391,0.935329,9.450538,10.557498,37.0,14.168391,0.0,3.0,0.936527,13.213958,12.225586
IPEDS:228459,Texas State University,228459,2023,2023,False,TX,0.943713,14.489642,0.94491,9.606159,10.800783,40.0,14.489642,0.0,3.0,0.947305,13.427812,12.776569
IPEDS:228529,Tarleton State University,228529,2023,2023,False,TX,0.853892,13.866315,0.886826,9.054037,10.059694,45.0,13.878192,12571.0,4.0,0.907186,12.540464,11.948693
IPEDS:228723,Texas A & M University-College Station,228723,2023,2023,False,TX,0.997006,15.939858,0.999401,10.992538,12.202193,42.0,15.413532,-3424192.0,4.0,0.999401,15.467305,14.84153
IPEDS:228769,The University of Texas at Arlington,228769,2023,2023,False,TX,0.864072,13.904497,0.927545,9.350537,10.266945,38.0,13.904497,0.0,3.0,0.835329,11.631064,12.146752
IPEDS:228778,The University of Texas at Austin,228778,2023,2023,False,TX,0.993413,15.656881,0.982635,10.246403,11.919218,42.0,15.551196,-632355.0,4.0,0.994611,15.090258,14.400979
IPEDS:228778,Texas College,228884,2023,2023,False,TX,0.052096,11.018154,0.501796,7.797702,7.88302,23.0,11.018154,0.0,1.0,0.143114,0.0,11.349147
IPEDS:228875,Texas Christian University,228875,2023,2023,False,TX,0.994611,15.779129,0.997006,10.805071,12.195615,36.0,15.620454,-1045435.0,4.0,0.965269,14.113784,14.504565
IPEDS:229027,The University of Texas at San Antonio,229027,2023,2023,False,TX,0.912575,14.210448,0.908383,9.20914,10.546912,39.0,14.210448,0.0,4.0,0.946108,13.396018,12.526089
IPEDS:229063,Texas Southern University,229063,2023,2023,False,TX,0.658683,13.113371,0.138922,7.019297,9.47586,38.0,13.393512,160211.0,2.0,0.739521,10.943641,12.203053
IPEDS:229115,Texas Tech University,229115,2023,2023,False,TX,1.0,16.178407,0.990419,10.525729,12.440741,42.0,15.542505,-4997942.0,4.0,0.974251,14.425335,14.298735
IPEDS:230038,Brigham Young University,230038,2023,2023,False,UT,0.968263,14.954235,0.974251,10.108508,11.193049,43.0,13.719757,-2214096.0,3.0,0.964072,14.057642,14.112534
IPEDS:230171,Utah Tech University,230171,2023,2023,False,UT,0.868862,13.930257,0.920958,9.30219,10.241412,40.0,13.930257,0.0,4.0,0.886826,12.221562,11.547337
IPEDS:230737,Utah Valley University,230737,2023,2023,False,UT,0.894611,14.100353,0.943713,9.593083,10.462795,38.0,14.100353,0.0,4.0,0.881437,12.152049,11.667627
IPEDS:230764,University of Utah,230764,2023,2023,False,UT,0.95988,14.751274,0.954491,9.752839,11.113702,38.0,13.032268,-2092237.0,4.0,0.973054,14.369076,14.106976
IPEDS:231624,William & Mary,231624,2023,2023,False,VA,0.91018,14.191534,0.861078,8.888205,10.279545,50.0,13.86539,-405338.0,4.0,0.917365,12.698315,11.868395
IPEDS:232186,George Mason University,232186,2023,2023,False,VA,0.888623,14.06679,0.916168,9.280426,10.329152,42.0,14.06679,0.0,5.0,0.905389,12.512686,12.262056
IPEDS:232423,James Madison University,232423,2023,2023,False,VA,0.94012,14.416565,0.911976,9.259321,10.753024,39.0,14.416565,0.0,4.0,0.922754,12.874799,12.55806
IPEDS:232557,Liberty University,232557,2023,2023,False,VA,0.952096,14.581015,0.945509,9.609653,10.892153,40.0,14.581015,0.0,3.0,0.959281,13.893752,13.841189
IPEDS:232566,Longwood University,232566,2023,2023,False,VA,0.89521,14.101073,0.915569,9.275379,10.43754,39.0,14.217898,164881.0,4.0,0.811976,11.43229,11.25453
IPEDS:232937,Norfolk State University,232937,2023,2023,False,VA,0.667066,13.137248,0.617365,7.997999,9.448445,40.0,13.137248,0.0,2.0,0.65988,10.517646,11.82778
IPEDS:232982,Old Dominion University,232982,2023,2023,False,VA,0.958084,14.730636,0.950898,9.708749,11.06709,39.0,14.730636,0.0,4.0,0.952096,13.575305,12.688715
IPEDS:233277,Radford University,233277,2023,2023,False,VA,0.858683,13.884661,0.814371,8.618305,10.301174,36.0,13.884661,0.0,5.0,0.797006,11.24451,11.595731
IPEDS:233374,University of Richmond,233374,2023,2023,False,VA,0.903593,14.154506,0.896407,9.12598,10.516946,38.0,14.154506,0.0,4.0,0.922156,12.864742,12.935236
IPEDS:233921,Virginia Polytechnic Institute and State University,233921,2023,2023,False,VA,0.989222,15.568841,0.987425,10.360659,11.879968,40.0,14.281804,-4179726.0,5.0,0.978443,14.519894,13.850058
IPEDS:234030,Virginia Commonwealth University,234030,2023,2023,False,VA,0.925749,14.297921,0.890419,9.09043,10.609066,40.0,14.297921,0.0,4.0,0.898802,12.417593,13.043946
IPEDS:234076,University of Virginia-Main Campus,234076,2023,2023,False,VA,0.985629,15.380381,0.994012,10.634364,11.76947,37.0,15.380381,0.0,4.0,0.982635,14.617471,14.029429
IPEDS:234085,Virginia Military Institute,234085,2023,2023,False,VA,0.832335,13.708194,0.85509,8.838697,10.097316,37.0,13.708194,0.0,4.0,0.854491,11.821189,11.662138
IPEDS:235316,Gonzaga University,235316,2023,2023,False,WA,0.964671,14.870381,0.95509,9.76503,11.232808,38.0,14.800424,-194024.0,4.0,0.934132,13.154188,13.15713
IPEDS:236595,Seattle University,236595,2023,2023,False,WA,0.935928,14.385193,0.956287,9.769327,10.801694,36.0,14.432827,86240.0,4.0,0.863473,11.942595,12.078841
IPEDS:236939,Washington State University,236939,2023,2023,False,WA,0.967066,14.9312,0.966467,9.95608,11.147024,44.0,14.003859,-1844417.0,4.0,0.966467,14.118292,13.872245
IPEDS:236948,Washington College,164216,2023,2023,False,MD,0.343114,12.289816,0.504192,7.804251,8.763607,34.0,12.289816,0.0,2.0,0.58503,10.141756,11.371523
IPEDS:236948,University of Washington-Seattle Campus,236948,2023,2023,False,WA,0.979641,15.199083,0.991617,10.533562,11.510214,40.0,13.609117,-3175616.0,3.0,0.98024,14.574453,14.151367
IPEDS:237525,Marshall University,237525,2023,2023,False,WV,0.941317,14.434891,0.949701,9.705463,10.797325,38.0,14.434891,0.0,4.0,0.960479,13.905032,12.983699
IPEDS:238032,West Virginia University,238032,2023,2023,False,WV,0.968862,14.96846,0.985629,10.307885,11.357553,37.0,15.085204,392241.0,5.0,0.969461,14.250923,14.097938
IPEDS:240453,University of Wisconsin-Milwaukee,240453,2023,2023,False,WI,0.856287,13.874297,0.850299,8.805225,10.136666,42.0,13.874297,0.0,4.0,0.832335,11.608654,11.926068
IPEDS:243744,Stanford University,243744,2023,2023,False,CA,0.981437,15.243327,0.98503,10.30223,11.659817,36.0,15.243327,0.0,4.0,0.97485,14.432733,13.584933
IPEDS:243780,Purdue University-Main Campus,243780,2023,2023,False,IN,0.957485,14.730075,0.964072,9.911208,10.992422,42.0,13.27596,-1912678.0,4.0,0.973653,14.374239,14.071117
IPEDS:433660,Florida Gulf Coast University,433660,2023,2023,False,FL,0.881437,14.020058,0.929341,9.372459,10.40917,37.0,14.020058,0.0,3.0,0.846707,11.720964,11.872528
IPEDS:486840,Kennesaw State University,486840,2023,2023,False,GA,0.923353,14.285502,0.894012,9.102644,10.596647,40.0,14.285502,0.0,3.0,0.891018,12.263733,12.149603
NCAA:academy-art,Academy of Art University,108232,2023,2023,False,CA,0.801796,13.583215,0.683832,8.156797,9.894385,40.0,13.583215,0.0,3.0,0.745509,10.96303,11.506807
NCAA:adams-state,Adams State University,126182,2023,2023,False,CO,0.41018,12.45239,0.346707,7.523481,8.409557,57.0,12.45239,0.0,4.0,0.676647,10.621766,11.237409
NCAA:adelphi,Adelphi University,188429,2023,2023,False,NY,0.705988,13.248617,0.71976,8.255049,9.487491,43.0,13.248617,0.0,6.0,0.525749,9.909072,11.023486
NCAA:adrian,Adrian College,168528,2023,2023,False,MI,0.457485,12.586275,0.531138,7.847372,8.508935,59.0,12.586275,0.0,5.0,0.709581,10.781058,10.698695
NCAA:albertus-magnus,Albertus Magnus College,128498,2023,2023,False,CT,0.184431,11.811399,0.254491,7.330405,8.285283,34.0,11.811399,0.0,5.0,0.556287,10.040201,11.027053
NCAA:albion,Albion College,168546,2023,2023,False,MI,0.260479,12.077421,0.576048,7.932003,8.293476,44.0,12.475886,86088.0,2.0,0.59521,10.209832,11.325583
NCAA:albright,Albright College,210571,2023,2023,False,PA,0.143713,11.658609,0.121557,6.958448,8.400729,26.0,11.658609,0.0,4.0,0.568263,10.089178,10.657824
NCAA:allegheny,Allegheny College,210669,2023,2023,False,PA,0.326347,12.24964,0.48024,7.767264,8.488641,43.0,12.24964,0.0,2.0,0.828144,11.587625,11.047185
NCAA:alma,Alma College,168591,2023,2023,False,MI,0.554491,12.814914,0.718563,8.242493,8.687945,62.0,12.814914,0.0,4.0,0.676048,10.617099,11.031885
NCAA:alvernia,Alvernia University,210775,2023,2023,False,PA,0.12994,11.589294,0.161078,7.087574,7.462724,62.0,11.718304,14863.0,4.0,0.751497,11.000081,10.408949
NCAA:american-international,American International College,164447,2023,2023,False,MA,0.634132,13.057283,0.470659,7.750615,9.050065,55.0,13.057285,1.0,3.0,0.811377,11.420766,10.996182
NCAA:amherst,Amherst College,164465,2023,2023,False,MA,0.541916,12.785256,0.752096,8.346642,9.319607,32.0,12.785256,0.0,3.0,0.804192,11.355722,11.711989
NCAA:angelo-state,Angelo State University,222831,2023,2023,False,TX,0.755689,13.413055,0.760479,8.374708,9.501105,50.0,13.411092,-1311.0,3.0,0.750898,10.99948,11.673283
NCAA:anna-maria,Anna Maria College,164492,2023,2023,False,MA,0.352096,12.316182,0.37006,7.567346,8.424577,49.0,12.316182,0.0,5.0,0.456886,9.578519,11.112045
NCAA:arcadia,Arcadia University,211088,2023,2023,False,PA,0.37485,12.367566,0.245509,7.308543,8.324753,57.0,12.367566,0.0,7.0,0.607784,10.260672,11.119394
NCAA:arkansas-fort-smith,University of Arkansas-Fort Smith,108092,2023,2023,False,AR,0.734731,13.340687,0.847305,8.787678,9.512118,46.0,13.340687,0.0,3.0,0.484431,9.690913,10.954134
NCAA:arkansas-monticello,University of Arkansas at Monticello,106485,2023,2023,False,AR,0.6,12.939478,0.019162,5.948035,9.328647,37.0,12.939478,0.0,2.0,0.417365,9.292473,11.229289
NCAA:arkansas-technological,Arkansas Tech University,106467,2023,2023,False,AR,0.646707,13.087333,0.015569,5.855072,8.976583,61.0,13.087333,0.0,4.0,0.01018,0.0,11.257749
NCAA:asbury,Asbury University,156213,2023,2023,False,KY,0.200599,11.876728,0.220958,7.248504,8.21343,39.0,11.876728,0.0,6.0,0.322754,8.545781,10.878519
NCAA:ashland,Ashland University,201104,2023,2023,False,OH,0.71018,13.259569,0.590419,7.950502,9.452983,45.0,13.259569,0.0,3.0,0.712575,10.80194,10.973597
NCAA:assumption,Assumption University,164562,2023,2023,False,MA,0.546108,12.797586,0.64491,8.056427,8.926515,48.0,12.758652,-13798.0,4.0,0.720958,10.854218,11.219252
NCAA:augsburg,Augsburg University,173045,2023,2023,False,MN,0.308982,12.191629,0.183832,7.154615,8.320666,48.0,12.191629,0.0,7.0,0.673653,10.593154,11.34798
NCAA:augusta,Augusta University,482149,2023,2023,False,GA,0.60479,12.952858,0.258084,7.340187,9.369422,36.0,12.952858,0.0,3.0,0.421557,9.312446,11.473238
NCAA:aurora,Aurora University,143118,2023,2023,False,IL,0.489222,12.657702,0.447305,7.704812,8.829204,46.0,12.657702,0.0,3.0,0.746108,10.974215,11.348652
NCAA:austin,Austin College,222983,2023,2023,False,TX,0.188024,11.829545,0.292814,7.408531,8.001231,46.0,11.829545,0.0,4.0,0.534132,9.954371,10.921486
NCAA:averett,Averett University,231420,2023,2023,False,VA,0.209581,11.919723,0.35988,7.543273,8.364601,35.0,11.919723,0.0,3.0,0.716168,10.814283,10.864159
NCAA:azusa-pacific,Azusa Pacific University,109785,2023,2023,False,CA,0.856886,13.879895,0.845509,8.776013,10.118734,43.0,13.897866,19340.0,4.0,0.371257,8.920255,11.434066
NCAA:babson,Babson College,164580,2023,2023,False,MA,0.528743,12.750752,0.665269,8.118207,9.061985,40.0,12.750752,0.0,4.0,0.760479,11.047009,11.273157
NCAA:baldwin-wallace,Baldwin Wallace University,201195,2023,2023,False,OH,0.52994,12.75123,0.665868,8.119399,8.690952,58.0,12.75123,0.0,4.0,0.84491,11.705404,10.962458
NCAA:bard,Bard College,189088,2023,2023,False,NY,0.268862,12.092226,0.656886,8.087948,9.047816,21.0,12.182174,16798.0,2.0,0.68982,10.679343,10.928525
NCAA:barry,Barry University,132471,2023,2023,False,FL,0.779641,13.495567,0.748503,8.337109,9.858032,38.0,13.495567,0.0,5.0,0.64012,10.422192,11.17524
NCAA:barton,Barton College,197911,2023,2023,False,NC,0.822754,13.684369,0.326347,7.485492,,,13.684369,0.0,3.0,0.52994,9.932706,10.834746
NCAA:bates,Bates College,160977,2023,2023,False,ME,0.458683,12.587689,0.479641,7.765993,9.061441,34.0,12.590859,930.0,4.0,0.763473,11.060903,11.295863
NCAA:belhaven,Belhaven University,175421,2023,2023,False,MS,0.551497,12.80997,0.817365,8.635154,9.121198,40.0,12.83289,8482.0,3.0,0.813772,11.454915,10.805111
NCAA:belmont-abbey,Belmont Abbey College,197984,2023,2023,False,NC,0.746108,13.384029,0.308982,7.446001,,,13.384029,0.0,3.0,0.71497,10.810899,11.304584
NCAA:beloit,Beloit College,238333,2023,2023,False,WI,0.256886,12.068906,0.446108,7.704361,8.262496,45.0,12.068906,0.0,5.0,0.696407,10.713484,10.917449
NCAA:bemidji-state,Bemidji State University,173124,2023,2023,False,MN,0.532934,12.760127,0.759281,8.371011,8.910112,47.0,12.760127,0.0,4.0,0.823353,11.50964,11.986006
NCAA:benedict,Benedict College,217721,2023,2023,False,SC,0.541317,12.782557,0.286826,7.396949,9.119102,39.0,12.782557,0.0,1.0,0.456287,9.571714,11.372444
NCAA:bentley,Bentley University,164739,2023,2023,False,MA,0.620958,13.022821,0.707784,8.217169,9.238727,44.0,13.162787,68000.0,3.0,0.779042,11.136398,11.366384
NCAA:berea,Berea College,156295,2023,2023,False,KY,0.231737,11.992768,0.640719,8.044947,8.625645,29.0,11.992768,0.0,3.0,0.341916,8.696677,10.780226
NCAA:berry,Berry College,139144,2023,2023,False,GA,0.616168,13.005029,0.781437,8.467793,9.316237,40.0,13.105272,46883.0,4.0,0.713174,10.808495,11.140803
NCAA:bethany-lutheran,Bethany Lutheran College,173142,2023,2023,False,MN,0.444311,12.548523,0.652096,8.074649,8.764486,44.0,12.499969,-13350.0,4.0,0.447305,9.481969,10.95107
NCAA:biola,Biola University,110097,2023,2023,False,CA,0.776647,13.476055,0.743713,8.317278,9.838521,38.0,13.476862,575.0,4.0,0.463473,9.604812,11.194
NCAA:birmingham-southern,Birmingham-Southern College,100937,2023,2023,False,AL,0.656886,13.109671,0.82515,8.688959,9.39618,41.0,13.109671,0.0,2.0,0.747305,10.983308,10.884479
NCAA:blackburn,Blackburn College,143288,2023,2023,False,IL,0.145509,11.660957,0.205988,7.211557,8.105903,35.0,11.660957,0.0,3.0,0.32515,8.581857,10.720819
NCAA:bloomfield,Bloomfield College,183822,2023,2023,False,NJ,0.526347,12.746625,0.089222,6.805723,9.163208,36.0,12.746625,0.0,4.0,0.28503,8.131825,11.285937
NCAA:bluefield-state,Bluefield State University,237215,2023,2023,False,WV,0.631737,13.050711,0.586826,7.944492,9.00778,57.0,13.0557,2328.0,2.0,0.749102,10.989875,10.868226
NCAA:bluffton,Bluffton University,201371,2023,2023,False,OH,0.248503,12.050991,0.124551,6.96885,8.201112,47.0,12.180273,23637.0,3.0,0.677844,10.624931,10.840189
NCAA:bob-jones,Bob Jones University,217749,2023,2023,False,SC,0.252695,12.063068,0.853892,8.827175,9.118733,19.0,12.063068,0.0,3.0,0.446108,9.473858,10.608514
NCAA:bowdoin,Bowdoin College,161004,2023,2023,False,ME,0.431737,12.515372,0.7,8.188133,9.018982,33.0,12.985907,163728.0,3.0,0.754491,11.014391,11.600689
NCAA:brandeis,Brandeis University,165015,2023,2023,False,MA,0.419162,12.485842,0.625749,8.013674,8.989456,33.0,12.485842,0.0,4.0,0.627545,10.367976,11.289469
NCAA:brevard,Brevard College,198066,2023,2023,False,NC,0.31497,12.204997,0.302994,7.4313,8.313417,49.0,12.204997,0.0,5.0,0.350299,8.767952,10.737114
NCAA:bridgeport,University of Bridgeport,128744,2023,2023,False,CT,0.649701,13.094573,0.500599,7.797291,9.333459,43.0,13.230211,70643.0,4.0,0.298204,8.271037,11.170886
NCAA:bridgewater-state,Bridgewater State University,165024,2023,2023,False,MA,0.205988,11.903365,0.381437,7.587817,8.469581,31.0,12.041428,21876.0,4.0,0.268263,7.790696,11.071035
NCAA:buena-vista,Buena Vista University,153001,2023,2023,False,IA,0.501796,12.688641,0.686228,8.159947,8.860138,46.0,12.688641,0.0,3.0,0.697006,10.717014,10.974592
NCAA:cabrini,Cabrini University,211352,2023,2023,False,PA,0.216766,11.947677,0.298204,7.423568,8.210273,42.0,12.084425,22634.0,5.0,0.296407,8.256348,10.727729
NCAA:caldwell,Caldwell University,183910,2023,2023,False,NJ,0.653892,13.103708,0.541317,7.865955,9.577415,34.0,13.122997,9558.0,4.0,0.42994,9.369479,10.819938
NCAA:california-lutheran,California Lutheran University,110413,2023,2023,False,CA,0.539521,12.780118,0.624551,8.013012,9.019036,43.0,12.780118,0.0,5.0,0.562874,10.067603,11.318977
NCAA:calvin,Calvin University,169080,2023,2023,False,MI,0.441916,12.545412,0.658683,8.096513,9.049019,33.0,12.545412,0.0,5.0,0.621557,10.340031,11.250976
NCAA:cameron,Cameron University,206914,2023,2023,False,OK,0.613174,12.990399,0.602994,7.976939,9.326924,39.0,12.990574,77.0,3.0,0.347904,8.747511,10.839346
NCAA:capital,Capital University,201548,2023,2023,False,OH,0.425749,12.497439,0.427545,7.669028,8.784017,41.0,12.647664,43385.0,8.0,0.664671,10.538741,11.062364
NCAA:carleton,Carleton College,173258,2023,2023,False,MN,0.114371,11.504843,0.233533,7.272398,7.841664,39.0,11.504843,0.0,4.0,0.669461,10.567618,11.532816
NCAA:carson-newman,Carson-Newman University,219806,2023,2023,False,TN,0.752096,13.404135,0.530539,7.845808,9.326685,59.0,13.4445,27299.0,3.0,0.138323,0.0,10.992824
NCAA:carthage,Carthage College,238476,2023,2023,False,WI,0.562874,12.8414,0.59521,7.962764,8.890291,52.0,12.779036,-22825.0,5.0,0.732335,10.910167,11.123166
NCAA:catawba,Catawba College,198215,2023,2023,False,NC,0.701198,13.223636,0.44491,7.702556,9.510136,41.0,13.296767,41979.0,6.0,0.605988,10.254039,11.388767
NCAA:cedarville,Cedarville University,201654,2023,2023,False,OH,0.537725,12.772656,0.545509,7.875879,9.37154,30.0,12.772656,0.0,3.0,0.485629,9.692828,10.905956
NCAA:centenary-louisiana,Centenary College of Louisiana,158477,2023,2023,False,LA,0.353293,12.319807,0.115569,6.938284,8.225726,60.0,12.319807,0.0,2.0,0.731138,10.905883,11.330096
NCAA:central-missouri,University of Central Missouri,176965,2023,2023,False,MO,0.758683,13.430326,0.692216,8.174703,9.369967,58.0,13.430326,0.0,5.0,0.865868,11.953886,11.53051
NCAA:central-oklahoma,University of Central Oklahoma,206941,2023,2023,False,OK,0.670659,13.154774,0.627545,8.015327,9.44128,41.0,13.234758,43006.0,3.0,0.729341,10.896906,11.366176
NCAA:central-washington,Central Washington University,234827,2023,2023,False,WA,0.612575,12.989499,0.72515,8.267706,9.434229,35.0,12.989499,0.0,2.0,0.783234,11.146373,11.262835
NCAA:centre,Centre College,156408,2023,2023,False,KY,0.31976,12.222748,0.486826,7.781139,8.53406,40.0,12.222748,0.0,3.0,0.735928,10.92987,10.83445
NCAA:chapman,Chapman University,111948,2023,2023,False,CA,0.567066,12.85216,0.416766,7.645398,9.520026,28.0,12.85216,0.0,4.0,0.382635,9.036225,11.283387
NCAA:chatham,Chatham University,211556,2023,2023,False,PA,0.262275,12.082067,0.5,7.79688,8.321105,43.0,12.082067,0.0,2.0,0.71018,10.785684,10.641751
NCAA:chestnut-hill,Chestnut Hill College,211583,2023,2023,False,PA,0.470659,12.615729,0.178443,7.135687,8.664655,52.0,12.682406,20772.0,4.0,0.323952,8.555452,10.231964
NCAA:chowan,Chowan University,198303,2023,2023,False,NC,0.598204,12.936896,0.542515,7.871311,9.005191,51.0,12.936896,0.0,3.0,0.638323,10.415772,11.010514
NCAA:christian-brothers,Christian Brothers University,219833,2023,2023,False,TN,0.677246,13.175335,0.423353,7.661998,9.414215,43.0,13.212418,19917.0,3.0,0.449701,9.50301,10.764075
NCAA:claflin,Claflin University,217873,2023,2023,False,SC,0.393413,12.413583,0.563473,7.90581,8.858373,35.0,12.413583,0.0,2.0,0.667066,10.548101,10.884329
NCAA:clark-atlanta,Clark Atlanta University,138947,2023,2023,False,GA,0.319162,12.222581,0.543713,7.873978,8.788741,31.0,12.297197,15752.0,3.0,0.331138,8.634976,11.118222
NCAA:clarke,Clarke University,153126,2023,2023,False,IA,0.872455,13.949358,0.705988,8.213924,9.942072,55.0,13.949358,0.0,6.0,0.643114,10.429044,10.862799
NCAA:clarks-summit,Clarks Summit University,211024,2023,2023,False,PA,0.122156,11.553213,0.620958,8.008698,8.720153,17.0,11.553213,0.0,2.0,0.375449,8.987322,10.327774
NCAA:clarkson,Clarkson University,190044,2023,2023,False,NY,0.472455,12.618762,0.550299,7.882692,9.007963,37.0,12.618762,0.0,3.0,0.764671,11.06216,11.450273
NCAA:coe,Coe College,153144,2023,2023,False,IA,0.207784,11.914095,0.097006,6.864848,8.153176,43.0,11.914095,0.0,6.0,0.734731,10.923255,11.163964
NCAA:coker,Coker University,217907,2023,2023,False,SC,0.664072,13.121247,0.432934,7.675546,9.132369,54.0,13.242583,64430.0,3.0,0.366467,8.885994,10.546551
NCAA:colby,Colby College,161086,2023,2023,False,ME,0.523952,12.735562,0.647305,8.063063,9.072112,39.0,12.735562,0.0,5.0,0.831737,11.605842,11.594782
NCAA:colby-sawyer,Colby-Sawyer College,182634,2023,2023,False,NH,0.172455,11.777057,0.213174,7.224753,8.088477,40.0,11.777057,0.0,4.0,0.398802,9.146122,10.548284
NCAA:colorado-christian,Colorado Christian University,126669,2023,2023,False,CO,0.589222,12.904732,0.659281,8.098947,9.349469,35.0,12.904732,0.0,2.0,0.541916,9.980124,11.188704
NCAA:colorado-mesa,Colorado Mesa University,127556,2023,2023,False,CO,0.783234,13.507118,0.667066,8.12148,9.446753,58.0,13.528214,15662.0,5.0,0.794611,11.223402,11.360031
NCAA:columbus-state,Columbus State University,139366,2023,2023,False,GA,0.688024,13.192975,0.426946,7.66669,9.504168,40.0,13.192975,0.0,3.0,0.501198,9.785886,10.993748
NCAA:concord,Concord University,237330,2023,2023,False,WV,0.517365,12.723094,0.011377,5.746203,9.034331,40.0,12.723094,0.0,4.0,0.57006,10.093074,10.831845
NCAA:concordia-chicago,Concordia University-Chicago,144351,2023,2023,False,IL,0.586826,12.897854,0.81018,8.586159,9.314423,36.0,13.047597,64526.0,3.0,0.590419,10.176602,11.069244
NCAA:concordia-saint-paul,Concordia University-Saint Paul,173328,2023,2023,False,MN,0.676647,13.175305,0.826347,8.698347,9.649007,34.0,13.175305,0.0,5.0,0.845509,11.708599,11.149772
NCAA:concordia-wisconsin,Concordia University-Wisconsin,238616,2023,2023,False,WI,0.293413,12.155048,0.292216,7.406711,8.243283,50.0,12.350627,41054.0,4.0,0.72515,10.878104,11.049079
NCAA:covenant,Covenant College,139393,2023,2023,False,GA,0.286228,12.13881,0.166467,7.099202,8.354851,44.0,12.248366,21650.0,3.0,0.461677,9.598049,10.78272
NCAA:curry,Curry College,165529,2023,2023,False,MA,0.201198,11.883979,0.47485,7.757051,8.328865,35.0,11.883979,0.0,6.0,0.562275,10.065606,10.819898
NCAA:dallas,University of Dallas,224323,2023,2023,False,TX,0.368862,12.354342,0.498802,7.796058,8.920484,31.0,12.354342,0.0,3.0,0.425749,9.33618,11.116693
NCAA:dallas,Dallas College,224615,2023,2023,False,TX,0.802395,13.58423,0.125749,6.971669,,,13.58423,0.0,15.0,0.142515,0.0,11.062944
NCAA:davenport,Davenport University,169479,2023,2023,False,MI,0.779042,13.489559,0.786228,8.485083,9.597805,49.0,13.489559,0.0,7.0,0.837126,11.646696,11.020922
NCAA:davis-and-elkins,Davis & Elkins College,237358,2023,2023,False,WV,0.364072,12.344355,0.564072,7.908387,9.253404,22.0,12.514017,42465.0,2.0,0.387425,9.072457,10.797655
NCAA:dean,Dean College,165574,2023,2023,False,MA,0.107784,11.465949,0.171856,7.113956,7.637779,46.0,11.490291,2351.0,5.0,0.802395,11.34082,11.069447
NCAA:defiance,Defiance College,202514,2023,2023,False,OH,0.162275,11.745861,0.12994,6.993015,8.280371,32.0,11.747681,230.0,3.0,0.738922,10.941235,10.862704
NCAA:delaware-valley,Delaware Valley University,211981,2023,2023,False,PA,0.155689,11.710037,0.179042,7.13966,7.740172,53.0,11.710037,0.0,2.0,0.584431,10.141559,10.935354
NCAA:delta-state,Delta State University,175616,2023,2023,False,MS,0.702395,13.232469,0.498204,7.795647,9.518969,41.0,13.232469,0.0,3.0,0.578443,10.115813,11.104536
NCAA:denison,Denison University,202523,2023,2023,False,OH,0.571257,12.862104,0.738922,8.307459,9.224614,38.0,12.862104,0.0,3.0,0.767665,11.076233,11.322685
NCAA:depauw,DePauw University,150400,2023,2023,False,IN,0.433533,12.520949,0.674251,8.137396,8.807523,41.0,12.520949,0.0,2.0,0.668263,10.55563,11.218729
NCAA:desales,DeSales University,210739,2023,2023,False,PA,0.350299,12.312983,0.438323,7.691657,8.702227,37.0,12.39141,18158.0,4.0,0.416766,9.286838,10.731253
NCAA:dickinson,Dickinson College,212009,2023,2023,False,PA,0.125749,11.570175,0.243713,7.300473,8.015148,35.0,11.603451,3583.0,4.0,0.774251,11.113969,11.083572
NCAA:drew,Drew University,184348,2023,2023,False,NJ,0.143114,11.658073,0.264671,7.349874,8.020807,38.0,11.658073,0.0,3.0,0.571257,10.093777,10.944665
NCAA:drury,Drury University,177214,2023,2023,False,MO,0.780838,13.496877,0.661078,8.104401,9.56512,51.0,13.496877,0.0,4.0,0.619162,10.321441,11.158519
NCAA:dubuque,University of Dubuque,153278,2023,2023,False,IA,0.249102,12.052,0.159281,7.081709,8.41463,38.0,12.218717,31103.0,3.0,0.682036,10.637777,11.170013
NCAA:dyouville,D'Youville  University,190716,2023,2023,False,NY,0.550898,12.808562,0.764072,8.390723,9.119789,40.0,12.808562,0.0,5.0,0.576647,10.108263,10.821836
NCAA:earlham,Earlham College,150455,2023,2023,False,IN,0.434132,12.525341,0.336527,7.500529,8.764293,43.0,12.525341,0.0,10.0,0.702395,10.73313,10.805679
NCAA:east-central,East Central College,177250,2023,2023,False,MO,0.234132,12.00002,0.322156,7.4793,8.216094,44.0,12.00002,0.0,2.0,0.255689,7.716906,10.73385
NCAA:east-central,East Central University,207041,2023,2023,False,OK,0.641317,13.068579,0.843114,8.769663,9.701342,29.0,13.068579,0.0,2.0,0.695808,10.713306,11.046133
NCAA:east-texas-baptist,East Texas Baptist University,224527,2023,2023,False,TX,0.538323,12.772868,0.616766,7.99699,8.802724,53.0,12.772868,0.0,5.0,0.777246,11.125394,11.112179
NCAA:eastern,Eastern University,212133,2023,2023,False,PA,0.386228,12.39222,0.452096,7.713785,8.314923,59.0,12.748033,102955.0,6.0,0.678443,10.63246,10.434175
NCAA:eastern-connecticut-state,Eastern Connecticut State University,129215,2023,2023,False,CT,0.534731,12.765334,0.61497,7.996317,9.076566,40.0,12.765334,0.0,7.0,0.293413,8.224967,11.425012
NCAA:eastern-nazarene,Eastern Nazarene College,165644,2023,2023,False,MA,0.142515,11.654043,0.087425,6.791221,8.070828,36.0,11.654043,0.0,5.0,0.598204,10.219648,10.77168
NCAA:eckerd,Eckerd College,133492,2023,2023,False,FL,0.792814,13.546688,0.507186,7.807917,9.935817,37.0,13.546688,0.0,4.0,0.516168,9.874213,11.156208
NCAA:edgewood,Edgewood College,238661,2023,2023,False,WI,0.403593,12.435155,0.517964,7.826443,8.797715,38.0,12.682627,70614.0,4.0,0.388024,9.073145,10.698717
NCAA:edward-waters,Edward Waters University,133526,2023,2023,False,FL,0.74491,13.382397,0.688024,8.163941,9.192843,66.0,13.382397,0.0,3.0,0.057485,0.0,10.809223
NCAA:elizabethtown,Elizabethtown College,212197,2023,2023,False,PA,0.334731,12.270614,0.255689,7.334982,8.533137,42.0,12.270614,0.0,4.0,0.359281,8.850374,10.883692
NCAA:elmhurst,Elmhurst University,144962,2023,2023,False,IL,0.362874,12.342564,0.515569,7.821643,8.731803,37.0,12.342573,2.0,3.0,0.71976,10.851936,11.03195
NCAA:elmira,Elmira College,190983,2023,2023,False,NY,0.230539,11.98875,0.396407,7.611348,8.325424,39.0,11.98875,0.0,2.0,0.611976,10.28909,10.88506
NCAA:emerson,Emerson College,165662,2023,2023,False,MA,0.464072,12.600652,0.743114,8.317033,8.839593,43.0,12.600652,0.0,4.0,0.650898,10.466241,11.077949
NCAA:emory,Emory University,139658,2023,2023,False,GA,0.654491,13.104022,0.87006,8.937218,9.577729,34.0,13.5546,279437.0,3.0,0.683234,10.651975,11.593694
NCAA:emory-and-henry,Emory & Henry College,232025,2023,2023,False,VA,0.705389,13.245032,0.311377,7.451242,9.070758,65.0,13.245032,0.0,3.0,0.758084,11.037628,10.93701
NCAA:emporia-state,Emporia State University,155025,2023,2023,False,KS,0.627545,13.039027,0.656287,8.087333,9.375548,39.0,13.049042,4630.0,4.0,0.786826,11.164785,11.46774
NCAA:endicott,Endicott College,165699,2023,2023,False,MA,0.365868,12.346647,0.144311,7.029973,8.321535,56.0,12.346647,0.0,2.0,0.60479,10.244023,11.107075
NCAA:erskine,Erskine College,217998,2023,2023,False,SC,0.84012,13.755958,0.491617,7.785721,,,13.755958,0.0,4.0,0.614371,10.308686,10.7672
NCAA:eureka,Eureka College,144971,2023,2023,False,IL,0.174251,11.782265,0.591617,7.951559,8.450267,28.0,11.782265,0.0,2.0,0.195808,6.572283,10.80251
NCAA:fairmont-state,Fairmont State University,237367,2023,2023,False,WV,0.356287,12.327622,0.077246,6.723832,8.521154,45.0,12.31945,-1838.0,3.0,0.31497,8.480114,11.020185
NCAA:farmingdale-state,Farmingdale State College,196042,2023,2023,False,NY,0.11976,11.546447,0.111976,6.922644,8.020406,34.0,11.575139,3010.0,2.0,0.113174,0.0,11.527903
NCAA:felician,Felician University,184612,2023,2023,False,NJ,0.659281,13.113744,0.518563,7.826842,9.162603,52.0,13.113744,0.0,4.0,0.5,9.781715,10.958548
NCAA:ferrum,Ferrum College,232089,2023,2023,False,VA,0.391617,12.402876,0.228144,7.25982,8.395765,55.0,12.402876,0.0,5.0,0.801796,11.337035,10.755197
NCAA:findlay,The University of Findlay,202763,2023,2023,False,OH,0.668862,13.150696,0.22515,7.255591,9.125451,56.0,13.067719,-40958.0,3.0,0.642515,10.426232,11.154062
NCAA:fitchburg-state,Fitchburg State University,165820,2023,2023,False,MA,0.138323,11.645164,0.554491,7.887209,8.061951,36.0,11.69578,5926.0,4.0,0.394611,9.11603,10.419868
NCAA:flagler,Flagler College,133711,2023,2023,False,FL,0.760479,13.434767,0.752695,8.350194,9.721253,41.0,13.434767,0.0,5.0,0.680838,10.635928,11.290094
NCAA:florida-southern,Florida Southern College,134079,2023,2023,False,FL,0.836527,13.73271,0.567066,7.912789,9.428725,74.0,13.747079,13322.0,4.0,0.737126,10.93241,11.111447
NCAA:fontbonne,Fontbonne University,177418,2023,2023,False,MO,0.167665,11.759199,0.047305,6.510258,7.734278,56.0,11.524261,-26785.0,6.0,0.39521,9.121618,10.710254
NCAA:fort-hays-state,Fort Hays State University,155061,2023,2023,False,KS,0.582635,12.891067,0.494012,7.787797,9.280239,37.0,12.841026,-19365.0,3.0,0.877246,12.096548,11.316326
NCAA:framingham-state,Framingham State University,165866,2023,2023,False,MA,0.164072,11.749514,0.490419,7.784057,8.315764,31.0,11.789375,5152.0,3.0,0.192814,6.548219,11.110132
NCAA:francis-marion,Francis Marion University,218061,2023,2023,False,SC,0.68503,13.189951,0.492216,7.786136,9.112522,59.0,13.189951,0.0,4.0,0.491617,9.751967,11.431759
NCAA:franklin,Franklin College,150604,2023,2023,False,IN,0.354491,12.320758,0.671856,8.130942,8.632052,40.0,12.584944,67823.0,3.0,0.415569,9.272846,11.004297
NCAA:franklin-and-marshall,Franklin and Marshall College,212577,2023,2023,False,PA,0.505988,12.694824,0.728144,8.271804,9.198415,33.0,12.693769,-344.0,5.0,0.80479,11.361498,11.241668
NCAA:franklin-pierce,Franklin Pierce University,182795,2023,2023,False,NH,0.651497,13.097933,0.256287,7.336286,9.336819,43.0,13.097933,0.0,2.0,0.654491,10.478892,11.250755
NCAA:fresno-pacific,Fresno Pacific University,114813,2023,2023,False,CA,0.737725,13.355498,0.801796,8.546364,9.717971,38.0,13.38961,21905.0,5.0,0.45988,9.592196,11.139845
NCAA:frostburg-state,Frostburg State University,162584,2023,2023,False,MD,0.571856,12.862908,0.606587,7.980024,9.101817,43.0,12.862908,0.0,7.0,0.637126,10.404384,11.286489
NCAA:gallaudet,Gallaudet University,131450,2023,2023,False,DC,0.238922,12.014955,0.813772,8.602269,9.306989,15.0,12.014955,0.0,3.0,0.497006,9.770013,11.47127
NCAA:gannon,Gannon University,212601,2023,2023,False,PA,0.628144,13.040871,0.287425,7.397562,9.033655,55.0,13.068416,12871.0,3.0,0.75509,11.015164,11.177383
NCAA:geneva,Geneva College,212656,2023,2023,False,PA,0.186228,11.817538,0.27485,7.375256,8.485533,28.0,11.817538,0.0,2.0,0.641916,10.425401,10.861899
NCAA:george-fox,George Fox University,208822,2023,2023,False,OR,0.556287,12.820469,0.734132,8.292048,8.928778,49.0,12.940877,47307.0,6.0,0.765269,11.063195,11.193725
NCAA:gettysburg,Gettysburg College,212674,2023,2023,False,PA,0.417964,12.47978,0.502395,7.799753,8.548145,51.0,12.47978,0.0,4.0,0.782036,11.14519,11.192045
NCAA:glenville-state,Glenville State University,237385,2023,2023,False,WV,0.623353,13.028918,0.757485,8.358901,9.178872,47.0,13.050405,9891.0,3.0,0.78024,11.138537,10.67637
NCAA:goldey-beacom,Goldey-Beacom College,130989,2023,2023,False,DE,0.498204,12.680958,0.755689,8.35632,9.125716,35.0,12.680958,0.0,4.0,0.384431,9.059517,10.540488
NCAA:gordon,Gordon College,165936,2023,2023,False,MA,0.199401,11.867532,0.083832,6.76273,8.535517,28.0,11.867532,0.0,4.0,0.613772,10.298633,10.811928
NCAA:grand-valley-state,Grand Valley State University,170082,2023,2023,False,MI,0.765269,13.443819,0.691617,8.171882,9.832953,37.0,13.455497,8100.0,5.0,0.81018,11.410494,11.627664
NCAA:greensboro,Greensboro College,198598,2023,2023,False,NC,0.220359,11.951464,0.296407,7.421178,8.145085,45.0,11.951464,0.0,6.0,0.507784,9.840335,10.676716
NCAA:greenville,Greenville University,145372,2023,2023,False,IL,0.208982,11.916562,0.077844,6.728629,8.13266,44.0,12.129499,35531.0,3.0,0.439521,9.425129,10.852168
NCAA:grinnell,Grinnell College,153384,2023,2023,False,IA,0.50479,12.691737,0.696407,8.181441,8.930666,43.0,12.691737,0.0,4.0,0.69521,10.712928,11.485955
NCAA:guilford,Guilford College,198613,2023,2023,False,NC,0.205389,11.902613,0.346108,7.522941,8.376476,34.0,11.936185,5041.0,2.0,0.464671,9.606361,10.782554
NCAA:gustavus-adolphus,Gustavus Adolphus College,173647,2023,2023,False,MN,0.426347,12.49995,0.266467,7.3518,8.251712,70.0,12.49995,0.0,6.0,0.620359,10.328036,11.379965
NCAA:gwynedd-mercy,Gwynedd Mercy University,212832,2023,2023,False,PA,0.14491,11.660008,0.091018,6.820016,8.049401,37.0,11.660008,0.0,4.0,0.341317,8.694335,11.456292
NCAA:hamilton,Hamilton College,191515,2023,2023,False,NY,0.411377,12.45417,0.697605,8.183956,8.988555,32.0,12.45417,0.0,3.0,0.761677,11.055167,11.626281
NCAA:hamline,Hamline University,173665,2023,2023,False,MN,0.511976,12.715039,0.847904,8.787678,9.026276,40.0,12.715039,0.0,6.0,0.7,10.723267,10.918573
NCAA:hampden-sydney,Hampden-Sydney College,232256,2023,2023,False,VA,0.573653,12.867559,0.454491,7.715124,8.955662,50.0,12.867559,0.0,3.0,0.807784,11.397054,11.126218
NCAA:hanover,Hanover College,150756,2023,2023,False,IN,0.144311,11.659991,0.397605,7.61776,7.971448,40.0,11.659991,0.0,2.0,0.731737,10.910112,11.131665
NCAA:hardin-simmons,Hardin-Simmons University,225247,2023,2023,False,TX,0.381437,12.377969,0.581437,7.934872,8.714568,39.0,12.574843,51680.0,2.0,0.406587,9.185843,11.194853
NCAA:harding,Harding University,107044,2023,2023,False,AR,0.731138,13.330744,0.28024,7.386471,9.502176,46.0,13.315961,-9037.0,2.0,0.723952,10.871611,11.486171
NCAA:haverford,Haverford College,212911,2023,2023,False,PA,0.424551,12.494153,0.120958,6.955593,8.997766,33.0,12.878103,124869.0,7.0,0.571856,10.096625,11.278645
NCAA:hawaii-hilo,University of Hawaii at Hilo,141565,2023,2023,False,HI,0.744311,13.381427,0.717365,8.239329,9.238388,63.0,13.381427,0.0,6.0,0.489222,9.737669,11.002117
NCAA:hawaii-pacific,Hawaii Pacific University,141644,2023,2023,False,HI,0.733533,13.334504,0.791617,8.510571,9.596901,42.0,13.334504,0.0,5.0,0.479641,9.665167,10.926963
NCAA:heidelberg,Heidelberg University,203085,2023,2023,False,OH,0.346108,12.299777,0.334731,7.496097,8.47134,46.0,12.299777,0.0,4.0,0.646108,10.441529,10.905864
NCAA:henderson-state,Henderson State University,107071,2023,2023,False,AR,0.597605,12.934544,0.437725,7.6912,9.297047,38.0,12.934544,0.0,1.0,0.606587,10.254109,11.22901
NCAA:hendrix,Hendrix College,107080,2023,2023,False,AR,0.486228,12.654722,0.482036,7.769379,8.406447,70.0,12.654722,0.0,5.0,0.788623,11.181082,10.825661
NCAA:hilbert,Hilbert College,191621,2023,2023,False,NY,0.295808,12.16142,0.261677,7.343426,8.794271,29.0,12.16142,0.0,4.0,0.435928,9.406072,10.651454
NCAA:hiram,Hiram College,203128,2023,2023,False,OH,0.332934,12.267643,0.227545,7.25982,8.24255,56.0,12.267643,0.0,4.0,0.672455,10.584309,10.86234
NCAA:hood,Hood College,162760,2023,2023,False,MD,0.259281,12.07536,0.277844,7.379632,8.412015,39.0,12.07536,0.0,5.0,0.577246,10.111517,10.616756
NCAA:hope,Hope College,170301,2023,2023,False,MI,0.180838,11.803503,0.272455,7.369601,8.114915,40.0,11.804251,100.0,3.0,0.808982,11.408342,11.185768
NCAA:houghton,Houghton University,191676,2023,2023,False,NY,0.133533,11.609816,0.462275,7.734996,8.144362,32.0,11.609816,0.0,3.0,0.386228,9.067393,10.759582
NCAA:howard-payne,Howard Payne University,225548,2023,2023,False,TX,0.358683,12.334334,0.352096,7.532624,8.573319,43.0,12.427443,22187.0,4.0,0.462874,9.601639,10.760601
NCAA:huntingdon,Huntingdon College,101435,2023,2023,False,AL,0.547904,12.803136,0.523952,7.834788,8.953115,47.0,12.813937,3946.0,3.0,0.705988,10.759051,11.350948
NCAA:husson,Husson University,487524,2023,2023,False,ME,0.366467,12.350541,0.679042,8.143227,8.687144,39.0,12.490176,34629.0,4.0,0.766467,11.074762,10.513253
NCAA:illinois-springfield,University of Illinois Springfield,148654,2023,2023,False,IL,0.692814,13.207788,0.80479,8.550821,9.49429,41.0,13.207788,0.0,4.0,0.582635,10.133209,10.919823
NCAA:illinois-wesleyan,Illinois Wesleyan University,145646,2023,2023,False,IL,0.279641,12.126813,0.268263,7.360104,8.175845,52.0,12.126813,0.0,5.0,0.743713,10.960496,11.071128
NCAA:immaculata,Immaculata University,213011,2023,2023,False,PA,0.042515,10.928076,0.033533,6.318968,7.078754,47.0,10.928076,0.0,3.0,0.412575,9.235131,10.705758
NCAA:ithaca,Ithaca College,191968,2023,2023,False,NY,0.544311,12.79304,0.783234,8.47658,9.055484,42.0,12.322691,-134967.0,3.0,0.777844,11.132353,11.24549
NCAA:jamestown,University of Jamestown,200156,2023,2023,False,ND,0.837725,13.738149,0.211377,7.223296,9.712857,56.0,13.738149,0.0,5.0,0.734132,10.920836,10.914907
NCAA:jefferson,Jefferson College,177676,2023,2023,False,MO,0.429341,12.508408,0.68503,8.157657,9.012019,33.0,12.508408,0.0,4.0,0.097006,0.0,10.629005
NCAA:john-carroll,John Carroll University,203368,2023,2023,False,OH,0.300599,12.174314,0.305389,7.435438,8.149246,56.0,12.174314,0.0,3.0,0.468862,9.619067,11.020267
NCAA:johns-hopkins,Johns Hopkins University,162928,2023,2023,False,MD,0.683832,13.189326,0.813174,8.59545,9.50052,40.0,13.246326,31359.0,5.0,0.843114,11.689162,11.621062
NCAA:juniata,Juniata College,213251,2023,2023,False,PA,0.225749,11.974828,0.15509,7.066467,8.168442,45.0,11.895415,-12116.0,4.0,0.738323,10.938485,11.078953
NCAA:kalamazoo,Kalamazoo College,170532,2023,2023,False,MI,0.479641,12.636133,0.729341,8.273592,9.170498,32.0,12.636133,0.0,8.0,0.722156,10.859134,11.279706
NCAA:kean,Kean University,185262,2023,2023,False,NJ,0.294012,12.157728,0.564671,7.909489,8.692154,32.0,12.157728,0.0,6.0,0.469461,9.619266,11.371661
NCAA:keene-state,Keene State College,183062,2023,2023,False,NH,0.370659,12.360166,0.532335,7.848543,8.722739,38.0,12.360162,-1.0,5.0,0.427545,9.352274,11.110102
NCAA:kentucky-state,Kentucky State University,157058,2023,2023,False,KY,0.467066,12.608199,0.535928,7.858641,8.970736,38.0,12.608199,0.0,2.0,0.072455,0.0,11.495779
NCAA:kentucky-wesleyan,Kentucky Wesleyan College,157076,2023,2023,False,KY,0.722156,13.30886,0.749701,8.338784,9.396918,50.0,13.312888,2432.0,4.0,0.608383,10.263327,10.78033
NCAA:kenyon,Kenyon College,203535,2023,2023,False,OH,0.291018,12.150206,0.343713,7.515345,8.566872,36.0,12.150206,0.0,3.0,0.708383,10.772519,10.884985
NCAA:keuka,Keuka College,192192,2023,2023,False,NY,0.089222,11.335842,0.162275,7.09091,7.839717,33.0,11.335842,0.0,4.0,0.371856,8.922392,10.849784
NCAA:keystone,Keystone College,213303,2023,2023,False,PA,0.526946,12.74742,0.601796,7.9735,8.75859,54.0,12.74742,0.0,3.0,0.550299,10.017352,10.60557
NCAA:knox,Knox College,146427,2023,2023,False,IL,0.447305,12.554406,0.588024,7.946618,8.890979,39.0,12.554406,0.0,3.0,0.67006,10.567798,10.465158
NCAA:lagrange,LaGrange College,140234,2023,2023,False,GA,0.538922,12.772987,0.506587,7.807103,8.784154,54.0,12.772987,0.0,3.0,0.607186,10.259797,10.804198
NCAA:lake-erie,Lake Erie College,203580,2023,2023,False,OH,0.669461,13.152454,0.497605,7.793587,9.201309,52.0,13.152454,0.0,4.0,0.480838,9.676148,10.767874
NCAA:lakeland,Lakeland University,238980,2023,2023,False,WI,0.402395,12.427663,0.384431,7.590852,8.872451,35.0,12.340477,-20841.0,5.0,0.620958,10.335854,10.687914
NCAA:lancaster-bible,Lancaster Bible College,213400,2023,2023,False,PA,0.083234,11.271172,0.146707,7.033506,7.634057,38.0,11.271172,0.0,3.0,0.356287,8.823942,10.810556
NCAA:lander,Lander University,218229,2023,2023,False,SC,0.811377,13.625427,0.522754,7.832808,9.818818,45.0,13.941803,307724.0,4.0,0.476647,9.651173,11.505387
NCAA:lane,Lane College,220598,2023,2023,False,TN,0.493413,12.669797,0.52515,7.835579,9.058993,37.0,12.669797,0.0,2.0,0.335329,8.656781,11.131709
NCAA:lasell,Lasell University,166391,2023,2023,False,MA,0.263473,12.08265,0.442515,7.698483,8.471936,37.0,12.08265,0.0,2.0,0.339521,8.685754,10.95827
NCAA:lawrence,Lawrence University,239017,2023,2023,False,WI,0.326946,12.250252,0.131138,6.995766,8.561559,40.0,12.250252,0.0,3.0,0.694012,10.706475,11.106039
NCAA:lebanon-valley,Lebanon Valley College,213507,2023,2023,False,PA,0.382036,12.377994,0.646108,8.059276,8.571517,45.0,12.401689,5695.0,8.0,0.724551,10.872731,11.217252
NCAA:lee,Lee University,220613,2023,2023,False,TN,0.738323,13.356035,0.608383,7.981733,9.745174,37.0,13.356035,0.0,3.0,0.546707,9.999525,11.289482
NCAA:lenoir-rhyne,Lenoir-Rhyne University,198835,2023,2023,False,NC,0.764072,13.443206,0.519162,7.828835,9.435951,55.0,13.443206,0.0,5.0,0.722754,10.864484,11.309536
NCAA:lesley,Lesley University,166452,2023,2023,False,MA,0.106587,11.454586,0.252096,7.32185,8.053696,30.0,11.454586,0.0,3.0,0.363473,8.872067,10.706901
NCAA:letourneau,LeTourneau University,226231,2023,2023,False,TX,0.448503,12.560258,0.643114,8.050384,8.822733,42.0,12.455733,-28286.0,3.0,0.409581,9.218904,10.509769
NCAA:lewis,Lewis University,146612,2023,2023,False,IL,0.782635,13.506794,0.644311,8.05484,9.722663,44.0,13.506794,0.0,3.0,0.673054,10.585144,11.193505
NCAA:lewis-and-clark,Lewis & Clark College,209056,2023,2023,False,OR,0.358084,12.332247,0.758683,8.362175,8.931177,30.0,12.332247,0.0,4.0,0.498802,9.772182,11.023339
NCAA:limestone,Limestone University,218238,2023,2023,False,SC,0.710778,13.263219,0.207186,7.213032,,,13.263219,0.0,3.0,0.797605,11.247774,11.05632
NCAA:lincoln-memorial,Lincoln Memorial University,220631,2023,2023,False,TN,0.720359,13.298927,0.58982,7.948738,9.537797,43.0,13.298927,0.0,5.0,0.780838,11.140179,11.257439
NCAA:linfield,Linfield University,209065,2023,2023,False,OR,0.492814,12.668419,0.695808,8.178639,8.884365,44.0,13.02355,135397.0,5.0,0.54491,9.993145,11.093965
NCAA:loras,Loras College,153825,2023,2023,False,IA,0.338922,12.277714,0.586228,7.944492,8.540235,42.0,12.277714,0.0,7.0,0.74012,10.946305,10.960253
NCAA:louisiana-roche,La Roche University,213358,2023,2023,False,PA,0.098802,11.398076,0.196407,7.186144,8.140259,26.0,11.398031,-4.0,3.0,0.236527,7.427739,10.348366
NCAA:louisiana-verne,University of La Verne,117140,2023,2023,False,CA,0.543713,12.790353,0.418563,7.647786,9.052798,42.0,13.029313,96834.0,4.0,0.029341,0.0,11.521727
NCAA:lubbock-christian,Lubbock Christian University,226383,2023,2023,False,TX,0.798802,13.569274,0.78982,8.5035,9.855753,41.0,13.768376,172222.0,3.0,0.561078,10.058909,11.036743
NCAA:luther,Luther College,153834,2023,2023,False,IA,0.375449,12.367847,0.237126,7.282761,8.517895,47.0,12.379505,2757.0,4.0,0.787425,11.16695,11.09127
NCAA:lycoming,Lycoming College,213668,2023,2023,False,PA,0.341317,12.287422,0.579641,7.933797,8.761214,34.0,11.263181,-139050.0,3.0,0.773054,11.109488,11.044313
NCAA:lynchburg,University of Lynchburg,232609,2023,2023,False,VA,0.376048,12.368549,0.061078,6.646391,8.343431,56.0,12.771682,116820.0,6.0,0.636527,10.399951,11.221958
NCAA:lynn,Lynn University,132657,2023,2023,False,FL,0.761677,13.437225,0.615569,7.996654,9.723712,41.0,13.437225,0.0,4.0,0.62515,10.360406,11.284681
NCAA:lyon,Lyon College,106342,2023,2023,False,AR,0.48024,12.636383,0.742515,8.316056,9.081146,35.0,12.636383,0.0,3.0,0.85988,11.894426,10.721835
NCAA:macalester,Macalester College,173902,2023,2023,False,MN,0.399401,12.418361,0.533533,7.850493,8.780925,38.0,12.434944,4135.0,6.0,0.747904,10.985632,11.280047
NCAA:malone,Malone University,203775,2023,2023,False,OH,0.808383,13.601784,0.455689,7.720462,,,13.601784,0.0,11.0,0.531737,9.939771,10.504684
NCAA:manchester,Manchester University,151777,2023,2023,False,IN,0.25988,12.076368,0.117365,6.942157,8.269956,45.0,12.076368,0.0,2.0,0.699401,10.722364,11.007253
NCAA:manhattanville,Manhattanville College,192749,2023,2023,False,NY,0.117964,11.512305,0.049102,6.532334,7.751525,43.0,11.626093,12044.0,4.0,0.538323,9.969182,10.913068
NCAA:maranatha-baptist,Maranatha Baptist University,239071,2023,2023,False,WI,0.008982,10.017798,0.063473,6.666957,7.185298,17.0,10.178996,3922.0,4.0,0.595808,10.210752,10.635904
NCAA:marietta,Marietta College,203845,2023,2023,False,OH,0.331737,12.265162,0.597605,7.96624,8.601779,39.0,12.343859,17372.0,4.0,0.768263,11.080988,11.159289
NCAA:mars-hill,Mars Hill University,198899,2023,2023,False,NC,0.728743,13.326464,0.358084,7.541152,9.375304,52.0,13.326464,0.0,2.0,0.639521,10.418913,10.859095
NCAA:martin-luther,Martin Luther College,173452,2023,2023,False,MN,0.087425,11.331559,0.439521,7.693026,8.387336,19.0,11.331559,0.0,4.0,0.093413,0.0,10.973666
NCAA:mary,University of Mary,200217,2023,2023,False,ND,0.622156,13.024995,0.661677,8.105911,9.153898,48.0,13.024995,0.0,2.0,0.816766,11.4843,11.021576
NCAA:mary-baldwin,Mary Baldwin University,232672,2023,2023,False,VA,0.159281,11.730807,0.25509,7.333676,8.14757,36.0,11.47678,-27894.0,3.0,0.465269,9.608714,10.665157
NCAA:mary-hardin-baylor,University of Mary Hardin-Baylor,226471,2023,2023,False,TX,0.48982,12.658355,0.497006,7.791936,8.94491,41.0,12.658386,10.0,3.0,0.810778,11.417669,11.444208
NCAA:mary-washington,University of Mary Washington,232681,2023,2023,False,VA,0.3,12.172614,0.568862,7.916078,8.411631,43.0,12.121652,-9610.0,3.0,0.51018,9.842622,11.039026
NCAA:marywood,Marywood University,213826,2023,2023,False,PA,0.056287,11.044648,0.056886,6.614726,7.356392,40.0,11.103226,3777.0,4.0,0.422754,9.31434,10.275292
NCAA:mcdaniel,McDaniel College,164270,2023,2023,False,MD,0.387425,12.397259,0.489222,7.78239,8.842051,35.0,13.245545,323408.0,4.0,0.753892,11.007949,10.925309
NCAA:mckendree,McKendree University,147013,2023,2023,False,IL,0.784431,13.507782,0.298802,7.425358,,,13.507782,0.0,6.0,0.771856,11.102714,10.584385
NCAA:mcmurry,McMurry University,226587,2023,2023,False,TX,0.477246,12.629636,0.488024,7.781139,8.640826,54.0,12.630068,132.0,3.0,0.733533,10.917395,10.93523
NCAA:menlo,Menlo College,118693,2023,2023,False,CA,0.828743,13.699687,0.631737,8.026497,10.036168,39.0,13.699687,0.0,2.0,0.585629,10.148079,11.075025
NCAA:mercy,Mercy College,193016,2023,2023,False,NY,0.325749,12.249587,0.362874,7.548556,8.488588,43.0,12.249587,0.0,4.0,0.208383,6.878326,10.694646
NCAA:messiah,Messiah University,213996,2023,2023,False,PA,0.235329,12.001223,0.514371,7.81843,8.363864,38.0,11.892218,-16829.0,7.0,0.507186,9.834673,11.008248
NCAA:methodist,Methodist University,198969,2023,2023,False,NC,0.471257,12.615878,0.220359,7.244942,,,12.615878,0.0,3.0,0.701796,10.728101,10.957521
NCAA:middlebury,Middlebury College,230959,2023,2023,False,VT,0.631138,13.049883,0.754491,8.355615,9.412376,38.0,13.049883,0.0,3.0,0.844311,11.703777,11.566533
NCAA:miles,Miles College,101675,2023,2023,False,AL,0.516168,12.720903,0.808982,8.577159,9.194641,34.0,12.720903,0.0,2.0,0.743114,10.955689,11.425929
NCAA:millikin,Millikin University,147244,2023,2023,False,IL,0.400599,12.424127,0.402395,7.623642,8.710716,41.0,12.424127,0.0,4.0,0.771257,11.087605,11.06692
NCAA:millsaps,Millsaps College,175980,2023,2023,False,MS,0.549102,12.806745,0.643713,8.051341,9.093283,41.0,12.806745,0.0,3.0,0.665868,10.546578,11.037869
NCAA:minnesota-crookston,University of Minnesota-Crookston,174075,2023,2023,False,MN,0.80479,13.590717,0.849102,8.800566,9.565434,56.0,13.590883,133.0,4.0,0.466467,9.610123,11.109638
NCAA:minnesota-duluth,University of Minnesota-Duluth,174233,2023,2023,False,MN,0.494611,12.671977,0.761677,8.383433,9.17557,33.0,12.671977,0.0,3.0,0.867066,11.971097,12.330483
NCAA:minnesota-morris,University of Minnesota-Morris,174251,2023,2023,False,MN,0.28982,12.147951,0.724551,8.264878,8.852252,27.0,12.084058,-11680.0,4.0,0.460479,9.595195,10.797696
NCAA:minot-state,Minot State University,200253,2023,2023,False,ND,0.605988,12.957982,0.796407,8.528331,9.220409,42.0,12.957982,0.0,2.0,0.839521,11.673061,11.456916
NCAA:misericordia,Misericordia University,214069,2023,2023,False,PA,0.301796,12.176124,0.715569,8.237215,8.679781,33.0,12.204832,5653.0,4.0,0.778443,11.132733,10.913669
NCAA:missouri-saint-louis,University of Missouri-St Louis,178420,2023,2023,False,MO,0.586228,12.897744,0.277246,7.377134,9.047711,47.0,12.919944,8966.0,2.0,0.499401,9.778038,11.037805
NCAA:missouri-southern-state,Missouri Southern State University,178341,2023,2023,False,MO,0.698802,13.220963,0.672455,8.132119,9.507463,41.0,13.245552,13737.0,4.0,0.756886,11.030266,11.830157
NCAA:mitchell,Mitchell College,129774,2023,2023,False,CT,0.482036,12.63912,0.2,7.196687,8.975682,39.0,12.63912,0.0,7.0,0.344311,8.716208,10.926783
NCAA:molloy,Molloy College,193292,2023,2023,False,NY,0.644311,13.076416,0.708982,8.220134,9.579975,33.0,13.096582,9728.0,3.0,0.175449,5.442418,10.511186
NCAA:montclair-state,Montclair State University,185590,2023,2023,False,NJ,0.241916,12.023555,0.477844,7.763446,8.497393,34.0,12.296959,52395.0,4.0,0.770659,11.086686,11.452135
NCAA:montevallo,University of Montevallo,101709,2023,2023,False,AL,0.719162,13.293777,0.648503,8.066521,9.487189,45.0,13.293777,0.0,3.0,0.671856,10.580378,11.022719
NCAA:moravian,Moravian University,214157,2023,2023,False,PA,0.274251,12.110228,0.203593,7.20786,8.613896,33.0,12.313823,41033.0,2.0,0.553892,10.035086,11.008479
NCAA:mount-aloysius,Mount Aloysius College,214166,2023,2023,False,PA,0.109581,11.487956,0.38503,7.591357,7.824784,39.0,11.487956,0.0,3.0,0.258084,7.722235,9.681031
NCAA:mount-olive,University of Mount Olive,199069,2023,2023,False,NC,0.742515,13.377089,0.699401,8.187299,9.465142,50.0,13.343213,-21486.0,4.0,0.477844,9.662498,10.683661
NCAA:mount-union,University of Mount Union,204185,2023,2023,False,OH,0.364671,12.344973,0.092216,6.821107,8.027807,75.0,12.344973,0.0,4.0,0.716766,10.816011,11.037869
NCAA:muhlenberg,Muhlenberg College,214175,2023,2023,False,PA,0.311377,12.195497,0.219162,7.238497,8.584761,37.0,12.195497,0.0,3.0,0.718563,10.839875,11.173543
NCAA:muskingum,Muskingum University,204264,2023,2023,False,OH,0.335329,12.270938,0.301198,7.428333,8.263858,55.0,12.270938,0.0,3.0,0.558084,10.045378,10.900325
NCAA:nebraska-wesleyan,Nebraska Wesleyan University,181446,2023,2023,False,NE,0.264671,12.084272,0.443114,7.699842,8.213337,48.0,11.920049,-26816.0,3.0,0.714371,10.809627,11.092397
NCAA:neumann,Neumann University,214272,2023,2023,False,PA,0.310778,12.193074,0.666467,8.119399,8.759238,31.0,12.193074,0.0,3.0,0.617365,10.319365,11.647325
NCAA:new-jersey-city,New Jersey City University,185129,2023,2023,False,NJ,0.201796,11.886322,0.628743,8.019613,8.485324,30.0,11.886322,0.0,5.0,0.102395,0.0,11.444818
NCAA:newberry,Newberry College,218414,2023,2023,False,SC,0.720958,13.305496,0.039521,6.408529,9.3166,54.0,13.290846,-8733.0,4.0,0.773653,11.109563,11.28541
NCAA:newman,Newman University,155335,2023,2023,False,KS,0.711377,13.267276,0.368263,7.557473,9.460689,45.0,13.267276,0.0,2.0,0.405988,9.184612,10.68764
NCAA:nichols,Nichols College,167260,2023,2023,False,MA,0.453892,12.578629,0.186826,7.17012,8.608516,53.0,12.540607,-10830.0,5.0,0.640719,10.423174,10.929404
NCAA:north-carolina-wesleyan,North Carolina Wesleyan University,199209,2023,2023,False,NC,0.35988,12.335551,0.135928,7.011214,8.423744,50.0,12.335551,0.0,3.0,0.600599,10.229765,11.295317
NCAA:north-georgia,University of North Georgia,482680,2023,2023,False,GA,0.724551,13.319276,0.838922,8.742255,9.708418,37.0,13.612836,207725.0,4.0,0.310778,8.443977,11.341484
NCAA:north-greenville,North Greenville University,218441,2023,2023,False,SC,0.678443,13.178262,0.308383,7.445418,9.394153,44.0,13.21862,21776.0,6.0,0.653892,10.474721,10.936743
NCAA:north-park,North Park University,147679,2023,2023,False,IL,0.468263,12.610727,0.562275,7.904704,8.826681,44.0,12.610727,0.0,4.0,0.689222,10.675492,11.261151
NCAA:northeastern-state,Northeastern State University,207263,2023,2023,False,OK,0.601796,12.944482,0.74491,8.323851,9.361047,36.0,12.944482,0.0,3.0,0.650299,10.461244,11.132923
NCAA:northern-state,Northern State University,219259,2023,2023,False,SD,0.642515,13.07324,0.728743,8.272571,9.16132,50.0,12.993434,-36514.0,5.0,0.761078,11.049778,11.34556
NCAA:northland,Northland College,239512,2023,2023,False,WI,0.247904,12.050015,0.726347,8.270525,8.75433,27.0,12.050015,0.0,2.0,0.555689,10.03994,10.584385
NCAA:northwest-missouri-state,Northwest Missouri State University,178624,2023,2023,False,MO,0.750898,13.397979,0.561677,7.903966,9.390728,55.0,13.397979,0.0,5.0,0.81497,11.470143,11.726528
NCAA:northwest-nazarene,Northwest Nazarene University,142461,2023,2023,False,ID,0.829341,13.6999,0.804192,8.550435,9.828752,48.0,13.6999,0.0,4.0,0.730539,10.903016,11.014407
NCAA:northwestern-saint-paul,University of Northwestern-St Paul,174491,2023,2023,False,MN,0.082635,11.264887,0.153293,7.063048,7.504225,43.0,11.264887,0.0,5.0,0.551497,10.027562,11.116499
NCAA:northwood,Northwood University,171492,2023,2023,False,MI,0.72994,13.329036,0.682036,8.153062,9.437294,49.0,13.329036,0.0,5.0,0.792814,11.214829,11.153547
NCAA:norwich,Norwich University,230995,2023,2023,False,VT,0.299401,12.171993,0.24012,7.290975,8.561262,37.0,12.171993,0.0,4.0,0.698204,10.720356,11.042202
NCAA:nova-southeastern,Nova Southeastern University,136215,2023,2023,False,FL,0.833533,13.710881,0.822754,8.678632,10.155571,35.0,13.710881,0.0,2.0,0.526946,9.921278,11.674755
NCAA:oakland-city,Oakland City University,152099,2023,2023,False,IN,0.900599,14.125568,0.582635,7.93666,10.254402,48.0,14.125568,0.0,4.0,0.32994,8.626944,10.553284
NCAA:oberlin,Oberlin College,204501,2023,2023,False,OH,0.329341,12.25912,0.505389,7.804659,8.475135,44.0,12.312983,11671.0,2.0,0.831138,11.605742,11.064214
NCAA:occidental,Occidental College,120254,2023,2023,False,CA,0.410778,12.453534,0.512575,7.816417,8.987919,32.0,12.605976,42182.0,5.0,0.531138,9.936439,11.22897
NCAA:oglethorpe,Oglethorpe University,140696,2023,2023,False,GA,0.438323,12.535107,0.446707,7.704812,8.706627,46.0,12.535107,0.0,4.0,0.561677,10.060534,11.128967
NCAA:ohio-dominican,Ohio Dominican University,204617,2023,2023,False,OH,0.512575,12.715576,0.529341,7.843456,9.026814,40.0,12.744619,9810.0,4.0,0.593413,10.199435,10.903807
NCAA:ohio-northern,Ohio Northern University,204635,2023,2023,False,OH,0.42994,12.511898,0.508982,7.811163,8.774379,42.0,12.511898,0.0,3.0,0.826946,11.570779,11.23456
NCAA:ohio-wesleyan,Ohio Wesleyan University,204909,2023,2023,False,OH,0.228743,11.98783,0.143713,7.029088,8.404528,36.0,11.98783,0.0,4.0,0.690419,10.679964,11.03439
NCAA:oklahoma-baptist,Oklahoma Baptist University,207403,2023,2023,False,OK,0.773653,13.471937,0.830539,8.708309,9.945623,34.0,13.471937,0.0,3.0,0.70479,10.752206,11.260224
NCAA:oklahoma-christian,Oklahoma Christian University,207324,2023,2023,False,OK,0.754491,13.411428,0.494611,7.787797,,,13.487919,53068.0,8.0,0.533533,9.953515,10.960913
NCAA:olivet,Olivet College,171599,2023,2023,False,MI,0.226946,11.980583,0.307186,7.442493,8.267261,41.0,12.007,4273.0,2.0,0.723353,10.868302,10.824885
NCAA:otterbein,Otterbein University,204936,2023,2023,False,OH,0.402994,12.432626,0.426347,7.664816,8.443854,54.0,12.522317,23539.0,5.0,0.524551,9.905086,10.998594
NCAA:ouachita-baptist,Ouachita Baptist University,107512,2023,2023,False,AR,0.726946,13.322931,0.768263,8.410053,9.796624,34.0,13.245269,-45659.0,3.0,0.769461,11.084785,11.391661
NCAA:pace,Pace University,194310,2023,2023,False,NY,0.630539,13.04665,0.765868,8.400435,9.520361,34.0,13.04665,0.0,4.0,0.799401,11.270331,11.375937
NCAA:pacific-lutheran,Pacific Lutheran University,236230,2023,2023,False,WA,0.520359,12.726276,0.720958,8.258422,8.897768,46.0,12.941024,80602.0,6.0,0.580838,10.122543,11.119008
NCAA:paine,Paine College,140720,2023,2023,False,GA,0.21497,11.94585,0.453892,7.715124,9.173359,16.0,11.94585,0.0,1.0,0.253293,7.687997,10.92192
NCAA:palm-beach-atlantic,Palm Beach Atlantic University,136330,2023,2023,False,FL,0.749701,13.396431,0.642515,8.049746,9.785568,37.0,13.423306,17914.0,4.0,0.508383,9.841187,11.079493
NCAA:pfeiffer,Pfeiffer University,199306,2023,2023,False,NC,0.223952,11.965217,0.247305,7.312553,8.033709,51.0,12.527152,118532.0,2.0,0.353293,8.787831,11.170238
NCAA:piedmont,Piedmont University,140818,2023,2023,False,GA,0.587425,12.898384,0.605988,7.978996,8.855473,57.0,12.866857,-12404.0,3.0,0.632335,10.379722,10.892192
NCAA:pittsburg-state,Pittsburg State University,155681,2023,2023,False,KS,0.751497,13.399694,0.732934,8.291045,9.57112,46.0,13.399694,0.0,4.0,0.833533,11.620038,11.854485
NCAA:plymouth-state,Plymouth State University,183080,2023,2023,False,NH,0.182635,11.807615,0.19521,7.185387,8.281501,34.0,11.97508,24478.0,2.0,0.449102,9.492356,11.325511
NCAA:point-park,Point Park University,215442,2023,2023,False,PA,0.835329,13.719362,0.622754,8.009363,9.592295,62.0,13.724918,5061.0,5.0,0.552695,10.032628,10.840913
NCAA:post,Post University,130183,2023,2023,False,CT,0.701796,13.223939,0.417365,7.647309,9.113174,61.0,13.223939,0.0,4.0,0.756287,11.022997,11.106445
NCAA:puget-sound,University of Puget Sound,236328,2023,2023,False,WA,0.340719,12.284052,0.598204,7.967973,8.620666,39.0,12.284052,0.0,6.0,0.686228,10.666814,11.228824
NCAA:purdue-northwest,Purdue University Northwest,490805,2023,2023,False,IN,0.463473,12.596854,0.573653,7.926242,8.835796,43.0,12.596854,0.0,5.0,0.488623,9.726213,11.058338
NCAA:quincy,Quincy University,148131,2023,2023,False,IL,0.902395,14.135336,0.428743,7.670429,,,14.135338,3.0,5.0,0.822156,11.505599,11.075474
NCAA:quincy,Quincy College,167525,2023,2023,False,MA,0.028144,10.698198,0.199401,7.195937,7.80821,18.0,10.698198,0.0,2.0,0.083832,0.0,10.491302
NCAA:randolph-macon,Randolph-Macon College,233295,2023,2023,False,VA,0.422754,12.493628,0.350898,7.529406,8.665156,46.0,12.493628,0.0,4.0,0.692814,10.701558,11.111238
NCAA:redlands,University of Redlands,121691,2023,2023,False,CA,0.369461,12.355884,0.639521,8.043021,9.023796,28.0,12.272871,-18507.0,4.0,0.755689,11.019842,11.392632
NCAA:rhodes,Rhodes College,221351,2023,2023,False,TN,0.592814,12.915317,0.714371,8.233238,9.003415,50.0,12.915317,0.0,4.0,0.764072,11.061249,11.175142
NCAA:ripon,Ripon College,239628,2023,2023,False,WI,0.264072,12.083911,0.324551,7.482682,8.192362,49.0,11.622667,-65402.0,6.0,0.50479,9.819018,10.79216
NCAA:rivier,Rivier University,183211,2023,2023,False,NH,0.191018,11.840724,0.048503,6.522093,8.285621,35.0,11.840724,0.0,3.0,0.435329,9.40319,11.141209
NCAA:roanoke,Roanoke College,233426,2023,2023,False,VA,0.217365,11.947878,0.114371,6.933423,8.036172,50.0,11.947878,0.0,4.0,0.682635,10.648017,10.814102
NCAA:rockford,Rockford University,148405,2023,2023,False,IL,0.443114,12.546323,0.365269,7.551712,8.595261,52.0,12.546323,0.0,8.0,0.518563,9.880884,10.870757
NCAA:rockhurst,Rockhurst University,179043,2023,2023,False,MO,0.78982,13.540988,0.414371,7.643962,9.552074,54.0,13.540988,0.0,5.0,0.513174,9.853246,11.139744
NCAA:roger-williams,Roger Williams University,217518,2023,2023,False,RI,0.288024,12.143005,0.428144,7.669495,8.293102,47.0,12.1322,-2018.0,5.0,0.258683,7.724447,10.944912
NCAA:rogers-state,Rogers State University,207661,2023,2023,False,OK,0.682036,13.18347,0.805988,8.556029,9.657171,34.0,13.18347,0.0,4.0,0.492216,9.752316,10.923273
NCAA:rollins,Rollins College,136950,2023,2023,False,FL,0.863473,13.903667,0.177246,7.134891,9.627066,72.0,13.903667,0.0,6.0,0.758683,11.042826,11.330288
NCAA:roosevelt,Roosevelt University,148487,2023,2023,False,IL,0.768862,13.457013,0.649102,8.066835,9.486795,53.0,13.457013,0.0,6.0,0.340719,8.689801,11.106625
NCAA:rosemont,Rosemont College,215691,2023,2023,False,PA,0.096407,11.385535,0.134132,7.003065,7.722405,39.0,11.385535,0.0,5.0,0.237126,7.452982,9.77985
NCAA:rowan,Rowan University,184782,2023,2023,False,NJ,0.450299,12.565675,0.774251,8.42442,9.164579,30.0,12.7,41196.0,6.0,0.373054,8.975124,11.510613
NCAA:russell-sage,Russell Sage College,195128,2023,2023,False,NY,0.323952,12.243166,0.398802,7.618251,8.554475,40.0,12.26633,4864.0,5.0,0.483832,9.690232,10.553701
NCAA:rust,Rust College,176318,2023,2023,False,MS,0.15509,11.703554,0.002395,4.820282,7.386677,75.0,10.819798,-71000.0,1.0,0.20479,6.803505,10.539826
NCAA:rutgers-camden,Rutgers University-Camden,186371,2023,2023,False,NJ,0.328743,12.258053,0.641317,8.04687,8.731849,34.0,12.258053,0.0,4.0,0.22994,7.32185,10.820758
NCAA:rutgers-newark,Rutgers University-Newark,186399,2023,2023,False,NJ,0.414371,12.457982,0.653293,8.080237,8.769255,40.0,12.499347,10866.0,4.0,0.481437,9.677151,11.28674
NCAA:saint-andrews,St. Andrews University,199698,2023,2023,False,NC,0.846108,13.819384,0.207784,7.21524,9.776389,57.0,13.831957,12701.0,4.0,0.403593,9.177611,10.669281
NCAA:saint-anselm,Saint Anselm College,183239,2023,2023,False,NH,0.513174,12.716138,0.741317,8.314342,9.027376,40.0,12.822584,37411.0,5.0,0.782635,11.146128,11.049667
NCAA:saint-cloud-state,Saint Cloud State University,174783,2023,2023,False,MN,0.698204,13.219327,0.808383,8.568266,9.505827,41.0,13.219327,0.0,4.0,0.85509,11.836247,12.006658
NCAA:saint-edwards,Saint Edward's University,227845,2023,2023,False,TX,0.879641,13.987346,0.773653,8.422883,9.844263,63.0,14.180689,253289.0,3.0,0.447904,9.489259,11.347449
NCAA:saint-elizabeth,Saint Elizabeth University,186618,2023,2023,False,NJ,0.091617,11.347178,0.053892,6.584791,7.497573,47.0,11.347178,0.0,6.0,0.287425,8.157657,10.05771
NCAA:saint-john-fisher,St. John Fisher University,195720,2023,2023,False,NY,0.441317,12.544668,0.645509,8.058327,8.694684,47.0,12.676142,39426.0,5.0,0.813174,11.451103,11.037612
NCAA:saint-lawrence,St Lawrence University,195216,2023,2023,False,NY,0.219162,11.948849,0.218563,7.238497,8.285533,39.0,11.948849,0.0,3.0,0.876647,12.094269,11.361498
NCAA:saint-leo,Saint Leo University,137032,2023,2023,False,FL,0.72515,13.319872,0.521557,7.832411,9.513282,45.0,13.488941,112212.0,3.0,0.635329,10.393263,11.202807
NCAA:saint-martins,Saint Martin's University,236452,2023,2023,False,WA,0.513772,12.717533,0.589222,7.946971,9.25189,32.0,12.943055,84379.0,4.0,0.378443,9.013717,10.873812
NCAA:saint-marys-maryland,St. Mary's College of Maryland,163912,2023,2023,False,MD,0.246108,12.042253,0.228743,7.261225,8.5767,32.0,12.042253,0.0,5.0,0.264072,7.77191,11.533855
NCAA:saint-michaels,Saint Michael's College,231059,2023,2023,False,VT,0.347904,12.307546,0.565868,7.910957,8.84195,32.0,12.307546,0.0,4.0,0.659281,10.516834,11.17204
NCAA:saint-norbert,Saint Norbert College,239716,2023,2023,False,WI,0.412575,12.456271,0.389222,7.5989,8.627805,46.0,12.456271,0.0,5.0,0.711377,10.79107,11.374399
NCAA:saint-olaf,St Olaf College,174844,2023,2023,False,MN,0.316168,12.211135,0.197605,7.191429,8.473669,42.0,12.705444,128522.0,5.0,0.707784,10.771869,11.187666
NCAA:saint-rose,The College of Saint Rose,195234,2023,2023,False,NY,0.603593,12.952384,0.3,7.426549,8.945179,55.0,12.959536,3028.0,2.0,0.634731,10.393141,10.602468
NCAA:saint-scholastica,The College of Saint Scholastica,174899,2023,2023,False,MN,0.336527,12.2723,0.192814,7.178545,8.44387,46.0,12.731328,124484.0,4.0,0.653293,10.47345,10.907807
NCAA:saint-thomas-aquinas,St. Thomas Aquinas College,195243,2023,2023,False,NY,0.694012,13.208736,0.201796,7.201916,9.296802,50.0,13.224436,8626.0,5.0,0.467665,9.612266,11.007585
NCAA:saint-vincent,Saint Vincent College,215798,2023,2023,False,PA,0.438922,12.536699,0.476048,7.757906,8.393787,63.0,12.536699,0.0,2.0,0.750299,10.997322,10.88264
NCAA:salem-state,Salem State University,167729,2023,2023,False,MA,0.032335,10.776913,0.18982,7.17549,7.410201,29.0,10.776913,0.0,2.0,0.262874,7.761745,9.682342
NCAA:salisbury,Salisbury University,163851,2023,2023,False,MD,0.266467,12.088403,0.313174,7.455877,8.350964,42.0,12.088415,2.0,5.0,0.471257,9.620992,11.252236
NCAA:salve-regina,Salve Regina University,217536,2023,2023,False,RI,0.510778,12.712905,0.338323,7.504942,8.78123,51.0,13.051892,133972.0,5.0,0.658683,10.513769,10.889976
NCAA:savannah-state,Savannah State University,140960,2023,2023,False,GA,0.167066,11.758738,0.008982,5.594711,7.827303,51.0,12.150343,61293.0,3.0,0.402994,9.177404,10.942014
NCAA:schreiner,Schreiner University,228042,2023,2023,False,TX,0.428144,12.505392,0.153892,7.063048,8.315978,66.0,12.481934,-6255.0,4.0,0.49521,9.764398,10.71128
NCAA:scranton,University of Scranton,215929,2023,2023,False,PA,0.279042,12.124575,0.107186,6.905753,8.318151,45.0,12.124575,0.0,5.0,0.48982,9.745078,11.062599
NCAA:seton-hill,Seton Hill University,215947,2023,2023,False,PA,0.745509,13.382639,0.756287,8.35679,9.532563,47.0,13.382639,0.0,3.0,0.705389,10.754151,11.009688
NCAA:shenandoah,Shenandoah University,233541,2023,2023,False,VA,0.591018,12.911694,0.634731,8.034307,8.800968,61.0,12.911694,0.0,6.0,0.704192,10.752142,11.049492
NCAA:shepherd,Shepherd University,237792,2023,2023,False,WV,0.495808,12.673896,0.613772,7.99497,8.762026,50.0,12.673896,0.0,3.0,0.539521,9.972034,11.281863
NCAA:shorter,Shorter University,140988,2023,2023,False,GA,0.714371,13.276453,0.816168,8.625868,9.721164,35.0,13.276453,0.0,3.0,0.715569,10.813277,10.886801
NCAA:simpson,Simpson University,123457,2023,2023,False,CA,0.920359,14.27018,0.21976,7.24065,9.993559,72.0,14.27018,0.0,5.0,0.541317,9.978781,11.217977
NCAA:simpson,Simpson College,154350,2023,2023,False,IA,0.214371,11.942927,0.182635,7.151485,8.182,43.0,12.390209,86710.0,7.0,0.721557,10.857151,10.790597
NCAA:sioux-falls,University of Sioux Falls,219383,2023,2023,False,SD,0.588024,12.89897,0.560479,7.902118,9.070441,46.0,12.980553,33993.0,4.0,0.781437,11.14399,11.245281
NCAA:skidmore,Skidmore College,195526,2023,2023,False,NY,0.307186,12.186171,0.638323,8.041735,8.785121,30.0,12.186171,0.0,4.0,0.54012,9.975994,11.142832
NCAA:sonoma-state,Sonoma State University,123572,2023,2023,False,CA,0.738922,13.358665,0.712575,8.229511,9.446719,50.0,13.358665,0.0,9.0,0.45509,9.554568,11.691072
NCAA:southern-connecticut-state,Southern Connecticut State University,130493,2023,2023,False,CT,0.748503,13.394568,0.673653,8.137103,9.898109,33.0,13.394568,0.0,3.0,0.458683,9.583282,11.87386
NCAA:southern-nazarene,Southern Nazarene University,206862,2023,2023,False,OK,0.679641,13.178424,0.441317,7.696213,9.440832,42.0,13.229667,27805.0,4.0,0.626946,10.365554,10.816413
NCAA:southern-virginia,Southern Virginia University,233611,2023,2023,False,VA,0.269461,12.093536,0.458683,7.727094,8.510213,36.0,12.093536,0.0,3.0,0.648503,10.446393,11.173304
NCAA:southern-wesleyan,Southern Wesleyan University,217776,2023,2023,False,SC,0.558683,12.829862,0.602395,7.976595,9.001341,46.0,12.829862,0.0,5.0,0.308982,8.396381,10.547838
NCAA:southwest-baptist,Southwest Baptist University,179326,2023,2023,False,MO,0.662275,13.11644,0.621557,8.009031,9.56116,35.0,13.11644,0.0,2.0,0.827545,11.584734,10.941996
NCAA:southwest-minnesota-state,Southwest Minnesota State University,175078,2023,2023,False,MN,0.452695,12.572561,0.681437,8.152198,9.017331,35.0,12.572561,0.0,3.0,0.583832,10.1401,11.506777
NCAA:spalding,Spalding University,157757,2023,2023,False,KY,0.416766,12.471965,0.734731,8.29355,8.758547,41.0,12.471965,0.0,4.0,0.536527,9.9651,10.616609
NCAA:spring-hill,Spring Hill College,102234,2023,2023,False,AL,0.643114,13.073564,0.44012,7.696213,9.048328,56.0,13.17777,52299.0,2.0,0.515569,9.864331,10.757243
NCAA:springfield,Springfield College,167899,2023,2023,False,MA,0.371257,12.360243,0.453293,7.714677,8.646843,41.0,12.360243,0.0,4.0,0.879641,12.135468,11.200295
NCAA:stevenson,Stevenson University,164173,2023,2023,False,MD,0.379042,12.374595,0.628144,8.016978,8.613573,43.0,12.374595,0.0,2.0,0.835928,11.631313,11.299571
NCAA:stillman,Stillman College,102270,2023,2023,False,AL,0.134132,11.610642,0.068862,6.689599,8.114424,33.0,11.664796,6136.0,2.0,0.00479,0.0,10.085309
NCAA:stockton,Stockton University,186876,2023,2023,False,NJ,0.373653,12.36516,0.637725,8.037866,8.809957,35.0,12.36516,0.0,4.0,0.379042,9.016634,11.324461
NCAA:suffolk,Suffolk University,168005,2023,2023,False,MA,0.277246,12.118907,0.573054,7.925158,8.860947,26.0,12.118907,0.0,3.0,0.252096,7.683404,10.864713
NCAA:sul-ross-state,Sul Ross State University,228501,2023,2023,False,TX,0.213174,11.930997,0.067066,6.679599,8.039493,49.0,12.274735,62312.0,1.0,0.792216,11.212212,10.559244
NCAA:suny-brockport,SUNY Brockport,196121,2023,2023,False,NY,0.418563,12.484496,0.587425,7.94591,8.634522,47.0,12.484496,0.0,4.0,0.740719,10.950824,11.061045
NCAA:suny-maritime,SUNY Maritime College,196291,2023,2023,False,NY,0.082036,11.262873,0.007186,5.433722,7.502212,43.0,11.125173,-10018.0,4.0,0.31976,8.517393,10.958775
NCAA:suny-oneonta,SUNY Oneonta,196185,2023,2023,False,NY,0.297006,12.163796,0.342515,7.514255,8.553066,37.0,12.163796,0.0,2.0,0.503593,9.810988,11.011935
NCAA:susquehanna,Susquehanna University,216278,2023,2023,False,PA,0.382635,12.378689,0.58503,7.942007,8.528735,47.0,12.378689,0.0,4.0,0.697605,10.718609,11.295938
NCAA:swarthmore,Swarthmore College,216287,2023,2023,False,PA,0.286826,12.138891,0.28503,7.395722,8.642554,33.0,12.537744,91654.0,7.0,0.609581,10.27087,11.469527
NCAA:tampa,The University of Tampa,137847,2023,2023,False,FL,0.892814,14.091621,0.912575,9.261129,10.454063,38.0,14.274705,264806.0,3.0,0.762275,11.058984,11.332063
NCAA:temple,Temple College,228608,2023,2023,False,TX,0.616766,13.005072,0.448503,7.705713,9.508636,33.0,13.021075,7173.0,3.0,0.420359,9.308646,11.248244
NCAA:texas-a-and-m-international,Texas A & M International University,226152,2023,2023,False,TX,0.709581,13.256076,0.753293,8.351139,9.427513,46.0,13.256076,0.0,4.0,0.167066,3.663562,11.178627
NCAA:texas-a-and-m-kingsville,Texas A & M University-Kingsville,228705,2023,2023,False,TX,0.7,13.221689,0.801198,8.542666,9.508189,41.0,13.324814,59987.0,2.0,0.798802,11.264451,11.486469
NCAA:texas-dallas,The University of Texas at Dallas,228787,2023,2023,False,TX,0.390419,12.400146,0.141317,7.024649,,,12.344072,-13242.0,2.0,0.405389,9.183586,10.933393
NCAA:texas-lutheran,Texas Lutheran University,228981,2023,2023,False,TX,0.435928,12.533425,0.14012,7.021084,8.526286,55.0,12.558369,7008.0,3.0,0.554491,10.03675,11.338727
NCAA:thiel,Thiel College,216357,2023,2023,False,PA,0.305389,12.182154,0.310778,7.449498,8.74832,31.0,12.182154,0.0,2.0,0.587425,10.154168,10.883091
NCAA:thomas-more,Thomas More University,157809,2023,2023,False,KY,0.356886,12.329091,0.38982,7.599401,8.773893,35.0,12.585269,66041.0,4.0,0.568862,10.08976,10.53715
NCAA:tiffin,Tiffin University,206048,2023,2023,False,OH,0.64491,13.076935,0.177844,7.134891,8.966187,61.0,13.076935,0.0,2.0,0.779641,11.13829,10.956387
NCAA:transylvania,Transylvania University,157818,2023,2023,False,KY,0.428743,12.507114,0.60479,7.978654,8.818379,40.0,12.507114,0.0,3.0,0.522156,9.899379,11.541736
NCAA:trevecca-nazarene,Trevecca Nazarene University,221892,2023,2023,False,TN,0.717964,13.288386,0.694012,8.176392,9.438316,47.0,13.288386,0.0,6.0,0.663473,10.524682,11.377152
NCAA:trine,Trine University,152567,2023,2023,False,IN,0.32515,12.249314,0.137126,7.014814,8.242239,55.0,12.264125,3116.0,4.0,0.808383,11.402284,11.059094
NCAA:truman-state,Truman State University,178615,2023,2023,False,MO,0.397006,12.415312,0.431138,7.674153,8.889085,34.0,12.415312,0.0,2.0,0.641317,10.424511,11.046181
NCAA:tufts,Tufts University,168148,2023,2023,False,MA,0.564671,12.84526,0.6,7.971086,9.207771,38.0,13.062155,91796.0,4.0,0.78982,11.19239,11.474496
NCAA:tusculum,Tusculum University,221953,2023,2023,False,TN,0.648503,13.094005,0.472455,7.75491,9.10513,54.0,13.201012,54892.0,3.0,0.772455,11.106235,10.929816
NCAA:tuskegee,Tuskegee University,102377,2023,2023,False,AL,0.451497,12.569809,0.51018,7.811973,9.104181,32.0,12.536674,-9378.0,2.0,0.8,11.296708,11.219587
NCAA:upper-iowa,Upper Iowa University,154493,2023,2023,False,IA,0.702994,13.232945,0.330539,7.490529,9.244056,54.0,13.225221,-4297.0,3.0,0.647904,10.446219,11.059157
NCAA:ursinus,Ursinus College,216524,2023,2023,False,PA,0.320359,12.223067,0.130539,6.993015,8.53438,40.0,12.223067,0.0,4.0,0.668862,10.555656,11.249858
NCAA:utica,Utica University,197045,2023,2023,False,NY,0.413174,12.456812,0.232335,7.271704,8.362697,60.0,12.456812,0.0,6.0,0.825749,11.533826,11.275036
NCAA:valdosta-state,Valdosta State University,141264,2023,2023,False,GA,0.665269,13.123083,0.444311,7.702104,9.361967,43.0,13.123083,0.0,3.0,0.805389,11.361847,11.381198
NCAA:valley-forge,University of Valley Forge,216542,2023,2023,False,PA,0.047904,10.974078,0.303593,7.431892,7.478118,33.0,11.751147,68557.0,6.0,0.185629,6.39693,10.175459
NCAA:vassar,Vassar College,197133,2023,2023,False,NY,0.42515,12.495539,0.291617,7.406711,8.858092,38.0,12.495539,0.0,5.0,0.671257,10.578751,11.138421
NCAA:virginia-state,Virginia State University,234155,2023,2023,False,VA,0.137126,11.64233,0.478443,7.763446,8.310362,28.0,11.64233,0.0,4.0,0.491018,9.750744,11.488879
NCAA:virginia-wesleyan,Virginia Wesleyan University,234173,2023,2023,False,VA,0.323353,12.242559,0.304192,7.431892,8.272518,53.0,12.242559,0.0,3.0,0.58982,10.165198,10.963064
NCAA:walsh,Walsh University,206437,2023,2023,False,OH,0.729341,13.328371,0.701198,8.199189,9.614864,41.0,13.479342,100122.0,4.0,0.664072,10.537389,11.057692
NCAA:wartburg,Wartburg College,154527,2023,2023,False,IA,0.416168,12.470504,0.434731,7.682482,8.620533,47.0,12.470504,0.0,5.0,0.812575,11.448664,11.13285
NCAA:washburn,Washburn University,156082,2023,2023,False,KS,0.707186,13.250505,0.751497,8.344505,9.44392,45.0,13.250505,0.0,4.0,0.784431,11.147051,11.448963
NCAA:washington-and-lee,Washington and Lee University,234207,2023,2023,False,VA,0.392216,12.407101,0.54491,7.875499,8.910725,33.0,12.512616,27212.0,3.0,0.565269,10.072259,11.476676
NCAA:waynesburg,Waynesburg University,216694,2023,2023,False,PA,0.064671,11.136572,0.086228,6.783325,7.610693,34.0,11.136572,0.0,5.0,0.622754,10.343418,10.872257
NCAA:webster,Webster University,179894,2023,2023,False,MO,0.606587,12.96508,0.809581,8.581857,9.276292,40.0,13.04238,34335.0,5.0,0.57485,10.102092,10.843514
NCAA:wells,Wells College,197230,2023,2023,False,NY,0.316766,12.211374,0.62515,8.013343,8.573971,38.0,12.211374,0.0,4.0,0.434731,9.402447,9.927985
NCAA:west-alabama,University of West Alabama,101587,2023,2023,False,AL,0.776048,13.475908,0.771257,8.416046,9.762392,41.0,13.502351,19080.0,5.0,0.803593,11.354246,11.301575
NCAA:west-florida,The University of West Florida,138354,2023,2023,False,FL,0.715569,13.283792,0.84012,8.74608,9.757487,34.0,13.276447,-4300.0,3.0,0.727545,10.891522,11.473426
NCAA:west-liberty,West Liberty University,237932,2023,2023,False,WV,0.430539,12.512538,0.317964,7.473069,8.728507,44.0,12.512538,0.0,6.0,0.413174,9.2363,10.957991
NCAA:west-texas-a-and-m,West Texas A & M University,229814,2023,2023,False,TX,0.737126,13.354273,0.594012,7.959276,9.483147,48.0,13.354273,0.0,3.0,0.824551,11.511575,11.386682
NCAA:west-virginia-state,West Virginia State University,237899,2023,2023,False,WV,0.595808,12.929526,0.079641,6.736967,9.216051,41.0,12.929526,0.0,5.0,0.520359,9.884203,11.057361
NCAA:west-virginia-wesleyan,West Virginia Wesleyan College,237969,2023,2023,False,WV,0.434731,12.527395,0.476647,7.758761,8.743361,44.0,12.527399,1.0,3.0,0.570659,10.093529,10.72639
NCAA:western-oregon,Western Oregon University,210429,2023,2023,False,OR,0.629341,13.044726,0.764671,8.39299,9.173627,48.0,13.044726,0.0,3.0,0.765868,11.072108,11.311152
NCAA:westfield-state,Westfield State University,168263,2023,2023,False,MA,0.22515,11.974676,0.613174,7.993958,8.47837,33.0,12.00302,4562.0,5.0,0.441317,9.431883,11.083603
NCAA:westmont,Westmont College,125727,2023,2023,False,CA,0.703593,13.236038,0.677844,8.142063,9.498442,42.0,13.340096,61433.0,4.0,0.41497,9.26445,11.197708
NCAA:wheeling,Wheeling University,238078,2023,2023,False,WV,0.620359,13.022057,0.328144,7.486053,9.384552,38.0,13.021794,-119.0,6.0,0.667665,10.555214,11.203734
NCAA:whitman,Whitman College,237057,2023,2023,False,WA,0.549701,12.806773,0.850898,8.806424,9.341122,32.0,12.995364,75688.0,4.0,0.630539,10.376393,11.292042
NCAA:whittier,Whittier College,125763,2023,2023,False,CA,0.222754,11.962892,0.205389,7.211557,8.299573,39.0,11.981841,3000.0,4.0,0.380838,9.030735,10.882227
NCAA:whitworth,Whitworth University,237066,2023,2023,False,WA,0.32994,12.26208,0.618563,8.000014,8.651332,37.0,12.329648,14786.0,6.0,0.726946,10.890777,11.216014
NCAA:widener,Widener University,216852,2023,2023,False,PA,0.176647,11.790989,0.017964,5.902633,8.153683,38.0,11.790989,0.0,4.0,0.560479,10.0532,11.325028
NCAA:wilkes,Wilkes University,216931,2023,2023,False,PA,0.24012,12.017548,0.422156,7.656337,8.462405,35.0,12.196133,32386.0,3.0,0.75988,11.044584,11.121496
NCAA:willamette,Willamette University,210401,2023,2023,False,OR,0.372455,12.363991,0.511976,7.814803,8.808788,35.0,12.402424,9177.0,3.0,0.700599,10.725665,11.033372
NCAA:william-jewell,William Jewell College,179955,2023,2023,False,MO,0.632335,13.055148,0.538922,7.86442,9.24858,45.0,13.055148,0.0,3.0,0.713772,10.808636,10.923814
NCAA:william-peace,William Peace University,199272,2023,2023,False,NC,0.383832,12.383717,0.323952,7.482119,8.432686,52.0,12.159316,-48016.0,5.0,0.48503,9.692087,10.871782
NCAA:williams,Williams College,168342,2023,2023,False,MA,0.461078,12.595093,0.723952,8.263333,9.161208,31.0,12.595093,0.0,2.0,0.757485,11.033663,11.201606
NCAA:wilson,Wilson College,217013,2023,2023,False,PA,0.275449,12.110673,0.531737,7.847372,8.349704,43.0,12.110673,0.0,6.0,0.431138,9.386476,10.728934
NCAA:wingate,Wingate University,199962,2023,2023,False,NC,0.743713,13.380088,0.480838,7.76811,9.488342,49.0,13.542611,114178.0,3.0,0.611377,10.287627,11.313437
NCAA:winona-state,Winona State University,175272,2023,2023,False,MN,0.689222,13.199378,0.747305,8.332308,9.461784,42.0,13.199378,0.0,6.0,0.61497,10.309186,11.533923
NCAA:wisconsin-eau-claire,University of Wisconsin-Eau Claire,240268,2023,2023,False,WI,0.394012,12.413879,0.746707,8.332068,8.65285,43.0,12.46147,12000.0,5.0,0.737725,10.937099,10.921233
NCAA:wisconsin-louisiana-crosse,University of Wisconsin-La Crosse,240329,2023,2023,False,WI,0.488623,12.656651,0.725749,8.269757,9.191014,32.0,13.05484,153509.0,6.0,0.535928,9.962747,11.075459
NCAA:wisconsin-lutheran,Wisconsin Lutheran College,240338,2023,2023,False,WI,0.255689,12.066149,0.51497,7.820841,8.402806,39.0,12.066149,0.0,5.0,0.688024,10.67253,10.912212
NCAA:wisconsin-oshkosh,University of Wisconsin-Oshkosh,240365,2023,2023,False,WI,0.481437,12.638306,0.375449,7.578145,8.90077,42.0,12.638306,0.0,2.0,0.675449,10.604752,10.947767
NCAA:wisconsin-parkside,University of Wisconsin-Parkside,240374,2023,2023,False,WI,0.509581,12.712441,0.483234,7.770645,9.34523,29.0,12.712471,10.0,3.0,0.38024,9.026538,11.077316
NCAA:wisconsin-platteville,University of Wisconsin-Platteville,240462,2023,2023,False,WI,0.304192,12.180986,0.638922,8.042056,8.467619,41.0,12.199456,3636.0,3.0,0.744311,10.962423,11.162545
NCAA:wisconsin-stevens-point,University of Wisconsin-Stevens Point,240480,2023,2023,False,WI,0.317365,12.21206,0.4,7.619233,8.362141,47.0,11.887966,-55696.0,4.0,0.573054,10.098149,10.961729
NCAA:wisconsin-stout,University of Wisconsin-Stout,240417,2023,2023,False,WI,0.322156,12.23269,0.583234,7.93666,8.677508,35.0,12.23269,0.0,2.0,0.628144,10.370549,11.048665
NCAA:wisconsin-superior,University of Wisconsin-Superior,240426,2023,2023,False,WI,0.283832,12.134378,0.691018,8.171599,8.638042,33.0,12.134378,0.0,4.0,0.397605,9.138522,10.919877
NCAA:wisconsin-whitewater,University of Wisconsin-Whitewater,240189,2023,2023,False,WI,0.371856,12.360668,0.071856,6.6995,8.834448,34.0,12.563467,52483.0,7.0,0.392814,9.105091,11.172236
NCAA:wittenberg,Wittenberg University,206525,2023,2023,False,OH,0.376647,12.368591,0.386228,7.594884,8.631096,42.0,12.368591,0.0,5.0,0.79521,11.227601,11.159032
NCAA:wooster,The College of Wooster,206589,2023,2023,False,OH,0.367066,12.350818,0.103593,6.884487,8.8246,34.0,12.350818,0.0,3.0,0.658084,10.505205,11.224243
NCAA:worcester-state,Worcester State University,168430,2023,2023,False,MA,0.229341,11.987879,0.505988,7.806696,8.404578,36.0,11.970819,-2720.0,4.0,0.278443,8.039157,10.573852
NCAA:yeshiva,Yeshiva University,197708,2023,2023,False,NY,0.062275,11.111313,0.431737,7.674153,8.221195,18.0,11.111313,0.0,3.0,0.200599,6.751101,10.896758
NCAA:york-pennsylvania,York College of Pennsylvania,217059,2023,2023,False,PA,0.18503,11.8122,0.411377,7.639161,8.286084,34.0,11.812311,15.0,5.0,0.591617,10.181081,11.023943
NCAA:young-harris,Young Harris College,141361,2023,2023,False,GA,0.767066,13.448071,0.79521,8.522579,9.759248,40.0,13.448071,0.0,5.0,0.517365,9.879195,10.950877
IPEDS:100654,Alabama A & M University,100654,2024,2024,False,AL,0.726019,13.371825,0.634892,8.081166,9.565231,45.0,12.682294,-319671.0,4.0,0.751799,11.046882,11.41015
IPEDS:100663,University of Alabama at Birmingham,100663,2024,2024,False,AL,0.899281,14.210609,0.897482,9.179159,10.521756,40.0,14.223003,18514.0,4.0,0.934053,13.167872,13.093458
IPEDS:100724,Alabama State University,100724,2024,2024,False,AL,0.7494,13.451241,0.555755,7.916078,9.762418,40.0,13.451241,0.0,3.0,0.852518,11.807936,11.891725
IPEDS:100751,The University of Alabama,100751,2024,2024,False,AL,0.993405,15.715992,0.986211,10.363851,11.865851,47.0,14.633107,-4424063.0,3.0,1.0,15.680342,14.86954
IPEDS:100858,Auburn University,100858,2024,2024,False,AL,0.991607,15.679365,0.983213,10.303303,11.728129,52.0,14.664894,-4110340.0,4.0,0.97482,14.559561,14.717945
IPEDS:101480,Jacksonville State University,101480,2024,2024,False,AL,0.878897,14.073348,0.806355,8.591187,10.244741,46.0,14.073348,0.0,4.0,0.932854,13.15232,12.639059
IPEDS:101879,University of North Alabama,101879,2024,2024,False,AL,0.807554,13.66867,0.821942,8.672657,9.955145,41.0,13.66867,0.0,4.0,0.848321,11.772663,11.806199
IPEDS:102049,Samford University,102049,2024,2024,False,AL,0.878297,14.068077,0.843525,8.775086,10.306909,43.0,14.131573,84391.0,6.0,0.882494,12.244028,12.096157
IPEDS:102094,University of South Alabama,102094,2024,2024,False,AL,0.93765,14.493058,0.93765,9.541154,10.804198,40.0,14.533977,82244.0,4.0,0.938249,13.27561,12.748336
IPEDS:102368,Troy University,102368,2024,2024,False,AL,0.895683,14.196311,0.80036,8.562167,10.346195,47.0,14.303778,166034.0,4.0,0.922062,12.903396,12.950414
IPEDS:104151,Arizona State University Campus Immersion,104151,2024,2024,False,AZ,0.97482,15.156667,0.972422,10.100575,11.467798,40.0,15.156667,0.0,4.0,0.977218,14.650946,14.032155
IPEDS:104179,University of Arizona,104179,2024,2024,False,AZ,0.983213,15.359159,0.967626,10.042205,11.695606,39.0,15.359159,0.0,4.0,0.981415,14.715978,14.246417
IPEDS:104717,Grand Canyon University,104717,2024,2024,False,AZ,0.932254,14.439032,0.957434,9.820758,10.750174,40.0,14.439032,0.0,4.0,0.915468,12.786714,12.715225
IPEDS:106245,University of Arkansas at Little Rock,106245,2024,2024,False,AR,0.909472,14.288809,0.880695,9.037177,10.575262,41.0,14.288809,0.0,3.0,0.833933,11.662345,12.311266
IPEDS:106397,University of Arkansas,106397,2024,2024,False,AR,0.997602,16.030336,0.995803,10.877443,12.26914,43.0,15.706631,-2533017.0,4.0,0.972422,14.480152,14.733139
IPEDS:106412,University of Arkansas at Pine Bluff,106412,2024,2024,False,AR,0.56235,12.911741,0.29976,7.428333,9.328309,36.0,12.911741,0.0,3.0,0.284772,8.114624,11.776819
IPEDS:106458,Arkansas State University,106458,2024,2024,False,AR,0.86211,13.973799,0.89988,9.184099,10.167174,45.0,13.973799,0.0,4.0,0.940048,13.321557,11.772061
IPEDS:106704,University of Central Arkansas,106704,2024,2024,False,AR,0.832734,13.801362,0.884293,9.054388,10.063734,42.0,13.801362,0.0,4.0,0.885492,12.287233,11.692008
IPEDS:110361,California Baptist University,110361,2024,2024,False,CA,0.952038,14.732823,0.951439,9.725317,11.069276,39.0,14.827176,247623.0,5.0,0.869305,12.029395,12.70619
IPEDS:110422,California Polytechnic State University-San Luis Obispo,110422,2024,2024,False,CA,0.944844,14.585308,0.958633,9.8816,10.947739,38.0,14.585308,0.0,4.0,0.923261,12.920098,12.280015
IPEDS:110486,California State University-Bakersfield,110486,2024,2024,False,CA,0.890887,14.152669,0.914868,9.294682,10.489134,39.0,14.152669,0.0,4.0,0.855516,11.84274,12.102422
IPEDS:110556,California State University-Fresno,110556,2024,2024,False,CA,0.943645,14.583367,0.956835,9.818148,10.919823,39.0,14.583367,0.0,4.0,0.938849,13.294227,13.336029
IPEDS:110565,California State University-Fullerton,110565,2024,2024,False,CA,0.945444,14.606386,0.919065,9.341719,10.868735,42.0,14.606386,0.0,5.0,0.816547,11.502441,12.253257
IPEDS:110583,California State University-Long Beach,110583,2024,2024,False,CA,0.919065,14.359049,0.929257,9.459697,10.748152,37.0,14.359049,0.0,4.0,0.845923,11.765892,12.503084
IPEDS:110608,California State University-Northridge,110608,2024,2024,False,CA,0.934652,14.456956,0.928058,9.451874,10.672789,44.0,14.605853,304926.0,4.0,0.823141,11.549537,12.127462
IPEDS:110617,California State University-Sacramento,110617,2024,2024,False,CA,0.938849,14.508269,0.841127,8.763741,10.844726,39.0,14.508269,0.0,4.0,0.88729,12.304963,12.309698
IPEDS:110635,University of California-Berkeley,110635,2024,2024,False,CA,0.955036,14.830121,0.941247,9.598659,10.938319,49.0,14.830121,0.0,4.0,0.983813,14.762607,13.656165
IPEDS:110644,University of California-Davis,110644,2024,2024,False,CA,0.922662,14.366032,0.885492,9.068777,10.677175,40.0,14.366032,0.0,4.0,0.920264,12.863339,12.187328
IPEDS:110653,University of California-Irvine,110653,2024,2024,False,CA,0.944245,14.585196,0.941847,9.619399,10.896335,40.0,14.585196,0.0,4.0,0.842926,11.729922,12.323202
IPEDS:110662,University of California-Los Angeles,110662,2024,2024,False,CA,0.980216,15.249231,0.947842,9.677716,11.511571,42.0,15.249231,0.0,4.0,0.971823,14.476403,14.233657
IPEDS:110671,University of California-Riverside,110671,2024,2024,False,CA,0.841727,13.863716,0.759592,8.402904,10.252832,37.0,13.863716,0.0,4.0,0.76259,11.105453,12.172552
IPEDS:110680,University of California-San Diego,110680,2024,2024,False,CA,0.93705,14.469129,0.916667,9.31479,10.78027,40.0,14.469129,0.0,5.0,0.8747,12.139527,11.52135
IPEDS:110705,University of California-Santa Barbara,110705,2024,2024,False,CA,0.964628,14.948506,0.928657,9.459464,11.119879,46.0,14.948506,0.0,4.0,0.91307,12.726633,12.31368
IPEDS:117946,Loyola Marymount University,117946,2024,2024,False,CA,0.954436,14.808857,0.953237,9.736193,11.119992,40.0,14.808857,0.0,4.0,0.909472,12.676201,12.343741
IPEDS:120883,University of the Pacific,120883,2024,2024,False,CA,0.935851,14.464046,0.95024,9.720886,10.775187,40.0,14.464046,0.0,4.0,0.893285,12.380055,12.147421
IPEDS:120883,Pacific University,209612,2024,2024,False,OR,0.393285,12.475691,0.632494,8.074026,8.691666,44.0,12.475691,0.0,7.0,0.723022,10.907698,11.040359
IPEDS:121150,Pepperdine University,121150,2024,2024,False,CA,0.948441,14.651005,0.922062,9.362718,10.962143,40.0,14.651005,0.0,4.0,0.918465,12.844061,12.500234
IPEDS:122409,San Diego State University,122409,2024,2024,False,CA,0.968225,15.028226,0.994005,10.766483,11.314666,41.0,14.798268,-690791.0,3.0,0.950839,13.646849,13.735634
IPEDS:122436,University of San Diego,122436,2024,2024,False,CA,0.941847,14.56968,0.930456,9.474011,10.906137,39.0,14.56968,0.0,4.0,0.916667,12.796847,12.344172
IPEDS:122612,University of San Francisco,122612,2024,2024,False,CA,0.940048,14.520305,0.877098,9.026658,10.831445,40.0,14.520305,0.0,4.0,0.88789,12.309549,12.906454
IPEDS:122755,San Jose State University,122755,2024,2024,False,CA,0.936451,14.466856,0.848921,8.810609,10.777997,40.0,14.466856,0.0,4.0,0.92446,12.929235,12.671177
IPEDS:122931,Santa Clara University,122931,2024,2024,False,CA,0.949041,14.651953,0.939448,9.572898,10.938398,41.0,14.651953,0.0,4.0,0.902278,12.523711,12.475913
IPEDS:123554,Saint Mary's College of California,123554,2024,2024,False,CA,0.953237,14.767501,0.959233,9.931881,11.053944,41.0,14.767501,0.0,4.0,0.890288,12.329688,13.012694
IPEDS:123554,St. Mary's University,228149,2024,2024,False,TX,0.781775,13.558279,0.589329,7.972121,9.646319,50.0,13.579207,16352.0,5.0,0.720624,10.897295,11.151468
IPEDS:123961,University of Southern California,123961,2024,2024,False,CA,0.98741,15.46257,0.955635,9.809232,11.749006,41.0,15.46257,0.0,4.0,0.998201,15.448504,14.506394
IPEDS:127741,University of Northern Colorado,127741,2024,2024,False,CO,0.758393,13.470329,0.845324,8.79346,9.781505,40.0,13.470329,0.0,3.0,0.859712,11.891369,11.95341
IPEDS:128771,Central Connecticut State University,128771,2024,2024,False,CT,0.770983,13.519842,0.567746,7.934872,9.831015,40.0,13.519842,0.0,4.0,0.678657,10.614057,11.887718
IPEDS:129020,University of Connecticut,129020,2024,2024,False,CT,0.959233,14.884317,0.968225,10.046982,11.100142,44.0,14.884317,0.0,4.0,0.961631,14.048082,14.10484
IPEDS:129242,Fairfield University,129242,2024,2024,False,CT,0.864508,13.979955,0.858513,8.875706,10.369068,37.0,13.979955,0.0,4.0,0.853118,11.814503,11.982517
IPEDS:129525,University of Hartford,129525,2024,2024,False,CT,0.583933,12.970803,0.556954,7.917536,9.142266,46.0,12.970803,0.0,3.0,0.577938,10.122703,11.292865
IPEDS:129941,University of New Haven,129941,2024,2024,False,CT,0.741007,13.428995,0.827338,8.692826,9.873697,35.0,13.428995,0.0,3.0,0.672062,10.584562,11.51999
IPEDS:130226,Quinnipiac University,130226,2024,2024,False,CT,0.856115,13.953956,0.031175,6.395262,10.316402,38.0,13.953956,0.0,4.0,0.868705,12.010252,12.371468
IPEDS:130253,Sacred Heart University,130253,2024,2024,False,CT,0.816547,13.712044,0.859712,8.891374,10.023208,40.0,13.712044,0.0,4.0,0.878897,12.209791,11.566495
IPEDS:130794,Yale University,130794,2024,2024,False,CT,0.931055,14.436445,0.909472,9.243969,11.035263,30.0,14.436445,0.0,5.0,0.956235,13.821104,12.321221
IPEDS:130934,Delaware State University,130934,2024,2024,False,DE,0.658273,13.18434,0.824341,8.683893,9.658042,34.0,13.18434,0.0,4.0,0.823741,11.551059,12.00188
IPEDS:130943,University of Delaware,130943,2024,2024,False,DE,0.88789,14.128292,0.874101,9.012986,10.5174,37.0,14.128292,0.0,4.0,0.913669,12.729232,12.463726
IPEDS:131469,George Washington University,131469,2024,2024,False,DC,0.931655,14.437488,0.888489,9.08557,10.82659,37.0,14.437488,0.0,4.0,0.888489,12.313751,12.34409
IPEDS:131496,Georgetown University,131496,2024,2024,False,DC,0.905875,14.265934,0.892086,9.105424,10.528291,42.0,14.653182,742003.0,5.0,0.927458,12.957552,13.356076
IPEDS:131496,Georgetown College,156745,2024,2024,False,KY,0.951439,14.730181,0.166667,7.134891,,,14.730181,0.0,2.0,0.52458,9.898827,11.128013
IPEDS:132602,Bethune-Cookman University,132602,2024,2024,False,FL,0.827338,13.780413,0.899281,9.182558,9.90926,48.0,13.780413,0.0,4.0,0.870504,12.055767,12.038535
IPEDS:132903,College of Central Florida,132851,2024,2024,False,FL,0.3747,12.437454,0.077938,6.785588,9.179457,26.0,12.437454,0.0,1.0,0.061151,0.0,11.007734
IPEDS:132903,University of Central Florida,132903,2024,2024,False,FL,0.965228,14.951442,0.966427,9.995337,11.213785,42.0,14.951442,0.0,4.0,0.964628,14.161374,13.986792
IPEDS:133650,Florida Agricultural and Mechanical University,133650,2024,2024,False,FL,0.753597,13.463124,0.852518,8.82556,9.82559,38.0,13.288493,-112645.0,4.0,0.251799,7.718685,12.134727
IPEDS:133669,Florida Atlantic University,133669,2024,2024,False,FL,0.933453,14.449692,0.945444,9.64795,10.760834,40.0,14.449692,0.0,4.0,0.940647,13.332028,12.936287
IPEDS:133951,Florida International University,133951,2024,2024,False,FL,0.883693,14.116326,0.898082,9.181323,10.427475,40.0,14.116326,0.0,4.0,0.919664,12.863302,12.935166
IPEDS:134097,Florida State University,134097,2024,2024,False,FL,0.989209,15.495778,0.993405,10.687161,11.782213,41.0,15.601699,599676.0,4.0,0.978417,14.673278,14.328519
IPEDS:134130,University of Florida,134130,2024,2024,False,FL,0.994005,15.737014,0.9994,11.016266,12.1535,36.0,15.234592,-2697898.0,4.0,0.993405,15.076418,14.572182
IPEDS:134945,Jacksonville University,134945,2024,2024,False,FL,0.925659,14.384069,0.918465,9.341544,10.773171,37.0,14.384069,0.0,4.0,0.829736,11.617772,11.987245
IPEDS:135726,University of Miami,135726,2024,2024,False,FL,0.990408,15.585567,0.979017,10.174087,12.030225,35.0,15.585567,0.0,4.0,0.9994,15.537629,14.787889
IPEDS:136172,University of North Florida,136172,2024,2024,False,FL,0.847122,13.896426,0.856715,8.861634,10.158794,42.0,13.896426,0.0,4.0,0.796163,11.345772,11.847102
IPEDS:137351,University of South Florida,137351,2024,2024,False,FL,0.942446,14.580361,0.923261,9.379492,10.773719,45.0,14.580361,0.0,4.0,0.976619,14.621989,13.483227
IPEDS:137546,Stetson University,137546,2024,2024,False,FL,0.947842,14.649891,0.926259,9.443434,10.961029,40.0,14.649891,0.0,4.0,0.904077,12.565829,11.83175
IPEDS:139755,Georgia Institute of Technology-Main Campus,139755,2024,2024,False,GA,0.974221,15.144749,0.977218,10.168118,11.431188,41.0,14.150763,-2379871.0,4.0,0.983213,14.761137,13.920346
IPEDS:139931,Georgia Southern University,139931,2024,2024,False,GA,0.910072,14.297361,0.877698,9.026658,10.385368,50.0,14.297361,0.0,4.0,0.920863,12.864137,12.448419
IPEDS:139940,Georgia State University,139940,2024,2024,False,GA,0.906475,14.268478,0.875899,9.024974,10.530834,42.0,14.268478,0.0,4.0,0.929257,13.027464,12.610971
IPEDS:139959,University of Georgia,139959,2024,2024,False,GA,0.986211,15.438588,0.979616,10.183314,11.468306,53.0,16.079799,4555613.0,4.0,0.997602,15.43871,14.800137
IPEDS:140447,Mercer University,140447,2024,2024,False,GA,0.916667,14.345577,0.871703,8.969923,10.495456,47.0,14.345577,0.0,4.0,0.914269,12.746276,12.05945
IPEDS:141334,University of West Georgia,141334,2024,2024,False,GA,0.709233,13.329989,0.770384,8.446771,9.568857,43.0,13.329989,0.0,4.0,0.803357,11.383352,11.589303
IPEDS:141574,University of Hawaii at Manoa,141574,2024,2024,False,HI,0.95024,14.699305,0.949041,9.715711,11.010442,40.0,14.397375,-630693.0,6.0,0.930456,13.113783,12.41921
IPEDS:143358,Bradley University,143358,2024,2024,False,IL,0.889688,14.135747,0.893885,9.125109,10.552254,36.0,14.162046,36706.0,4.0,0.85012,11.786176,12.454592
IPEDS:144892,Eastern Illinois University,144892,2024,2024,False,IL,0.814748,13.699227,0.815348,8.645235,9.9857,41.0,13.699227,0.0,5.0,0.860911,11.919237,11.620227
IPEDS:145600,University of Illinois Chicago,145600,2024,2024,False,IL,0.866906,13.989873,0.872902,8.981933,10.378985,37.0,13.989873,0.0,4.0,0.897482,12.458068,12.052642
IPEDS:145637,University of Illinois Urbana-Champaign,145637,2024,2024,False,IL,0.963429,14.935613,0.958034,9.84517,11.324707,37.0,13.397676,-2406698.0,5.0,0.988609,14.860447,14.443405
IPEDS:145637,Illinois College,145691,2024,2024,False,IL,0.335132,12.344699,0.381295,7.594884,8.473703,48.0,12.344699,0.0,2.0,0.728417,10.936761,10.930461
IPEDS:145813,Illinois State University,145813,2024,2024,False,IL,0.874101,14.024838,0.88729,9.07658,10.361307,39.0,14.024838,0.0,5.0,0.867506,12.004923,12.374507
IPEDS:147703,Northern Illinois University,147703,2024,2024,False,IL,0.860911,13.970153,0.891487,9.104869,10.306624,39.0,13.970153,0.0,3.0,0.91247,12.722524,12.327144
IPEDS:147767,Northwestern University,147767,2024,2024,False,IL,0.960432,14.899564,0.943046,9.622649,11.344228,35.0,13.898967,-1869603.0,4.0,0.968225,14.368985,13.880973
IPEDS:147767,Northwestern College,154101,2024,2024,False,IA,0.686451,13.257562,0.273981,7.38709,9.197218,58.0,13.310848,31327.0,4.0,0.534772,9.93842,10.944612
IPEDS:149222,Southern Illinois University-Carbondale,149222,2024,2024,False,IL,0.85012,13.917077,0.865108,8.929435,10.36176,35.0,13.917077,0.0,4.0,0.896283,12.432228,12.394177
IPEDS:149231,Southern Illinois University-Edwardsville,149231,2024,2024,False,IL,0.761391,13.489933,0.794365,8.520986,9.963618,34.0,13.489933,0.0,4.0,0.782374,11.22256,11.580322
IPEDS:149772,Western Illinois University,149772,2024,2024,False,IL,0.748801,13.448924,0.109113,6.929517,9.952462,33.0,13.448924,0.0,4.0,0.818945,11.527913,11.687164
IPEDS:150136,Ball State University,150136,2024,2024,False,IN,0.907674,14.277912,0.932854,9.505767,10.722585,35.0,14.277912,0.0,3.0,0.896882,12.44124,12.547284
IPEDS:150163,Butler University,150163,2024,2024,False,IN,0.896283,14.197183,0.920863,9.353748,10.483638,41.0,14.207276,14858.0,4.0,0.904676,12.571042,13.096448
IPEDS:150534,University of Evansville,150534,2024,2024,False,IN,0.884892,14.120881,0.860911,8.897409,10.537388,36.0,14.120881,0.0,5.0,0.841127,11.710727,11.731579
IPEDS:151102,Purdue University Fort Wayne,151102,2024,2024,False,IN,0.703837,13.309684,0.815947,8.647871,9.698826,37.0,13.309684,0.0,4.0,0.858513,11.876756,11.271503
IPEDS:151306,University of Southern Indiana,151306,2024,2024,False,IN,0.779976,13.554137,0.829137,8.7093,9.747531,45.0,13.554137,0.0,4.0,0.814149,11.472988,11.445011
IPEDS:151324,Indiana State University,151324,2024,2024,False,IN,0.91307,14.316303,0.940048,9.573455,10.602756,41.0,14.316303,0.0,4.0,0.910671,12.697006,12.487198
IPEDS:151351,Indiana University-Bloomington,151351,2024,2024,False,IN,0.973022,15.129647,0.97482,10.124709,11.301018,46.0,15.129647,0.0,4.0,0.979616,14.680439,14.068462
IPEDS:152080,University of Notre Dame,152080,2024,2024,False,IN,0.969424,15.047048,0.959832,9.935277,11.196914,47.0,15.047048,0.0,4.0,0.991607,15.007314,14.130987
IPEDS:152600,Valparaiso University,152600,2024,2024,False,IN,0.88729,14.127495,0.882494,9.042632,10.544001,36.0,14.138476,15084.0,4.0,0.869904,12.038186,12.099701
IPEDS:153658,University of Iowa,153658,2024,2024,False,IA,0.966427,14.992509,0.963429,9.973713,11.163882,46.0,13.108563,-2751474.0,4.0,0.965827,14.204127,14.633204
IPEDS:155317,University of Kansas,155317,2024,2024,False,KS,0.978417,15.218862,0.990408,10.48355,11.481203,42.0,14.947057,-968367.0,4.0,0.969424,14.375866,13.699414
IPEDS:155399,Kansas State University,155399,2024,2024,False,KS,0.96223,14.914384,0.955036,9.80615,11.250835,39.0,14.75843,-433317.0,4.0,0.964029,14.139793,14.347756
IPEDS:156125,Wichita State University,156125,2024,2024,False,KS,0.964029,14.944361,0.994604,10.791955,11.137713,45.0,14.944361,0.0,4.0,0.890887,12.34798,12.829411
IPEDS:156286,Bellarmine University,156286,2024,2024,False,KY,0.815947,13.705587,0.911271,9.265491,9.967964,42.0,13.705587,0.0,4.0,0.810552,11.449858,11.579883
IPEDS:156620,Eastern Kentucky University,156620,2024,2024,False,KY,0.897482,14.203782,0.88789,9.078065,10.375171,46.0,14.203782,0.0,4.0,0.881894,12.236679,12.100912
IPEDS:157085,University of Kentucky,157085,2024,2024,False,KY,0.985012,15.417633,0.984412,10.327644,11.610979,45.0,15.417633,0.0,4.0,0.98741,14.84185,14.901572
IPEDS:157289,University of Louisville,157289,2024,2024,False,KY,0.988609,15.490026,0.981415,10.236884,11.705844,44.0,15.490026,0.0,4.0,0.97542,14.592907,14.276015
IPEDS:157386,Morehead State University,157386,2024,2024,False,KY,0.901079,14.222258,0.863909,8.924789,10.558721,39.0,14.222258,0.0,3.0,0.84952,11.783021,11.758284
IPEDS:157401,Murray State University,157401,2024,2024,False,KY,0.805755,13.662485,0.889089,9.096163,9.973651,40.0,13.714598,45904.0,4.0,0.892686,12.370883,12.239145
IPEDS:157401,Murray State College,207236,2024,2024,False,OK,0.427458,12.564967,0.16307,7.128496,8.758458,45.0,12.625976,18014.0,4.0,0.383693,9.105091,10.672971
IPEDS:157447,Northern Kentucky University,157447,2024,2024,False,KY,0.834532,13.810905,0.870504,8.955964,10.122065,40.0,13.810905,0.0,3.0,0.778777,11.191494,12.057468
IPEDS:157951,Western Kentucky University,157951,2024,2024,False,KY,0.92446,14.379284,0.851918,8.824825,10.550668,46.0,14.379284,0.0,4.0,0.928058,13.022709,13.04491
IPEDS:159009,Grambling State University,159009,2024,2024,False,LA,0.727818,13.377415,0.77458,8.459776,9.688596,40.0,14.133435,729009.0,2.0,0.835731,11.677626,12.387452
IPEDS:159391,Louisiana State University and Agricultural & Mechanical College,159391,2024,2024,False,LA,0.998801,16.117043,0.997002,10.914361,12.332858,44.0,15.897592,-1968332.0,4.0,0.995803,15.224025,14.721996
IPEDS:159647,Louisiana Tech University,159647,2024,2024,False,LA,0.943046,14.580537,0.961631,9.949082,10.891676,40.0,14.580537,0.0,4.0,0.929856,13.086396,12.878729
IPEDS:159717,McNeese State University,159717,2024,2024,False,LA,0.831535,13.795291,0.86211,8.904494,10.081759,41.0,13.796557,1242.0,4.0,0.89988,12.481308,12.475275
IPEDS:159939,University of New Orleans,159939,2024,2024,False,LA,0.826139,13.774849,0.11271,6.940222,10.061319,41.0,14.363348,769354.0,5.0,0.681055,10.646876,11.149859
IPEDS:159966,Nicholls State University,159966,2024,2024,False,LA,0.856715,13.956493,0.908273,9.240773,10.12789,46.0,13.995265,45520.0,4.0,0.692446,10.733981,11.899208
IPEDS:159993,University of Louisiana at Monroe,159993,2024,2024,False,LA,0.863909,13.979722,0.853118,8.83681,10.151118,46.0,13.979722,0.0,4.0,0.903477,12.533479,12.739676
IPEDS:160038,Northwestern State University of Louisiana,160038,2024,2024,False,LA,0.809952,13.6822,0.842326,8.768419,9.968673,41.0,13.898487,211323.0,4.0,0.854916,11.841654,11.784219
IPEDS:160612,Southeastern Louisiana University,160612,2024,2024,False,LA,0.92506,14.38311,0.8747,9.015663,10.598945,44.0,14.38311,0.0,4.0,0.785971,11.239146,11.996844
IPEDS:160621,Southern University and A & M College,160621,2024,2024,False,LA,0.729616,13.380219,0.792566,8.517993,9.530143,47.0,12.77407,-294130.0,4.0,0.726619,10.924499,11.725954
IPEDS:160658,University of Louisiana at Lafayette,160658,2024,2024,False,LA,0.973621,15.133217,0.985012,10.329343,11.444348,40.0,15.133217,0.0,4.0,0.935851,13.198014,13.072006
IPEDS:160755,Tulane University of Louisiana,160755,2024,2024,False,LA,0.967026,14.994617,0.977818,10.168617,11.305749,40.0,15.470624,1982208.0,4.0,0.956835,13.857822,13.707432
IPEDS:161253,University of Maine,161253,2024,2024,False,ME,0.884293,14.120035,0.923861,9.383789,10.456501,39.0,14.120035,0.0,3.0,0.914868,12.77675,12.170901
IPEDS:162283,Coppin State University,162283,2024,2024,False,MD,0.468825,12.660261,0.592326,7.979339,9.105021,35.0,12.660261,0.0,4.0,0.260192,7.824446,11.63578
IPEDS:163268,University of Maryland-Baltimore County,163268,2024,2024,False,MD,0.83693,13.820496,0.781775,8.482809,10.237012,36.0,13.820496,0.0,4.0,0.822542,11.549354,11.94943
IPEDS:163286,University of Maryland-College Park,163286,2024,2024,False,MD,0.958034,14.863957,0.96283,9.966415,11.226384,38.0,13.313015,-2248197.0,4.0,0.980815,14.699207,14.280497
IPEDS:163338,University of Maryland Eastern Shore,163338,2024,2024,False,MD,0.754796,13.465654,0.805156,8.587652,9.704513,43.0,13.474131,6000.0,3.0,0.597722,10.220486,11.772509
IPEDS:163462,Mount St. Mary's University,163462,2024,2024,False,MD,0.820743,13.732885,0.836331,8.735847,9.92627,45.0,13.732885,0.0,5.0,0.832734,11.659007,11.471926
IPEDS:164076,Towson University,164076,2024,2024,False,MD,0.804556,13.660221,0.808753,8.605021,9.89907,43.0,13.660221,0.0,3.0,0.893885,12.385235,12.504439
IPEDS:164924,Boston College,164924,2024,2024,False,MA,0.977818,15.20163,0.986811,10.368007,11.373,46.0,15.20163,0.0,5.0,0.966427,14.33493,13.741606
IPEDS:166027,Harvard University,166027,2024,2024,False,MA,0.809353,13.680278,0.910671,9.261414,10.279114,30.0,13.680278,0.0,4.0,0.961031,14.012885,12.262935
IPEDS:166124,College of the Holy Cross,166124,2024,2024,False,MA,0.642086,13.144131,0.830935,8.71506,9.506617,38.0,13.144131,0.0,4.0,0.925659,12.943031,11.912158
IPEDS:166513,University of Massachusetts-Lowell,166513,2024,2024,False,MA,0.86271,13.977154,0.892686,9.110078,10.288308,40.0,13.977154,0.0,4.0,0.894484,12.385415,12.359828
IPEDS:166629,University of Massachusetts-Amherst,166629,2024,2024,False,MA,0.680456,13.245918,0.863309,8.913147,9.69063,35.0,13.245918,0.0,3.0,0.948441,13.520177,13.138839
IPEDS:166850,Merrimack College,166850,2024,2024,False,MA,0.842326,13.86398,0.907674,9.230927,10.175137,40.0,13.86398,0.0,3.0,0.911871,12.714792,11.795303
IPEDS:167358,Northeastern University,167358,2024,2024,False,MA,0.946643,14.613961,0.944245,9.64711,10.82979,44.0,14.613961,0.0,4.0,0.891487,12.348444,12.519254
IPEDS:167996,Stonehill College,167996,2024,2024,False,MA,0.782374,13.560465,0.844724,8.782169,9.922926,38.0,13.560465,0.0,4.0,0.844724,11.761713,11.522826
IPEDS:169248,Central Michigan University,169248,2024,2024,False,MI,0.910671,14.304982,0.878297,9.027499,10.616127,40.0,14.304982,0.0,4.0,0.928657,13.026451,12.900811
IPEDS:169798,Eastern Michigan University,169798,2024,2024,False,MI,0.870504,14.009309,0.871103,8.962648,10.248143,43.0,14.009309,0.0,4.0,0.94964,13.582242,12.624924
IPEDS:170976,University of Michigan-Ann Arbor,170976,2024,2024,False,MI,0.976019,15.168642,0.976019,10.157122,11.430983,42.0,13.545882,-3105861.0,5.0,0.990408,14.902707,14.384824
IPEDS:171100,Michigan State University,171100,2024,2024,False,MI,0.955635,14.832726,0.964628,9.984468,11.119169,41.0,14.832726,0.0,4.0,0.979017,14.679992,13.933518
IPEDS:171571,Oakland University,171571,2024,2024,False,MI,0.817146,13.71224,0.90048,9.185843,10.15693,35.0,13.71224,0.0,5.0,0.833333,11.659603,11.880183
IPEDS:172699,Western Michigan University,172699,2024,2024,False,MI,0.838129,13.822048,0.898681,9.182044,10.238564,36.0,13.822048,0.0,3.0,0.947842,13.50722,12.675889
IPEDS:174066,University of Minnesota-Twin Cities,174066,2024,2024,False,MN,0.952638,14.756205,0.976619,10.166159,11.092659,39.0,13.147036,-2049271.0,4.0,0.984412,14.785167,14.111502
IPEDS:174914,St. Thomas University,137476,2024,2024,False,FL,0.792566,13.604829,0.682254,8.183956,9.891306,41.0,13.711721,91383.0,6.0,0.780576,11.207269,10.895461
IPEDS:174914,University of St Thomas,174914,2024,2024,False,MN,0.848921,13.912762,0.850719,8.820552,10.386432,34.0,13.912762,0.0,4.0,0.857314,11.85146,11.994685
IPEDS:174914,University of St Thomas,227863,2024,2024,False,TX,0.517986,12.7806,0.772182,8.449771,8.773418,55.0,12.7806,0.0,4.0,0.290767,8.227376,10.93669
IPEDS:175342,Alcorn State University,175342,2024,2024,False,MS,0.644484,13.148035,0.685252,8.190909,9.592753,35.0,13.148035,0.0,2.0,0.742806,11.006274,11.661354
IPEDS:175856,Jackson State University,175856,2024,2024,False,MS,0.697242,13.28539,0.408273,7.643962,9.701931,36.0,13.28539,0.0,3.0,0.792566,11.295254,12.067184
IPEDS:176017,University of Mississippi,176017,2024,2024,False,MS,0.997002,16.0265,0.998201,10.990584,12.265304,43.0,16.136562,1061643.0,4.0,0.986211,14.795292,14.925921
IPEDS:176017,Mississippi College,176053,2024,2024,False,MS,0.695444,13.283834,0.693645,8.21094,9.595021,40.0,13.283834,0.0,4.0,0.535372,9.938758,11.012314
IPEDS:176044,Mississippi Valley State University,176044,2024,2024,False,MS,0.356115,12.393415,0.452638,7.724888,8.838208,35.0,12.393415,0.0,2.0,0.702638,10.799371,11.286213
IPEDS:176080,Mississippi State University,176080,2024,2024,False,MS,0.992806,15.697248,0.980815,10.231387,11.890592,45.0,15.697248,0.0,4.0,0.967026,14.340604,14.347018
IPEDS:176372,University of Southern Mississippi,176372,2024,2024,False,MS,0.930456,14.434704,0.917866,9.330254,10.745846,40.0,14.434704,0.0,6.0,0.917266,12.813678,12.622174
IPEDS:177968,Lindenwood University,177968,2024,2024,False,MO,0.751799,13.454749,0.799161,8.558143,9.843882,37.0,13.454749,0.0,3.0,0.866906,12.001125,11.484937
IPEDS:178396,University of Missouri-Columbia,178396,2024,2024,False,MO,0.983813,15.369627,0.969424,10.055307,11.585446,44.0,15.369627,0.0,4.0,0.982014,14.742186,14.598252
IPEDS:179159,Saint Louis University,179159,2024,2024,False,MO,0.917266,14.348594,0.922662,9.369734,10.610948,42.0,14.348594,0.0,4.0,0.898681,12.479932,13.393285
IPEDS:179557,Southeast Missouri State University,179557,2024,2024,False,MO,0.817746,13.716097,0.865707,8.9334,10.078551,38.0,13.716097,0.0,4.0,0.843525,11.733233,12.114829
IPEDS:179566,Missouri State University-Springfield,179566,2024,2024,False,MO,0.929257,14.417278,0.940647,9.579625,11.016097,30.0,14.417278,0.0,4.0,0.926859,12.953893,12.426521
IPEDS:181002,Creighton University,181002,2024,2024,False,NE,0.940647,14.553101,0.946643,9.663071,10.864241,40.0,14.234448,-570547.0,4.0,0.93705,13.214322,13.573992
IPEDS:181394,University of Nebraska at Omaha,181394,2024,2024,False,NE,0.847722,13.901937,0.878897,9.028459,10.291052,37.0,12.619413,-787899.0,5.0,0.872902,12.117891,11.857862
IPEDS:181464,University of Nebraska-Lincoln,181464,2024,2024,False,NE,0.979616,15.238163,0.97542,10.138402,11.388026,47.0,14.576069,-2008637.0,4.0,0.98801,14.856657,14.263731
IPEDS:182281,University of Nevada-Las Vegas,182281,2024,2024,False,NV,0.904077,14.250525,0.904676,9.211739,10.639631,37.0,14.250525,0.0,4.0,0.958633,13.900668,13.124409
IPEDS:182290,University of Nevada-Reno,182290,2024,2024,False,NV,0.946043,14.607196,0.960432,9.939048,10.918335,40.0,14.607196,0.0,3.0,0.947242,13.493846,13.11678
IPEDS:182670,Dartmouth College,182670,2024,2024,False,NH,0.788969,13.589818,0.895683,9.165238,10.09335,33.0,13.589819,1.0,4.0,0.954436,13.787238,11.956412
IPEDS:184603,Fairleigh Dickinson University-Metropolitan Campus,184603,2024,2024,False,NJ,0.788369,13.585208,0.82494,8.687442,9.974335,37.0,13.585208,0.0,4.0,0.814748,11.482322,11.371247
IPEDS:185572,Monmouth College,147341,2024,2024,False,IL,0.157074,11.76749,0.185851,7.196687,8.104223,39.0,11.76749,0.0,3.0,0.651679,10.469994,10.777121
IPEDS:185572,Monmouth University,185572,2024,2024,False,NJ,0.891487,14.153394,0.855516,8.852808,10.464542,40.0,14.153394,0.0,3.0,0.901679,12.518764,12.104322
IPEDS:185828,New Jersey Institute of Technology,185828,2024,2024,False,NJ,0.904676,14.257793,0.916067,9.308465,10.674297,36.0,14.30957,82700.0,4.0,0.839928,11.699629,11.779251
IPEDS:186131,Princeton University,186131,2024,2024,False,NJ,0.789568,13.591523,0.902278,9.192787,10.224262,29.0,13.591523,0.0,4.0,0.96283,14.068205,12.371146
IPEDS:186283,Rider University,186283,2024,2024,False,NJ,0.794365,13.609818,0.793165,8.518592,10.208656,30.0,13.609818,0.0,2.0,0.768585,11.127778,12.054307
IPEDS:186380,Rutgers University-New Brunswick,186380,2024,2024,False,NJ,0.970624,15.068256,0.965827,9.993374,11.484747,36.0,15.068256,0.0,4.0,0.986811,14.833263,14.174884
IPEDS:186432,Saint Peter's University,186432,2024,2024,False,NJ,0.584532,12.975597,0.690647,8.206038,9.312124,39.0,12.975597,0.0,4.0,0.670863,10.58081,12.046015
IPEDS:186584,Seton Hall University,186584,2024,2024,False,NJ,0.923861,14.377253,0.927458,9.446045,10.688395,40.0,14.377253,0.0,5.0,0.899281,12.480346,13.119666
IPEDS:187985,University of New Mexico-Main Campus,187985,2024,2024,False,NM,0.911871,14.309777,0.867506,8.944942,10.646239,39.0,14.309777,0.0,3.0,0.943645,13.423755,12.919059
IPEDS:188030,New Mexico State University-Main Campus,188030,2024,2024,False,NM,0.896882,14.197939,0.91247,9.277251,10.509086,40.0,14.197939,0.0,3.0,0.934652,13.182988,12.465008
IPEDS:189705,Canisius University,189705,2024,2024,False,NY,0.786571,13.57889,0.844125,8.775086,9.794755,44.0,13.57889,0.0,3.0,0.860312,11.901611,11.516678
IPEDS:190150,Columbia College,177065,2024,2024,False,MO,0.66307,13.199676,0.360911,7.553287,9.438554,43.0,13.199676,0.0,4.0,0.365707,8.936561,11.022131
IPEDS:190150,Columbia University in the City of New York,190150,2024,2024,False,NY,0.854916,13.947217,0.911871,9.271341,10.309663,38.0,13.947217,0.0,4.0,0.955635,13.800458,12.332908
IPEDS:190415,Cornell College,153162,2024,2024,False,IA,0.497602,12.719372,0.321942,7.470224,8.415526,74.0,12.859403,50227.0,4.0,0.709233,10.826913,11.157878
IPEDS:190415,Cornell University,190415,2024,2024,False,NY,0.793165,13.608559,0.790767,8.510974,10.025083,36.0,13.608559,0.0,4.0,0.958034,13.895456,12.204807
IPEDS:191241,Fordham University,191241,2024,2024,False,NY,0.926859,14.40674,0.910072,9.259226,10.69319,41.0,14.40674,0.0,3.0,0.944844,13.439785,12.686296
IPEDS:191649,Hofstra University,191649,2024,2024,False,NY,0.908873,14.279949,0.884892,9.057189,10.724622,35.0,14.279949,0.0,4.0,0.853717,11.828962,12.368668
IPEDS:191931,Iona University,191931,2024,2024,False,NY,0.806954,13.667775,0.805755,8.589142,10.004257,39.0,13.667775,0.0,4.0,0.889089,12.323962,12.090151
IPEDS:192323,Le Moyne College,192323,2024,2024,False,NY,0.758993,13.471183,0.890887,9.104758,10.103927,29.0,13.490487,13813.0,4.0,0.72542,10.921125,11.075412
IPEDS:192448,Long Island University,192448,2024,2024,False,NY,0.865108,13.980705,0.859113,8.883363,10.267166,41.0,13.980705,0.0,4.0,0.935252,13.195071,11.708706
IPEDS:192703,Manhattan College,192703,2024,2024,False,NY,0.881295,14.09425,0.841727,8.764522,10.333082,43.0,14.09425,0.0,5.0,0.838729,11.693746,11.558415
IPEDS:192819,Marist College,192819,2024,2024,False,NY,0.869305,14.001481,0.880096,9.035868,10.337951,39.0,14.001481,0.0,5.0,0.902878,12.523984,11.951793
IPEDS:193973,Niagara University,193973,2024,2024,False,NY,0.775779,13.529608,0.847722,8.801469,9.974305,35.0,13.529608,0.0,2.0,0.851918,11.805102,11.889943
IPEDS:195164,St Bonaventure University,195164,2024,2024,False,NY,0.797962,13.627636,0.861511,8.898775,9.938804,40.0,13.627636,0.0,2.0,0.880096,12.21344,12.89085
IPEDS:195474,Siena College,195474,2024,2024,False,NY,0.865707,13.983222,0.840528,8.756525,10.176596,45.0,13.983222,0.0,4.0,0.871103,12.06011,11.70471
IPEDS:195809,St. John's University-New York,195809,2024,2024,False,NY,0.920863,14.36246,0.934652,9.521934,10.648911,41.0,14.36246,0.0,4.0,0.908273,12.647966,13.302741
IPEDS:196060,University at Albany,196060,2024,2024,False,NY,0.78717,13.5839,0.798561,8.556798,10.087433,33.0,13.543249,-31600.0,4.0,0.886691,12.302387,12.350251
IPEDS:196079,Binghamton University,196079,2024,2024,False,NY,0.855516,13.9516,0.886091,9.074062,10.425268,34.0,14.443915,728834.0,4.0,0.818345,11.523925,11.821454
IPEDS:196097,Stony Brook University,196097,2024,2024,False,NY,0.920264,14.359949,0.905276,9.215527,10.598774,43.0,14.359949,0.0,4.0,0.906475,12.598125,12.554802
IPEDS:197197,Wagner College,197197,2024,2024,False,NY,0.8747,14.02973,0.84952,8.812695,10.292093,42.0,14.02973,0.0,4.0,0.866307,11.999737,11.511064
IPEDS:197869,Appalachian State University,197869,2024,2024,False,NC,0.913669,14.319286,0.943645,9.622715,10.681722,38.0,14.319286,0.0,4.0,0.939448,13.320831,12.841877
IPEDS:198136,Campbell University,198136,2024,2024,False,NC,0.927458,14.407522,0.952038,9.727228,10.718664,40.0,14.407522,0.0,3.0,0.916067,12.790119,12.182906
IPEDS:198385,Davidson College,198385,2024,2024,False,NC,0.873501,14.023392,0.748201,8.363576,10.334544,40.0,13.990227,-40158.0,5.0,0.907074,12.609873,11.851267
IPEDS:198419,Duke University,198419,2024,2024,False,NC,0.979017,15.237344,0.932254,9.490167,11.523781,41.0,14.769772,-1547961.0,4.0,0.992806,15.052897,13.781876
IPEDS:198464,East Carolina University,198464,2024,2024,False,NC,0.970024,15.06497,0.982614,10.258887,11.376102,40.0,15.068045,10745.0,4.0,0.952638,13.689149,13.864517
IPEDS:198516,Elon University,198516,2024,2024,False,NC,0.919664,14.359413,0.883094,9.044404,10.721849,38.0,14.359413,0.0,4.0,0.905276,12.590981,12.294532
IPEDS:198561,Gardner-Webb University,198561,2024,2024,False,NC,0.755396,13.466224,0.448441,7.717796,9.705083,43.0,13.466224,0.0,7.0,0.811751,11.464239,11.48979
IPEDS:198695,High Point University,198695,2024,2024,False,NC,0.888489,14.132985,0.817146,8.653122,10.181778,52.0,14.428823,472884.0,3.0,0.911271,12.709659,12.231589
IPEDS:199102,North Carolina A & T State University,199102,2024,2024,False,NC,0.868106,13.990572,0.8753,9.017241,10.379684,37.0,13.990572,0.0,3.0,0.892086,12.35141,12.309698
IPEDS:199111,University of North Carolina Asheville,199111,2024,2024,False,NC,0.79976,13.641241,0.903477,9.203014,10.003698,38.0,13.641241,0.0,4.0,0.714029,10.85769,11.261061
IPEDS:199120,University of North Carolina at Chapel Hill,199120,2024,2024,False,NC,0.984412,15.378223,0.985612,10.360754,11.486412,49.0,14.858756,-1933331.0,4.0,0.977818,14.662336,13.755744
IPEDS:199139,University of North Carolina at Charlotte,199139,2024,2024,False,NC,0.947242,14.63042,0.970624,10.085767,10.966876,39.0,14.63042,0.0,4.0,0.955036,13.788781,12.862595
IPEDS:199148,University of North Carolina at Greensboro,199148,2024,2024,False,NC,0.868705,13.995531,0.857914,8.874868,10.306684,40.0,13.995531,0.0,4.0,0.863309,11.932261,12.004856
IPEDS:199193,North Carolina State University at Raleigh,199193,2024,2024,False,NC,0.980815,15.29041,0.970024,10.06335,11.626857,39.0,14.209489,-2887727.0,4.0,0.980216,14.688194,14.1102
IPEDS:199218,University of North Carolina Wilmington,199218,2024,2024,False,NC,0.881894,14.107322,0.908873,9.243775,10.418471,40.0,14.107322,0.0,4.0,0.844125,11.755691,12.07729
IPEDS:199412,Queens University of Charlotte,199412,2024,2024,False,NC,0.877698,14.052274,0.942446,9.62192,10.496953,35.0,14.052274,0.0,5.0,0.842326,11.72614,11.123225
IPEDS:199847,Wake Forest University,199847,2024,2024,False,NC,0.985612,15.419207,0.982014,10.255939,11.730335,40.0,15.419207,0.0,4.0,0.963429,14.087551,14.191173
IPEDS:200004,Western Carolina University,200004,2024,2024,False,NC,0.777578,13.541229,0.778777,8.470102,9.852401,40.0,13.541229,0.0,5.0,0.857914,11.864659,12.240175
IPEDS:200332,North Dakota State University-Main Campus,200332,2024,2024,False,ND,0.857914,13.960507,0.917266,9.326166,10.296979,39.0,13.960507,0.0,4.0,0.908873,12.664339,12.247867
IPEDS:200800,University of Akron Main Campus,200800,2024,2024,False,OH,0.808753,13.675784,0.832734,8.72567,10.120475,35.0,13.675784,0.0,5.0,0.931055,13.12978,12.907114
IPEDS:201441,Bowling Green State University-Main Campus,201441,2024,2024,False,OH,0.811151,13.687844,0.864508,8.927314,10.104365,36.0,13.687844,0.0,3.0,0.941247,13.34279,12.293548
IPEDS:201885,University of Cincinnati-Main Campus,201885,2024,2024,False,OH,0.961631,14.902232,0.965228,9.989986,11.164576,42.0,14.902232,0.0,4.0,0.953237,13.706024,12.364012
IPEDS:202480,University of Dayton,202480,2024,2024,False,OH,0.932854,14.447188,0.935851,9.529884,10.758329,40.0,14.070464,-590360.0,4.0,0.898082,12.461164,13.133442
IPEDS:203517,Kent State University at Kent,203517,2024,2024,False,OH,0.886091,14.12368,0.904077,9.208939,10.43483,40.0,14.12368,0.0,3.0,0.946043,13.475794,12.398019
IPEDS:204024,Miami University-Oxford,204024,2024,2024,False,OH,0.934053,14.451263,0.894484,9.127393,10.737712,41.0,14.451263,0.0,3.0,0.943046,13.384315,12.72801
IPEDS:204796,Ohio State University-Main Campus,204796,2024,2024,False,OH,0.976619,15.181123,0.971823,10.099917,11.492253,40.0,15.181123,0.0,4.0,0.991007,14.929067,14.093781
IPEDS:204857,Ohio University-Main Campus,204857,2024,2024,False,OH,0.848321,13.90906,0.832134,8.725507,10.325573,36.0,13.90906,0.0,4.0,0.941847,13.371268,12.714627
IPEDS:206084,University of Toledo,206084,2024,2024,False,OH,0.853717,13.940425,0.854916,8.850947,10.25158,40.0,13.940425,0.0,5.0,0.936451,13.209614,12.78705
IPEDS:206604,Wright State University-Main Campus,206604,2024,2024,False,OH,0.84952,13.915338,0.889688,9.09706,10.277785,38.0,13.915338,0.0,4.0,0.791367,11.287341,12.10461
IPEDS:206622,Xavier University,206622,2024,2024,False,OH,0.914868,14.32841,0.902878,9.202913,10.567235,43.0,14.32841,0.0,4.0,0.95024,13.634623,13.204971
IPEDS:206695,Youngstown State University,206695,2024,2024,False,OH,0.781175,13.557663,0.854317,8.844048,9.868834,40.0,13.557663,0.0,4.0,0.879496,12.213123,12.111234
IPEDS:207388,Oklahoma State University-Main Campus,207388,2024,2024,False,OK,0.982014,15.337735,0.991607,10.530548,11.648864,40.0,15.105777,-948649.0,4.0,0.968825,14.370822,14.419247
IPEDS:207500,University of Oklahoma-Norman Campus,207500,2024,2024,False,OK,0.991007,15.588174,0.98801,10.424541,11.899301,40.0,14.256691,-4331967.0,4.0,0.997002,15.412463,14.276363
IPEDS:207582,Oral Roberts University,207582,2024,2024,False,OK,0.928657,14.411794,0.950839,9.723463,10.748254,39.0,14.411794,0.0,4.0,0.874101,12.139308,11.882162
IPEDS:209542,Oregon State University,209542,2024,2024,False,OR,0.982614,15.35876,0.991007,10.512329,11.645196,41.0,15.35876,0.0,4.0,0.965228,14.189107,13.86085
IPEDS:209551,University of Oregon,209551,2024,2024,False,OR,0.98801,15.488626,0.989209,10.470703,11.727434,43.0,14.001274,-4124608.0,4.0,0.989209,14.865614,14.690756
IPEDS:209825,University of Portland,209825,2024,2024,False,OR,0.917866,14.350578,0.931055,9.479986,10.739682,37.0,14.350578,0.0,4.0,0.883693,12.262571,12.434765
IPEDS:211291,Bucknell University,211291,2024,2024,False,PA,0.797362,13.626776,0.838129,8.750049,10.043299,36.0,13.626776,0.0,4.0,0.923861,12.928308,11.833428
IPEDS:213385,Lafayette College,213385,2024,2024,False,PA,0.844125,13.870029,0.905875,9.226017,10.181187,40.0,13.870029,0.0,4.0,0.922662,12.913332,11.909518
IPEDS:213543,Lehigh University,213543,2024,2024,False,PA,0.860312,13.968362,0.818945,8.663542,10.207198,43.0,13.968362,0.0,4.0,0.926259,12.947381,11.826056
IPEDS:213987,Mercyhurst University,213987,2024,2024,False,PA,0.701439,13.299418,0.526379,7.861342,9.387477,50.0,13.299418,0.0,6.0,0.834532,11.668116,11.16849
IPEDS:214777,Pennsylvania State University-Main Campus,214777,2024,2024,False,PA,0.971223,15.075667,0.952638,9.729491,11.338009,42.0,13.637216,-2689276.0,4.0,0.995204,15.183273,14.078884
IPEDS:215062,University of Pennsylvania,215062,2024,2024,False,PA,0.78777,13.584229,0.901079,9.188606,9.973356,37.0,13.584229,0.0,4.0,0.949041,13.557918,12.251118
IPEDS:215293,University of Pittsburgh-Pittsburgh Campus,215293,2024,2024,False,PA,0.957434,14.855716,0.968825,10.05208,11.218142,38.0,14.855716,0.0,4.0,0.970624,14.423357,14.645001
IPEDS:215770,Saint Joseph's University,215770,2024,2024,False,PA,0.861511,13.970718,0.845923,8.799963,10.281872,40.0,13.970718,0.0,4.0,0.824341,11.5745,12.35344
IPEDS:216597,Villanova University,216597,2024,2024,False,PA,0.903477,14.246981,0.953837,9.736193,10.691655,35.0,14.246981,0.0,4.0,0.933453,13.154712,12.916345
IPEDS:217156,Brown University,217156,2024,2024,False,RI,0.790168,13.596759,0.907074,9.230829,10.195597,30.0,13.596759,0.0,4.0,0.951439,13.667739,12.202431
IPEDS:217165,Bryant University,217165,2024,2024,False,RI,0.902878,14.245824,0.915468,9.298626,10.55697,40.0,14.245824,0.0,4.0,0.901079,12.504253,11.688634
IPEDS:217484,Rhode Island College,217420,2024,2024,False,RI,0.347122,12.373999,0.577938,7.95015,8.710598,39.0,12.373999,0.0,4.0,0.263789,7.876259,11.078937
IPEDS:217484,University of Rhode Island,217484,2024,2024,False,RI,0.851319,13.922003,0.896283,9.167328,10.258476,39.0,13.910662,-12545.0,3.0,0.910072,12.68498,12.77052
IPEDS:217688,Charleston Southern University,217688,2024,2024,False,SC,0.829736,13.791284,0.784772,8.490849,9.962689,46.0,13.791284,0.0,3.0,0.868106,12.006224,11.616592
IPEDS:217819,College of Charleston,217819,2024,2024,False,SC,0.918465,14.354882,0.767986,8.430327,10.403668,52.0,14.354882,0.0,4.0,0.884293,12.268611,12.200341
IPEDS:217819,University of Charleston,237312,2024,2024,False,WV,0.658873,13.185543,0.320144,7.465083,9.196658,54.0,13.296878,62725.0,5.0,0.793165,11.298692,11.040166
IPEDS:217864,Citadel Military College of South Carolina,217864,2024,2024,False,SC,0.863309,13.977711,0.876499,9.025095,10.422392,35.0,13.977711,0.0,4.0,0.880695,12.215627,11.710062
IPEDS:217882,Clemson University,217882,2024,2024,False,SC,0.992206,15.682962,0.988609,10.466013,11.876306,45.0,15.682962,0.0,4.0,0.994604,15.133943,14.418372
IPEDS:218539,Presbyterian College,218539,2024,2024,False,SC,0.82494,13.759428,0.768585,8.430327,10.07059,40.0,13.759428,0.0,4.0,0.865707,11.995845,11.227055
IPEDS:218663,University of South Carolina-Columbia,218663,2024,2024,False,SC,0.995204,15.816512,0.967026,10.013731,11.987876,46.0,15.816512,0.0,4.0,0.982614,14.755054,13.186913
IPEDS:218724,Coastal Carolina University,218724,2024,2024,False,SC,0.97542,15.162861,0.964029,9.975529,11.378682,44.0,15.162861,0.0,4.0,0.952038,13.670834,13.045022
IPEDS:218742,University of South Carolina-Upstate,218742,2024,2024,False,SC,0.843525,13.869338,0.803957,8.581482,10.180495,40.0,13.869338,0.0,4.0,0.717026,10.873944,11.557574
IPEDS:218964,Winthrop University,218964,2024,2024,False,SC,0.80036,13.641337,0.769185,8.433377,9.927812,41.0,13.641337,0.0,3.0,0.813549,11.468503,11.856763
IPEDS:218973,Wofford College,218973,2024,2024,False,SC,0.902278,14.242704,0.868106,8.947676,10.392586,47.0,14.242704,0.0,4.0,0.86211,11.928044,11.907626
IPEDS:219356,South Dakota State University,219356,2024,2024,False,SD,0.796763,13.621376,0.881295,9.039315,9.932544,40.0,13.621376,0.0,4.0,0.848921,11.777871,12.433826
IPEDS:219602,Austin Peay State University,219602,2024,2024,False,TN,0.911271,14.307913,0.944844,9.647433,10.670349,38.0,14.307913,0.0,4.0,0.917866,12.814925,12.161028
IPEDS:219709,Belmont University,219709,2024,2024,False,TN,0.935252,14.462624,0.913669,9.291552,10.907294,35.0,14.462624,0.0,3.0,0.796763,11.351194,12.595503
IPEDS:219976,Lipscomb University,219976,2024,2024,False,TN,0.939448,14.516827,0.93705,9.53474,10.827967,40.0,14.516827,0.0,4.0,0.856115,11.845368,12.108201
IPEDS:220075,East Tennessee State University,220075,2024,2024,False,TN,0.813549,13.695741,0.827938,8.700181,10.112262,36.0,13.695741,0.0,4.0,0.877698,12.198434,11.981866
IPEDS:220862,University of Memphis,220862,2024,2024,False,TN,0.953837,14.789954,0.956235,9.814492,11.17905,37.0,14.789954,0.0,4.0,0.957434,13.867137,13.653972
IPEDS:220978,Middle Tennessee State University,220978,2024,2024,False,TN,0.893285,14.182851,0.935252,9.525297,10.493999,40.0,14.182851,0.0,4.0,0.932254,13.136812,12.932606
IPEDS:221759,The University of Tennessee-Knoxville,221759,2024,2024,False,TN,0.996403,16.025765,0.995204,10.817977,12.093945,51.0,15.522651,-3604865.0,4.0,0.992206,15.027178,14.775266
IPEDS:221768,The University of Tennessee-Martin,221768,2024,2024,False,TN,0.815348,13.703255,0.853717,8.841304,10.014419,40.0,13.682581,-18289.0,4.0,0.876499,12.174334,11.840097
IPEDS:221847,Tennessee Technological University,221847,2024,2024,False,TN,0.840528,13.860854,0.857314,8.872768,10.172012,40.0,13.860854,0.0,4.0,0.877098,12.192992,12.200045
IPEDS:221999,Vanderbilt University,221999,2024,2024,False,TN,0.9994,16.124828,0.997602,10.982543,12.296191,46.0,16.124828,0.0,4.0,0.989808,14.881828,14.55033
IPEDS:222178,Abilene Christian University,222178,2024,2024,False,TX,0.91247,14.31349,0.933453,9.505991,10.624634,40.0,14.235708,-123131.0,4.0,0.889688,12.326878,12.193539
IPEDS:223232,Baylor University,223232,2024,2024,False,TX,0.986811,15.446359,0.974221,10.122141,11.685168,43.0,15.446359,0.0,4.0,0.974221,14.55545,14.582793
IPEDS:224147,Texas A & M University-Corpus Christi,224147,2024,2024,False,TX,0.872302,14.014965,0.846523,8.800566,10.23081,44.0,14.014965,0.0,4.0,0.86271,11.92877,11.965618
IPEDS:224226,Dallas Baptist University,224226,2024,2024,False,TX,0.971823,15.079273,0.989808,10.478273,11.468365,37.0,15.367826,1183684.0,6.0,0.794365,11.319195,12.239628
IPEDS:225399,Houston Christian University,225399,2024,2024,False,TX,0.885492,14.1225,0.883693,9.052165,10.408958,41.0,14.1225,0.0,4.0,0.883094,12.2534,11.419219
IPEDS:225511,University of Houston,225511,2024,2024,False,TX,0.958633,14.872634,0.925659,9.424726,11.001449,48.0,14.872634,0.0,4.0,0.959233,13.92913,14.651433
IPEDS:225627,University of the Incarnate Word,225627,2024,2024,False,TX,0.880695,14.087715,0.79976,8.558527,10.195932,49.0,14.087715,0.0,3.0,0.846523,11.766086,11.699156
IPEDS:226091,Lamar University,226091,2024,2024,False,TX,0.894484,14.19098,0.881894,9.040145,10.502127,40.0,14.19098,0.0,4.0,0.865108,11.97085,12.046678
IPEDS:227368,The University of Texas Rio Grande Valley,227368,2024,2024,False,TX,0.89988,14.217779,0.934053,9.507552,10.480137,42.0,14.217779,0.0,4.0,0.873501,12.13088,11.866494
IPEDS:227526,Prairie View A & M University,227526,2024,2024,False,TX,0.742206,13.43244,0.806954,8.595265,9.625842,45.0,13.43244,0.0,3.0,0.646283,10.455733,11.863927
IPEDS:227757,Rice University,227757,2024,2024,False,TX,0.967626,15.000441,0.973621,10.118518,11.286881,41.0,15.000441,0.0,4.0,0.942446,13.381941,12.82259
IPEDS:227881,Sam Houston State University,227881,2024,2024,False,TX,0.90048,14.219932,0.931655,9.487442,10.664606,35.0,14.219932,0.0,4.0,0.90048,12.487662,12.784275
IPEDS:228431,Stephen F Austin State University,228431,2024,2024,False,TX,0.853118,13.938836,0.896882,9.174402,9.895834,57.0,13.938836,0.0,3.0,0.919065,12.853016,12.349805
IPEDS:228459,Texas State University,228459,2024,2024,False,TX,0.921463,14.363249,0.938849,9.555843,10.674392,40.0,14.363249,0.0,3.0,0.944245,13.432374,12.903919
IPEDS:228529,Tarleton State University,228529,2024,2024,False,TX,0.851918,13.922915,0.886691,9.074521,10.234071,40.0,14.029819,125620.0,4.0,0.907674,12.631759,12.087514
IPEDS:228723,Texas A & M University-College Station,228723,2024,2024,False,TX,0.998201,16.030817,1.0,11.196981,12.246632,44.0,15.540319,-3552768.0,4.0,0.998801,15.488018,14.888886
IPEDS:228769,The University of Texas at Arlington,228769,2024,2024,False,TX,0.882494,14.113095,0.914269,9.293762,10.375456,42.0,14.113095,0.0,5.0,0.859113,11.881332,12.17072
IPEDS:228778,The University of Texas at Austin,228778,2024,2024,False,TX,1.0,16.239601,0.96223,9.963123,12.478405,43.0,15.636386,-5114693.0,4.0,0.996403,15.384674,14.707172
IPEDS:228778,Texas College,228884,2024,2024,False,TX,0.510192,12.752554,0.554556,7.914252,9.115075,38.0,12.752554,0.0,1.0,0.147482,0.0,11.313804
IPEDS:228875,Texas Christian University,228875,2024,2024,False,TX,0.995803,15.93557,0.998801,11.010795,12.246695,40.0,15.61702,-2272851.0,6.0,0.970024,14.409876,14.685032
IPEDS:229027,The University of Texas at San Antonio,229027,2024,2024,False,TX,0.922062,14.36338,0.926859,9.443513,10.674524,40.0,14.36338,0.0,4.0,0.945444,13.466476,12.56151
IPEDS:229063,Texas Southern University,229063,2024,2024,False,TX,0.573141,12.939017,0.125899,6.981006,9.442587,33.0,13.21916,134578.0,3.0,0.655875,10.486485,12.205027
IPEDS:229115,Texas Tech University,229115,2024,2024,False,TX,0.994604,15.748093,0.992806,10.617956,12.059219,40.0,15.179353,-2996130.0,4.0,0.985612,14.793916,14.394905
IPEDS:230038,Brigham Young University,230038,2024,2024,False,UT,0.968825,15.031279,0.980216,10.196903,11.317719,41.0,14.03072,-2132763.0,4.0,0.967626,14.357806,13.886064
IPEDS:230171,Utah Tech University,230171,2024,2024,False,UT,0.871103,14.013052,0.919664,9.350102,10.349522,39.0,14.013052,0.0,4.0,0.895084,12.415324,11.815405
IPEDS:230737,Utah Valley University,230737,2024,2024,False,UT,0.905276,14.260202,0.947242,9.672249,10.571347,40.0,14.260202,0.0,3.0,0.875899,12.150216,11.818556
IPEDS:230764,University of Utah,230764,2024,2024,False,UT,0.96283,14.920442,0.961031,9.941602,11.231575,40.0,13.627749,-2190205.0,4.0,0.973022,14.498236,14.116618
IPEDS:231624,William & Mary,231624,2024,2024,False,VA,0.886691,14.126943,0.860312,8.894122,10.438092,40.0,13.950701,-220625.0,4.0,0.895683,12.423307,12.40843
IPEDS:232186,George Mason University,232186,2024,2024,False,VA,0.879496,14.084471,0.893285,9.124782,10.37093,41.0,14.084471,0.0,4.0,0.905875,12.592661,12.251194
IPEDS:232423,James Madison University,232423,2024,2024,False,VA,0.94964,14.676631,0.946043,9.651494,10.915449,43.0,14.676631,0.0,4.0,0.93765,13.274641,12.82756
IPEDS:232557,Liberty University,232557,2024,2024,False,VA,0.950839,14.72372,0.938249,9.551445,11.060173,39.0,14.72372,0.0,4.0,0.959832,13.964573,13.813688
IPEDS:232566,Longwood University,232566,2024,2024,False,VA,0.898082,14.205656,0.901679,9.191769,10.421496,44.0,14.241825,54406.0,4.0,0.830935,11.628341,11.836045
IPEDS:232937,Norfolk State University,232937,2024,2024,False,VA,0.673861,13.230663,0.783573,8.486734,9.79673,31.0,13.230663,0.0,2.0,0.815348,11.486571,12.260812
IPEDS:232982,Old Dominion University,232982,2024,2024,False,VA,0.941247,14.558989,0.94964,9.718302,10.797808,43.0,14.558989,0.0,4.0,0.946643,13.486253,12.793309
IPEDS:233277,Radford University,233277,2024,2024,False,VA,0.859712,13.966062,0.866906,8.94455,10.277216,40.0,13.966062,0.0,5.0,0.817746,11.511104,11.676395
IPEDS:233374,University of Richmond,233374,2024,2024,False,VA,0.926259,14.388321,0.92446,9.410993,10.777423,37.0,14.388321,0.0,4.0,0.921463,12.883888,12.916281
IPEDS:233921,Virginia Polytechnic Institute and State University,233921,2024,2024,False,VA,0.981415,15.324584,0.983813,10.30675,11.563393,43.0,13.748938,-3586942.0,4.0,0.976019,14.59458,13.943196
IPEDS:234030,Virginia Commonwealth University,234030,2024,2024,False,VA,0.928058,14.409301,0.921463,9.356862,10.671654,42.0,14.409301,0.0,4.0,0.884892,12.284773,13.021232
IPEDS:234076,University of Virginia-Main Campus,234076,2024,2024,False,VA,0.989808,15.52708,0.996403,10.899919,11.889501,38.0,15.52708,0.0,4.0,0.973621,14.526386,13.995959
IPEDS:234085,Virginia Military Institute,234085,2024,2024,False,VA,0.830336,13.792159,0.814748,8.633553,9.840968,52.0,13.792159,0.0,4.0,0.851319,11.795175,11.664745
IPEDS:235316,Gonzaga University,235316,2024,2024,False,WA,0.961031,14.900063,0.948441,9.681531,11.162408,42.0,16.009538,6013153.0,4.0,0.931655,13.132524,13.151165
IPEDS:236595,Seattle University,236595,2024,2024,False,WA,0.915468,14.330173,0.929856,9.460165,10.666634,39.0,14.330173,0.0,4.0,0.847122,11.7678,12.119332
IPEDS:236939,Washington State University,236939,2024,2024,False,WA,0.959832,14.886328,0.973022,10.104467,11.22278,39.0,14.054339,-1648004.0,4.0,0.960432,13.991183,13.831637
IPEDS:236948,Washington College,164216,2024,2024,False,MD,0.363309,12.412477,0.281175,7.398786,8.520852,49.0,12.412477,0.0,3.0,0.595923,10.209979,10.984292
IPEDS:236948,University of Washington-Seattle Campus,236948,2024,2024,False,WA,0.977218,15.196792,0.992206,10.553492,11.459133,42.0,14.420305,-2149123.0,4.0,0.994005,15.102171,14.189422
IPEDS:237525,Marshall University,237525,2024,2024,False,WV,0.965827,14.960894,0.92506,9.414994,11.223237,42.0,14.960894,0.0,4.0,0.953837,13.712968,12.527036
IPEDS:238032,West Virginia University,238032,2024,2024,False,WV,0.972422,15.109243,0.98741,10.401501,11.420374,40.0,15.109243,0.0,5.0,0.96223,14.067649,12.928536
IPEDS:240453,University of Wisconsin-Milwaukee,240453,2024,2024,False,WI,0.852518,13.934291,0.91307,9.279866,10.378973,35.0,13.934291,0.0,4.0,0.800959,11.36954,11.978614
IPEDS:243744,Stanford University,243744,2024,2024,False,CA,0.956235,14.840505,0.971223,10.098972,11.314156,34.0,14.840505,0.0,4.0,0.971223,14.473167,13.311856
IPEDS:243780,Purdue University-Main Campus,243780,2024,2024,False,IN,0.956835,14.842395,0.978417,10.172445,11.153529,40.0,13.133398,-2286804.0,4.0,0.985012,14.789169,14.070297
IPEDS:433660,Florida Gulf Coast University,433660,2024,2024,False,FL,0.880096,14.087342,0.906475,9.227296,10.423809,39.0,14.087342,0.0,4.0,0.886091,12.292379,11.870411
IPEDS:486840,Kennesaw State University,486840,2024,2024,False,GA,0.923261,14.374345,0.936451,9.533944,10.685488,40.0,14.374345,0.0,3.0,0.92506,12.939567,12.419715
NCAA:academy-art,Academy of Art University,108232,2024,2024,False,CA,0.739808,13.418345,0.856115,8.853523,10.199505,25.0,13.418345,0.0,3.0,0.764988,11.1184,11.586287
NCAA:adams-state,Adams State University,126182,2024,2024,False,CO,0.497002,12.719315,0.152878,7.098376,8.592364,62.0,12.719315,0.0,4.0,0.694844,10.755858,11.290869
NCAA:adelphi,Adelphi University,188429,2024,2024,False,NY,0.676859,13.237367,0.723621,8.288786,9.573874,39.0,13.237367,0.0,5.0,0.583933,10.14761,10.983002
NCAA:adrian,Adrian College,168528,2024,2024,False,MI,0.514388,12.771205,0.493405,7.807917,8.453927,75.0,12.771205,0.0,5.0,0.654077,10.480943,10.921649
NCAA:albertus-magnus,Albertus Magnus College,128498,2024,2024,False,CT,0.240408,12.099217,0.241007,7.319202,8.435866,39.0,12.099217,0.0,5.0,0.581535,10.141283,11.076434
NCAA:albion,Albion College,168546,2024,2024,False,MI,0.339329,12.350883,0.604317,8.006034,8.662172,40.0,12.414094,15084.0,2.0,0.618106,10.327087,11.07648
NCAA:albright,Albright College,210571,2024,2024,False,PA,0.169065,11.845325,0.03777,6.464588,7.974461,48.0,11.845325,0.0,4.0,0.590528,10.181801,10.793742
NCAA:alfred,Alfred University,188641,2024,2024,False,NY,0.23801,12.096062,0.655276,8.127995,8.877321,25.0,12.096062,0.0,2.0,0.811151,11.460958,11.10718
NCAA:allegheny,Allegheny College,210669,2024,2024,False,PA,0.445444,12.607918,0.647482,8.112528,8.944483,39.0,12.607918,0.0,2.0,0.850719,11.788373,11.050287
NCAA:alma,Alma College,168591,2024,2024,False,MI,0.443046,12.597395,0.535971,7.874359,8.537145,58.0,12.597395,0.0,4.0,0.59952,10.228574,11.049079
NCAA:alvernia,Alvernia University,210775,2024,2024,False,PA,0.284173,12.21636,0.388489,7.607878,8.265368,52.0,12.269165,10957.0,5.0,0.798561,11.356774,11.130508
NCAA:american-international,American International College,164447,2024,2024,False,MA,0.692446,13.275644,0.055755,6.645091,9.116869,64.0,13.275738,55.0,2.0,0.790168,11.283814,11.073567
NCAA:amherst,Amherst College,164465,2024,2024,False,MA,0.511391,12.762644,0.654077,8.126814,9.236378,34.0,12.762644,0.0,3.0,0.832134,11.632014,11.703447
NCAA:angelo-state,Angelo State University,222831,2024,2024,False,TX,0.779376,13.546563,0.851319,8.822322,9.785417,43.0,13.571101,18984.0,3.0,0.815947,11.487238,11.869746
NCAA:anna-maria,Anna Maria College,164492,2024,2024,False,MA,0.363909,12.414139,0.498201,7.818028,8.502315,50.0,12.414139,0.0,4.0,0.571942,10.081173,11.375443
NCAA:arcadia,Arcadia University,211088,2024,2024,False,PA,0.281175,12.214095,0.244604,7.323831,8.453104,43.0,12.214095,0.0,7.0,0.610911,10.288784,11.138334
NCAA:arkansas-fort-smith,University of Arkansas-Fort Smith,108092,2024,2024,False,AR,0.763189,13.492621,0.895084,9.152075,9.731479,43.0,13.492621,0.0,3.0,0.476019,9.643875,10.953225
NCAA:arkansas-monticello,University of Arkansas at Monticello,106485,2024,2024,False,AR,0.629496,13.099023,0.71283,8.261785,9.24897,47.0,13.099023,0.0,2.0,0.693645,10.75075,11.258846
NCAA:arkansas-technological,Arkansas Tech University,106467,2024,2024,False,AR,0.632494,13.111052,0.033573,6.429719,9.122175,54.0,13.111052,0.0,2.0,0.276379,8.009363,11.269464
NCAA:asbury,Asbury University,156213,2024,2024,False,KY,0.185252,11.897072,0.128897,7.000334,7.985382,50.0,11.910076,1922.0,5.0,0.320743,8.545781,10.899643
NCAA:ashland,Ashland University,201104,2024,2024,False,OH,0.717026,13.350252,0.713429,8.262301,9.54366,45.0,13.350252,0.0,2.0,0.744005,11.011505,11.152386
NCAA:assumption,Assumption University,164562,2024,2024,False,MA,0.618106,13.065983,0.616906,8.040769,9.005661,58.0,12.945416,-53678.0,4.0,0.735012,10.9782,11.246326
NCAA:augsburg,Augsburg University,173045,2024,2024,False,MN,0.243405,12.102777,0.423261,7.665285,8.414113,40.0,12.102777,0.0,7.0,0.609712,10.286571,11.350136
NCAA:augusta,Augusta University,482149,2024,2024,False,GA,0.655276,13.173013,0.598921,7.988543,9.241282,51.0,13.173013,0.0,3.0,0.483213,9.691531,11.373594
NCAA:aurora,Aurora University,143118,2024,2024,False,IL,0.446643,12.613536,0.411271,7.646354,8.976073,38.0,12.613536,0.0,4.0,0.745803,11.033308,11.380536
NCAA:austin,Austin College,222983,2024,2024,False,TX,0.315348,12.303834,0.318345,7.461066,8.475397,46.0,12.303834,0.0,2.0,0.603118,10.248176,10.937615
NCAA:averett,Averett University,231420,2024,2024,False,VA,0.23741,12.095906,0.373501,7.576097,8.246015,47.0,12.095906,0.0,4.0,0.732014,10.950263,10.936102
NCAA:azusa-pacific,Azusa Pacific University,109785,2024,2024,False,CA,0.833333,13.802596,0.722422,8.288032,9.832356,53.0,13.845396,43168.0,4.0,0.408273,9.235521,11.474829
NCAA:babson,Babson College,164580,2024,2024,False,MA,0.47482,12.672899,0.60012,7.991592,8.911831,43.0,12.672899,0.0,4.0,0.763789,11.108769,11.417284
NCAA:baldwin-wallace,Baldwin Wallace University,201195,2024,2024,False,OH,0.321343,12.318638,0.201439,7.230563,8.427032,49.0,12.318638,0.0,3.0,0.81295,11.467907,11.000081
NCAA:bard,Bard College,189088,2024,2024,False,NY,0.251199,12.13047,0.296763,7.423568,8.911724,25.0,12.13047,0.0,3.0,0.648082,10.460156,11.089882
NCAA:barry,Barry University,132471,2024,2024,False,FL,0.77458,13.525923,0.422062,7.664816,9.74179,44.0,13.525923,0.0,5.0,0.588729,10.166352,11.315705
NCAA:barton,Barton College,197911,2024,2024,False,NC,0.700839,13.298298,0.251799,7.343426,,,13.34705,29785.0,3.0,0.490408,9.724181,11.169759
NCAA:bates,Bates College,160977,2024,2024,False,ME,0.489209,12.703451,0.490408,7.802618,9.040005,39.0,12.756111,17783.0,3.0,0.775779,11.17322,11.305668
NCAA:belhaven,Belhaven University,175421,2024,2024,False,MS,0.582734,12.967079,0.75,8.372861,9.16052,45.0,13.000907,14729.0,2.0,0.776379,11.176347,11.144192
NCAA:belmont-abbey,Belmont Abbey College,197984,2024,2024,False,NC,0.766787,13.506309,0.333933,7.501082,,,13.506309,0.0,6.0,0.679257,10.621132,11.125438
NCAA:beloit,Beloit College,238333,2024,2024,False,WI,0.306355,12.286228,0.65048,8.119399,8.548747,42.0,12.286228,0.0,5.0,0.717626,10.875913,10.791358
NCAA:bemidji-state,Bemidji State University,173124,2024,2024,False,MN,0.517386,12.77982,0.776978,8.462315,9.018738,43.0,12.77982,0.0,4.0,0.820743,11.540278,12.117154
NCAA:benedict,Benedict College,217721,2024,2024,False,SC,0.470624,12.664845,0.221223,7.283448,9.332726,28.0,12.664845,0.0,1.0,0.407074,9.233471,10.949015
NCAA:bentley,Bentley University,164739,2024,2024,False,MA,0.571942,12.937666,0.717626,8.271037,9.15358,44.0,13.23113,141773.0,3.0,0.828537,11.602099,11.479286
NCAA:berea,Berea College,156295,2024,2024,False,KY,0.203837,11.954176,0.517986,7.845024,8.399047,35.0,11.954176,0.0,4.0,0.07554,0.0,10.859249
NCAA:berry,Berry College,139144,2024,2024,False,GA,0.602518,13.028609,0.776379,8.461892,9.315124,41.0,13.191496,80536.0,3.0,0.689448,10.703065,11.194482
NCAA:bethany-lutheran,Bethany Lutheran College,173142,2024,2024,False,MN,0.467026,12.653808,0.304556,7.435438,8.702728,52.0,12.654249,138.0,7.0,0.446043,9.488881,11.000248
NCAA:biola,Biola University,110097,2024,2024,False,CA,0.73741,13.406051,0.739209,8.323366,9.644914,43.0,13.526861,85266.0,8.0,0.398082,9.192685,11.352146
NCAA:blackburn,Blackburn College,143288,2024,2024,False,IL,0.153477,11.75977,0.339928,7.511525,8.358799,30.0,11.75977,0.0,2.0,0.363909,8.918249,10.832063
NCAA:bloomfield,Bloomfield College,183822,2024,2024,False,NJ,0.134892,11.670177,0.226019,7.288244,8.412294,26.0,11.670177,0.0,4.0,0.28717,8.160804,11.233489
NCAA:bluefield-state,Bluefield State University,237215,2024,2024,False,WV,0.664269,13.204489,0.556355,7.916807,9.333374,48.0,13.204489,0.0,3.0,0.45024,9.515911,10.852633
NCAA:bluffton,Bluffton University,201371,2024,2024,False,OH,0.188849,11.916996,0.083333,6.806829,8.110627,45.0,11.995401,12217.0,3.0,0.523381,9.89752,10.874304
NCAA:bob-jones,Bob Jones University,217749,2024,2024,False,SC,0.254197,12.140211,0.744604,8.340456,8.844513,27.0,12.140211,0.0,3.0,0.441847,9.452109,10.779206
NCAA:bowdoin,Bowdoin College,161004,2024,2024,False,ME,0.378897,12.444857,0.392086,7.611842,8.807417,38.0,13.022342,198468.0,4.0,0.784772,11.236698,11.607381
NCAA:brandeis,Brandeis University,165015,2024,2024,False,MA,0.449041,12.616774,0.703237,8.226573,9.151141,32.0,12.616774,0.0,3.0,0.558753,10.027208,11.256794
NCAA:brevard,Brevard College,198066,2024,2024,False,NC,0.285971,12.227893,0.406475,7.640604,8.276899,52.0,12.227893,0.0,3.0,0.324341,8.573006,10.746218
NCAA:bridgeport,University of Bridgeport,128744,2024,2024,False,CT,0.643285,13.146154,0.546163,7.896925,9.43266,41.0,13.248605,55240.0,5.0,0.332734,8.645059,11.265028
NCAA:bridgewater-state,Bridgewater State University,165024,2024,2024,False,MA,0.265588,12.171005,0.621703,8.050065,8.644815,34.0,12.507399,77222.0,4.0,0.288369,8.162231,11.176403
NCAA:buena-vista,Buena Vista University,153001,2024,2024,False,IA,0.472422,12.666064,0.623501,8.051022,8.904996,43.0,12.604617,-18881.0,3.0,0.766787,11.125158,11.003183
NCAA:caldwell,Caldwell University,183910,2024,2024,False,NJ,0.60012,13.024631,0.651679,8.12148,9.558964,32.0,13.040033,7038.0,4.0,0.383094,9.097731,10.918265
NCAA:california-lutheran,California Lutheran University,110413,2024,2024,False,CA,0.432254,12.573867,0.477218,7.780721,8.745381,46.0,12.573867,0.0,4.0,0.606115,10.259902,11.260533
NCAA:calvin,Calvin University,169080,2024,2024,False,MI,0.436451,12.580714,0.61211,8.033009,8.943255,38.0,12.580714,0.0,7.0,0.697242,10.762255,11.198461
NCAA:cameron,Cameron University,206914,2024,2024,False,OK,0.679856,13.244577,0.733813,8.313607,9.483452,43.0,13.273352,16494.0,3.0,0.336331,8.672657,10.85021
NCAA:capital,Capital University,201548,2024,2024,False,OH,0.58693,12.98487,0.516187,7.843456,9.156332,46.0,12.984879,4.0,11.0,0.701439,10.790576,11.076511
NCAA:carleton,Carleton College,173258,2024,2024,False,MN,0.232014,12.081495,0.290767,7.41758,8.615935,32.0,12.147262,12003.0,5.0,0.732614,10.964156,11.646206
NCAA:carson-newman,Carson-Newman University,219806,2024,2024,False,TN,0.747602,13.444977,0.528177,7.86442,9.182399,71.0,13.542858,70991.0,3.0,0.141487,0.0,11.001049
NCAA:carthage,Carthage College,238476,2024,2024,False,WI,0.534772,12.82465,0.583333,7.956827,8.799446,56.0,12.994089,68549.0,5.0,0.663669,10.517862,11.302859
NCAA:catawba,Catawba College,198215,2024,2024,False,NC,0.718825,13.352837,0.610911,8.020928,9.502762,47.0,13.594293,171944.0,6.0,0.440647,9.442404,11.213818
NCAA:cedarville,Cedarville University,201654,2024,2024,False,OH,0.624101,13.077989,0.585731,7.961021,9.467147,37.0,13.077989,0.0,3.0,0.522182,9.892073,10.905974
NCAA:centenary-louisiana,Centenary College of Louisiana,158477,2024,2024,False,LA,0.538969,12.83698,0.38789,7.606387,8.82979,55.0,12.83698,0.0,2.0,0.77518,11.17277,11.289694
NCAA:central-missouri,University of Central Missouri,176965,2024,2024,False,MO,0.790767,13.603623,0.820144,8.664923,9.753533,47.0,13.603623,0.0,3.0,0.83693,11.688508,11.531983
NCAA:central-oklahoma,University of Central Oklahoma,206941,2024,2024,False,OK,0.723621,13.369236,0.606715,8.011355,9.308882,58.0,13.406259,24139.0,4.0,0.580336,10.1367,11.411922
NCAA:central-washington,Central Washington University,234827,2024,2024,False,WA,0.648681,13.153761,0.772782,8.451267,9.57031,36.0,13.212111,31001.0,3.0,0.694245,10.752463,11.324703
NCAA:centre,Centre College,156408,2024,2024,False,KY,0.482614,12.684069,0.55036,7.908387,9.046598,38.0,12.684069,0.0,3.0,0.739808,10.999212,10.888091
NCAA:chapman,Chapman University,111948,2024,2024,False,CA,0.606115,13.037918,0.602518,8.000685,9.57225,32.0,13.037918,0.0,4.0,0.532374,9.925298,11.314231
NCAA:chatham,Chatham University,211556,2024,2024,False,PA,0.234412,12.088336,0.426259,7.669028,8.450958,38.0,12.088336,0.0,3.0,0.644484,10.448222,10.997171
NCAA:chestnut-hill,Chestnut Hill College,211583,2024,2024,False,PA,0.555755,12.887721,0.255995,7.3518,8.810331,59.0,12.887721,0.0,5.0,0.348921,8.806124,10.286843
NCAA:chowan,Chowan University,198303,2024,2024,False,NC,0.618705,13.068139,0.527578,7.863267,8.990724,59.0,13.068139,0.0,3.0,0.61211,10.293873,11.004131
NCAA:christian-brothers,Christian Brothers University,219833,2024,2024,False,TN,0.63789,13.129671,0.3747,7.582229,9.345566,44.0,13.175415,23575.0,2.0,0.482014,9.689675,10.67304
NCAA:claflin,Claflin University,217873,2024,2024,False,SC,0.423261,12.551133,0.573141,7.941651,9.054739,33.0,12.551133,0.0,1.0,0.703237,10.801574,10.906194
NCAA:clark-atlanta,Clark Atlanta University,138947,2024,2024,False,GA,0.230216,12.076118,0.328537,7.487174,8.610558,32.0,12.076118,0.0,3.0,0.338129,8.689801,11.559866
NCAA:clarke,Clarke University,153126,2024,2024,False,IA,0.869904,14.006993,0.509592,7.839132,10.09501,50.0,14.006993,0.0,3.0,0.570144,10.069426,10.891001
NCAA:clarkson,Clarkson University,190044,2024,2024,False,NY,0.399281,12.484344,0.585132,7.961021,8.74683,42.0,12.507713,6246.0,2.0,0.799161,11.357254,11.399533
NCAA:coe,Coe College,153144,2024,2024,False,IA,0.190647,11.91979,0.04976,6.60665,7.657576,71.0,11.91979,0.0,7.0,0.703837,10.802429,11.188413
NCAA:coker,Coker University,217907,2024,2024,False,SC,0.70024,13.296137,0.468825,7.762171,9.270878,56.0,13.298432,1367.0,3.0,0.321343,8.550435,11.038817
NCAA:colby,Colby College,161086,2024,2024,False,ME,0.540767,12.844428,0.613909,8.03625,9.130962,41.0,12.844428,0.0,6.0,0.819544,11.53753,11.723373
NCAA:colby-sawyer,Colby-Sawyer College,182634,2024,2024,False,NH,0.180456,11.884317,0.194844,7.221105,8.195706,40.0,11.884317,0.0,4.0,0.459832,9.566685,10.580683
NCAA:colorado-christian,Colorado Christian University,126669,2024,2024,False,CO,0.616906,13.06377,0.732614,8.309677,9.508494,35.0,13.06377,0.0,3.0,0.5006,9.774745,11.267408
NCAA:colorado-mesa,Colorado Mesa University,127556,2024,2024,False,CO,0.764388,13.501406,0.69964,8.220403,9.589451,50.0,13.532471,23047.0,4.0,0.838129,11.690879,11.424335
NCAA:columbus-state,Columbus State University,139366,2024,2024,False,GA,0.73801,13.407636,0.78717,8.497399,9.881325,34.0,13.407636,0.0,3.0,0.469424,9.615339,11.233291
NCAA:concord,Concord University,237330,2024,2024,False,WV,0.5006,12.729427,0.004197,5.572154,9.015974,41.0,12.729427,0.0,2.0,0.396283,9.184099,11.431987
NCAA:concordia-chicago,Concordia University-Chicago,144351,2024,2024,False,IL,0.588729,12.986012,0.802758,8.580544,9.201921,44.0,12.986012,0.0,6.0,0.605516,10.259622,10.968681
NCAA:concordia-saint-paul,Concordia University-Saint Paul,173328,2024,2024,False,MN,0.699041,13.290113,0.847122,8.801018,9.706653,36.0,13.290113,0.0,5.0,0.826139,11.593104,11.181751
NCAA:concordia-wisconsin,Concordia University-Wisconsin,238616,2024,2024,False,WI,0.270983,12.186451,0.273381,7.385851,8.336538,47.0,12.360432,37268.0,4.0,0.721223,10.898626,10.938876
NCAA:covenant,Covenant College,139393,2024,2024,False,GA,0.247602,12.120493,0.133693,7.026427,8.18894,51.0,12.240406,23390.0,3.0,0.440048,9.439148,10.971881
NCAA:curry,Curry College,165529,2024,2024,False,MA,0.206835,11.961418,0.523381,7.853993,8.248101,41.0,11.961418,0.0,5.0,0.583333,10.146865,10.818858
NCAA:dallas,University of Dallas,224323,2024,2024,False,TX,0.311151,12.294518,0.390887,7.610358,8.657102,38.0,12.294518,0.0,3.0,0.33753,8.681181,11.257052
NCAA:dallas,Dallas College,224615,2024,2024,False,TX,0.811751,13.689718,0.080336,6.795706,,,13.689718,0.0,11.0,0.146882,0.0,11.064981
NCAA:davenport,Davenport University,169479,2024,2024,False,MI,0.814149,13.697212,0.748801,8.363809,9.826064,48.0,13.697212,0.0,7.0,0.759592,11.090675,11.046611
NCAA:davis-and-elkins,Davis & Elkins College,237358,2024,2024,False,WV,0.520983,12.789441,0.081535,6.79794,9.075981,41.0,12.777264,-4338.0,4.0,0.318345,8.523772,10.697407
NCAA:dean,Dean College,165574,2024,2024,False,MA,0.08693,11.410494,0.190048,7.206377,7.649759,43.0,11.457392,4334.0,3.0,0.648681,10.461244,11.022393
NCAA:defiance,Defiance College,202514,2024,2024,False,OH,0.145084,11.731032,0.021583,6.111467,7.924724,45.0,11.862109,17419.0,3.0,0.636691,10.411509,10.714818
NCAA:delaware-valley,Delaware Valley University,211981,2024,2024,False,PA,0.13789,11.691774,0.327938,7.484369,7.907944,44.0,11.691774,0.0,3.0,0.414269,9.290906,10.916469
NCAA:delta-state,Delta State University,175616,2024,2024,False,MS,0.681055,13.246431,0.482614,7.78904,9.508833,42.0,13.236661,-5503.0,3.0,0.657674,10.491941,11.30024
NCAA:denison,Denison University,202523,2024,2024,False,OH,0.591127,12.991842,0.763189,8.419801,9.328367,39.0,12.991842,0.0,3.0,0.753597,11.054218,11.348817
NCAA:depauw,DePauw University,150400,2024,2024,False,IN,0.410072,12.529792,0.570144,7.93666,8.974567,35.0,12.529792,0.0,2.0,0.688249,10.695507,11.27843
NCAA:desales,DeSales University,210739,2024,2024,False,PA,0.373501,12.435445,0.618106,8.043021,8.969832,32.0,12.460029,6261.0,5.0,0.485612,9.698859,10.756327
NCAA:dickinson,Dickinson College,212009,2024,2024,False,PA,0.089329,11.41968,0.297962,7.426549,7.864705,35.0,11.694655,28832.0,4.0,0.767386,11.125394,11.023763
NCAA:drew,Drew University,184348,2024,2024,False,NJ,0.258393,12.149005,0.381894,7.596392,8.388027,43.0,12.149005,0.0,3.0,0.492806,9.739674,10.69008
NCAA:drury,Drury University,177214,2024,2024,False,MO,0.752998,13.457832,0.697842,8.217439,9.526078,51.0,13.457832,0.0,4.0,0.630695,10.375583,11.144135
NCAA:dubuque,University of Dubuque,153278,2024,2024,False,IA,0.392686,12.474415,0.236811,7.31322,8.713376,43.0,12.494805,5388.0,4.0,0.741607,11.004563,11.357113
NCAA:dyouville,D'Youville  University,190716,2024,2024,False,NY,0.661871,13.196974,0.835132,8.733594,9.508166,40.0,13.196974,0.0,7.0,0.514388,9.844958,10.851974
NCAA:earlham,Earlham College,150455,2024,2024,False,IN,0.421463,12.547699,0.418465,7.661998,8.910245,38.0,12.547699,0.0,8.0,0.595324,10.209648,10.929314
NCAA:east-central,East Central College,177250,2024,2024,False,MO,0.308153,12.289572,0.61271,8.033009,8.576184,41.0,12.289572,0.0,2.0,0.2506,7.700295,10.501362
NCAA:east-central,East Central University,207041,2024,2024,False,OK,0.631894,13.108818,0.744005,8.339262,9.217095,49.0,13.108818,0.0,2.0,0.497602,9.756552,11.139293
NCAA:east-texas-baptist,East Texas Baptist University,224527,2024,2024,False,TX,0.541966,12.844848,0.661271,8.14555,9.038302,45.0,12.844848,0.0,5.0,0.773381,11.154621,11.052999
NCAA:eastern,Eastern University,212133,2024,2024,False,PA,0.432854,12.573919,0.399281,7.623642,8.270106,74.0,12.941333,128281.0,7.0,0.695444,10.756796,10.903421
NCAA:eastern-connecticut-state,Eastern Connecticut State University,129215,2024,2024,False,CT,0.441247,12.595368,0.630695,8.06809,8.90662,40.0,12.595368,0.0,9.0,0.326139,8.602453,11.424324
NCAA:eastern-nazarene,Eastern Nazarene College,165644,2024,2024,False,MA,0.065947,11.236131,0.279376,7.396335,8.145365,22.0,11.236131,0.0,3.0,0.435851,9.42133,10.660618
NCAA:eckerd,Eckerd College,133492,2024,2024,False,FL,0.794964,13.611086,0.260192,7.362011,10.02761,36.0,13.611086,0.0,2.0,0.531175,9.914724,11.192927
NCAA:edgewood,Edgewood College,238661,2024,2024,False,WI,0.480815,12.680495,0.723022,8.288534,9.097085,36.0,13.005919,123623.0,5.0,0.453837,9.530828,10.864943
NCAA:edward-waters,Edward Waters University,133526,2024,2024,False,FL,0.518585,12.782621,0.18705,7.204893,8.563302,68.0,12.782621,0.0,4.0,0.061751,0.0,10.983427
NCAA:elizabethtown,Elizabethtown College,212197,2024,2024,False,PA,0.25,12.126407,0.083933,6.809039,8.413051,41.0,12.126407,0.0,4.0,0.348321,8.805975,10.904689
NCAA:elmhurst,Elmhurst University,144962,2024,2024,False,IL,0.357914,12.398592,0.532974,7.871311,8.735187,39.0,12.398592,0.0,6.0,0.754197,11.054392,11.224763
NCAA:elmira,Elmira College,190983,2024,2024,False,NY,0.242806,12.101262,0.492206,7.805475,8.412599,40.0,12.101262,0.0,6.0,0.615707,10.316888,10.947855
NCAA:emerson,Emerson College,165662,2024,2024,False,MA,0.411271,12.531329,0.68765,8.200014,8.724825,45.0,12.531329,0.0,3.0,0.630096,10.372522,11.099423
NCAA:emory,Emory University,139658,2024,2024,False,GA,0.655875,13.17334,0.872302,8.98143,9.56249,37.0,13.593094,274433.0,3.0,0.608513,10.281616,11.686568
NCAA:emory-and-henry,Emory & Henry College,232025,2024,2024,False,VA,0.677458,13.240312,0.142086,7.066467,9.270112,53.0,13.240312,0.0,3.0,0.773981,11.165649,10.955445
NCAA:emporia-state,Emporia State University,155025,2024,2024,False,KS,0.697842,13.286792,0.348921,7.531016,9.502676,44.0,13.297296,6223.0,3.0,0.809952,11.445471,11.780132
NCAA:endicott,Endicott College,165699,2024,2024,False,MA,0.408873,12.523213,0.044365,6.548219,8.71671,45.0,12.523213,0.0,5.0,0.478417,9.660588,10.560126
NCAA:erskine,Erskine College,217998,2024,2024,False,SC,0.828537,13.788821,0.596523,7.984122,,,13.788821,0.0,3.0,0.139688,0.0,10.752655
NCAA:eureka,Eureka College,144971,2024,2024,False,IL,0.148681,11.741144,0.494604,7.810353,8.275655,32.0,11.741144,0.0,1.0,0.202638,6.552508,10.808171
NCAA:fairmont-state,Fairmont State University,237367,2024,2024,False,WV,0.416667,12.541362,0.153477,7.100852,8.852622,40.0,12.532693,-2414.0,3.0,0.355516,8.874728,11.061736
NCAA:farmingdale-state,Farmingdale State College,196042,2024,2024,False,NY,0.114508,11.570043,0.102518,6.903747,7.986854,36.0,11.586789,1788.0,2.0,0.116307,0.0,11.557449
NCAA:felician,Felician University,184612,2024,2024,False,NJ,0.706235,13.318517,0.751199,8.373785,9.426776,49.0,13.318517,0.0,4.0,0.543165,9.976366,10.565866
NCAA:ferrum,Ferrum College,232089,2024,2024,False,VA,0.396882,12.47884,0.323141,7.473637,8.607818,48.0,12.47884,0.0,3.0,0.75,11.042106,10.919479
NCAA:findlay,The University of Findlay,202763,2024,2024,False,OH,0.641487,13.143422,0.079736,6.793466,9.314869,46.0,13.139708,-1893.0,4.0,0.622302,10.342903,11.24866
NCAA:fitchburg-state,Fitchburg State University,165820,2024,2024,False,MA,0.166667,11.827962,0.507194,7.833996,8.217307,37.0,11.827962,0.0,5.0,0.308153,8.410943,10.419868
NCAA:flagler,Flagler College,133711,2024,2024,False,FL,0.726619,13.373103,0.642686,8.102284,9.735575,38.0,13.373103,0.0,5.0,0.646882,10.457775,11.22082
NCAA:florida-southern,Florida Southern College,134079,2024,2024,False,FL,0.821343,13.737063,0.636691,8.088562,9.562745,65.0,13.737063,0.0,5.0,0.649281,10.46196,11.139395
NCAA:fontbonne,Fontbonne University,177418,2024,2024,False,MO,0.152878,11.759012,0.041367,6.510258,7.888178,48.0,11.526838,-26500.0,6.0,0.386091,9.121618,10.710254
NCAA:fort-hays-state,Fort Hays State University,155061,2024,2024,False,KS,0.590528,12.988743,0.528777,7.866722,9.351241,38.0,12.989216,207.0,3.0,0.881295,12.215647,11.416855
NCAA:framingham-state,Framingham State University,165866,2024,2024,False,MA,0.116906,11.576116,0.53777,7.883446,8.050065,34.0,11.593085,1823.0,3.0,0.245204,7.608871,11.319899
NCAA:francis-marion,Francis Marion University,218061,2024,2024,False,SC,0.67506,13.231872,0.382494,7.596392,8.969318,71.0,13.231872,0.0,3.0,0.347122,8.794673,11.47355
NCAA:franklin,Franklin College,150604,2024,2024,False,IN,0.288969,12.236912,0.460432,7.74327,8.523534,41.0,12.388111,33668.0,3.0,0.467626,9.6038,11.197667
NCAA:franklin-and-marshall,Franklin and Marshall College,212577,2024,2024,False,PA,0.482014,12.682729,0.292566,7.420579,9.186321,33.0,12.806035,42274.0,7.0,0.781175,11.210319,11.227534
NCAA:franklin-pierce,Franklin Pierce University,182795,2024,2024,False,NH,0.653477,13.168535,0.354317,7.546446,9.276806,49.0,13.168535,0.0,2.0,0.643285,10.444852,11.076496
NCAA:fresno-pacific,Fresno Pacific University,114813,2024,2024,False,CA,0.769185,13.514528,0.539568,7.887959,9.471553,57.0,13.866424,312141.0,4.0,0.473022,9.631351,11.380947
NCAA:frostburg-state,Frostburg State University,162584,2024,2024,False,MD,0.565348,12.923115,0.676259,8.174985,9.073079,47.0,12.923115,0.0,5.0,0.481415,9.681531,11.232643
NCAA:gannon,Gannon University,212601,2024,2024,False,PA,0.622302,13.073184,0.386091,7.600902,9.141463,51.0,13.130367,28013.0,4.0,0.772782,11.142412,11.121541
NCAA:geneva,Geneva College,212656,2024,2024,False,PA,0.175659,11.871089,0.132494,7.022868,8.207793,39.0,11.871089,0.0,2.0,0.706235,10.811242,10.917105
NCAA:george-fox,George Fox University,208822,2024,2024,False,OR,0.519784,12.787676,0.561151,7.924434,8.762478,56.0,12.911482,47154.0,6.0,0.806355,11.410627,11.222546
NCAA:gettysburg,Gettysburg College,212674,2024,2024,False,PA,0.508393,12.747824,0.202638,7.234898,8.740648,55.0,12.747824,0.0,5.0,0.808153,11.426136,11.28798
NCAA:glenville-state,Glenville State University,237385,2024,2024,False,WV,0.498201,12.724232,0.372302,7.573531,8.940171,44.0,12.701375,-7588.0,2.0,0.645084,10.45262,10.857228
NCAA:goldey-beacom,Goldey-Beacom College,130989,2024,2024,False,DE,0.591727,12.992359,0.741007,8.33014,9.163821,46.0,13.013191,9242.0,6.0,0.405276,9.231221,10.556828
NCAA:gordon,Gordon College,165936,2024,2024,False,MA,0.419065,12.545199,0.180456,7.177782,8.961804,36.0,13.209859,264975.0,3.0,0.611511,10.289736,11.055088
NCAA:grand-valley-state,Grand Valley State University,170082,2024,2024,False,MI,0.822542,13.746622,0.808153,8.596004,10.057785,40.0,13.746621,-1.0,4.0,0.795564,11.328209,11.544831
NCAA:greensboro,Greensboro College,198598,2024,2024,False,NC,0.277578,12.207297,0.240408,7.317212,8.18222,56.0,12.207297,0.0,6.0,0.445444,9.479986,10.782741
NCAA:greenville,Greenville University,145372,2024,2024,False,IL,0.2494,12.121609,0.252998,7.344719,8.432942,40.0,12.124629,556.0,3.0,0.421463,9.319284,10.907056
NCAA:grinnell,Grinnell College,153384,2024,2024,False,IA,0.298561,12.259803,0.488609,7.800163,8.571108,40.0,12.259803,0.0,5.0,0.66247,10.511894,11.375375
NCAA:guilford,Guilford College,198613,2024,2024,False,NC,0.214628,12.002517,0.293165,7.421178,8.28919,41.0,12.002517,0.0,2.0,0.56295,10.037056,10.789896
NCAA:gustavus-adolphus,Gustavus Adolphus College,173647,2024,2024,False,MN,0.434053,12.574438,0.374101,7.58121,8.385008,66.0,12.574438,0.0,6.0,0.639688,10.426202,11.364889
NCAA:gwynedd-mercy,Gwynedd Mercy University,212832,2024,2024,False,PA,0.113909,11.566125,0.109712,6.930495,8.069921,33.0,11.566125,0.0,4.0,0.444245,9.473474,11.456292
NCAA:hamilton,Hamilton College,191515,2024,2024,False,NY,0.440048,12.594025,0.393885,7.616776,9.010625,36.0,12.594025,0.0,3.0,0.757794,11.078876,11.846658
NCAA:hamline,Hamline University,173665,2024,2024,False,MN,0.460432,12.64583,0.828537,8.705,8.957076,40.0,12.64583,0.0,7.0,0.628297,10.369326,10.668118
NCAA:hampden-sydney,Hampden-Sydney College,232256,2024,2024,False,VA,0.561151,12.910456,0.152278,7.097549,8.921603,54.0,12.910456,0.0,3.0,0.863909,11.950619,11.229408
NCAA:hanover,Hanover College,150756,2024,2024,False,IN,0.297962,12.254758,0.597122,7.985484,8.493758,43.0,12.254758,0.0,4.0,0.711631,10.838894,11.101538
NCAA:hardin-simmons,Hardin-Simmons University,225247,2024,2024,False,TX,0.417866,12.543198,0.534173,7.872836,8.63135,50.0,12.598912,16053.0,2.0,0.367506,8.957382,11.265643
NCAA:harding,Harding University,107044,2024,2024,False,AR,0.736211,13.400045,0.348321,7.531016,9.549967,47.0,13.400045,0.0,3.0,0.713429,10.856612,11.571194
NCAA:haverford,Haverford College,212911,2024,2024,False,PA,0.452638,12.626584,0.842926,8.773539,9.16095,32.0,12.626584,0.0,7.0,0.576139,10.113222,11.121526
NCAA:hawaii-hilo,University of Hawaii at Hilo,141565,2024,2024,False,HI,0.757194,13.469442,0.708633,8.245122,9.279879,66.0,13.469442,0.0,6.0,0.626499,10.366183,11.030865
NCAA:hawaii-pacific,Hawaii Pacific University,141644,2024,2024,False,HI,0.724221,13.369834,0.82554,8.688117,10.278825,22.0,13.369834,0.0,7.0,0.408873,9.246576,11.101372
NCAA:heidelberg,Heidelberg University,203085,2024,2024,False,OH,0.330336,12.333507,0.379496,7.593878,8.441898,49.0,12.333507,0.0,4.0,0.669664,10.576279,10.847996
NCAA:henderson-state,Henderson State University,107071,2024,2024,False,AR,0.568345,12.930634,0.377698,7.589336,8.998929,51.0,12.930634,0.0,2.0,0.682854,10.655493,11.193078
NCAA:hendrix,Hendrix College,107080,2024,2024,False,AR,0.506595,12.743779,0.523981,7.856707,8.509871,69.0,12.743779,0.0,5.0,0.783573,11.224216,11.027508
NCAA:hilbert,Hilbert College,191621,2024,2024,False,NY,0.198441,11.94113,0.333333,7.501082,8.277816,39.0,12.401709,89767.0,4.0,0.455036,9.540938,10.769306
NCAA:hiram,Hiram College,203128,2024,2024,False,OH,0.263189,12.166193,0.181655,7.181592,8.254425,50.0,12.166193,0.0,5.0,0.678058,10.613959,10.793742
NCAA:holy-family,Holy Family University,212984,2024,2024,False,PA,0.679257,13.243867,0.288369,7.414573,9.254977,54.0,13.243867,0.0,4.0,0.427458,9.36452,10.886259
NCAA:hood,Hood College,162760,2024,2024,False,MD,0.273381,12.194941,0.416667,7.656337,8.639765,35.0,12.194941,0.0,2.0,0.434053,9.409191,10.679435
NCAA:hope,Hope College,170301,2024,2024,False,MI,0.190048,11.919676,0.324341,7.476472,8.33639,36.0,11.919676,0.0,4.0,0.7506,11.046643,11.243751
NCAA:houghton,Houghton University,191676,2024,2024,False,NY,0.138489,11.691983,0.433453,7.684784,8.226507,32.0,11.691983,0.0,3.0,0.456235,9.545455,10.717723
NCAA:howard-payne,Howard Payne University,225548,2024,2024,False,TX,0.284772,12.217685,0.080935,6.796824,8.41124,45.0,12.313962,20449.0,3.0,0.719424,10.894143,10.981353
NCAA:huntingdon,Huntingdon College,101435,2024,2024,False,AL,0.536571,12.828355,0.576139,7.944847,9.02181,45.0,13.001104,70267.0,3.0,0.69964,10.783965,11.343038
NCAA:husson,Husson University,487524,2024,2024,False,ME,0.343525,12.362076,0.70024,8.220941,8.724648,38.0,12.362076,0.0,4.0,0.760192,11.094557,10.757456
NCAA:illinois-springfield,University of Illinois Springfield,148654,2024,2024,False,IL,0.616307,13.062928,0.761391,8.412055,9.507652,35.0,13.062928,0.0,3.0,0.468225,9.606832,10.756285
NCAA:illinois-wesleyan,Illinois Wesleyan University,145646,2024,2024,False,IL,0.269784,12.183387,0.276379,7.393263,8.158317,56.0,12.183387,0.0,5.0,0.726019,10.921884,11.080526
NCAA:immaculata,Immaculata University,213011,2024,2024,False,PA,0.059353,11.150735,0.110312,6.932448,7.301248,47.0,11.150735,0.0,3.0,0.401679,9.207236,10.723003
NCAA:ithaca,Ithaca College,191968,2024,2024,False,NY,0.488609,12.702764,0.692446,8.208764,8.965219,42.0,12.702764,0.0,5.0,0.78717,11.254129,11.257853
NCAA:jamestown,University of Jamestown,200156,2024,2024,False,ND,0.835132,13.81303,0.190647,7.207119,9.702217,61.0,13.81303,0.0,5.0,0.779376,11.20436,10.949279
NCAA:jefferson,Jefferson College,177676,2024,2024,False,MO,0.465228,12.651851,0.526978,7.861727,9.186214,32.0,12.651851,0.0,5.0,0.213429,6.948897,10.783011
NCAA:john-carroll,John Carroll University,203368,2024,2024,False,OH,0.26199,12.159997,0.184652,7.191429,8.033182,62.0,12.159997,0.0,5.0,0.697842,10.763673,11.07276
NCAA:johns-hopkins,Johns Hopkins University,162928,2024,2024,False,MD,0.603717,13.032727,0.670863,8.163371,9.271619,43.0,13.077479,20922.0,4.0,0.831535,11.629134,11.740396
NCAA:juniata,Juniata College,213251,2024,2024,False,PA,0.227218,12.06215,0.179856,7.177019,8.348809,41.0,12.188301,23286.0,2.0,0.755995,11.06161,11.022213
NCAA:kalamazoo,Kalamazoo College,170532,2024,2024,False,MI,0.571343,12.937144,0.788969,8.503703,9.199573,42.0,12.937144,0.0,8.0,0.708034,10.816393,11.161067
NCAA:kean,Kean University,185262,2024,2024,False,NJ,0.29976,12.266537,0.479616,7.781556,8.629125,38.0,12.266537,0.0,7.0,0.502998,9.781433,11.534736
NCAA:keene-state,Keene State College,183062,2024,2024,False,NH,0.394484,12.475817,0.698441,8.219865,8.865037,37.0,12.475817,0.0,6.0,0.466427,9.598184,11.07566
NCAA:kentucky-state,Kentucky State University,157058,2024,2024,False,KY,0.544964,12.849909,0.591727,7.978654,9.186447,39.0,13.501066,349440.0,3.0,0.192446,6.216606,11.376246
NCAA:kentucky-wesleyan,Kentucky Wesleyan College,157076,2024,2024,False,KY,0.720624,13.357366,0.677458,8.176392,9.596232,43.0,13.38707,19068.0,4.0,0.756595,11.067357,10.919497
NCAA:kenyon,Kenyon College,203535,2024,2024,False,OH,0.276978,12.206977,0.255396,7.350516,8.423002,44.0,12.206977,0.0,3.0,0.801559,11.37495,10.959488
NCAA:keuka,Keuka College,192192,2024,2024,False,NY,0.090528,11.43114,0.281775,7.399398,7.997479,31.0,11.43114,0.0,2.0,0.36211,8.906393,10.835081
NCAA:keystone,Keystone College,213303,2024,2024,False,PA,0.496403,12.718522,0.57554,7.944492,8.693335,56.0,12.718522,0.0,6.0,0.621103,10.339029,10.70699
NCAA:knox,Knox College,146427,2024,2024,False,IL,0.247002,12.115956,0.594724,7.981392,8.560794,35.0,12.115956,0.0,3.0,0.416067,9.300638,10.828203
NCAA:lagrange,LaGrange College,140234,2024,2024,False,GA,0.422662,12.550237,0.266187,7.36897,8.543095,55.0,12.550237,0.0,3.0,0.549161,9.994242,10.744171
NCAA:lake-erie,Lake Erie College,203580,2024,2024,False,OH,0.704436,13.312799,0.378297,7.590347,9.185765,62.0,13.312799,0.0,3.0,0.498801,9.768641,10.916433
NCAA:lakeland,Lakeland University,238980,2024,2024,False,WI,0.263789,12.166266,0.344125,7.5224,8.555535,37.0,12.290285,25377.0,4.0,0.521583,9.883285,10.793742
NCAA:lancaster-bible,Lancaster Bible College,213400,2024,2024,False,PA,0.109113,11.535469,0.116307,6.950815,7.898245,38.0,11.639822,11250.0,7.0,0.506595,9.811208,10.761619
NCAA:lander,Lander University,218229,2024,2024,False,SC,0.805156,13.661719,0.279976,7.398174,9.371344,73.0,13.963269,301782.0,3.0,0.425659,9.353141,11.655518
NCAA:lane,Lane College,220598,2024,2024,False,TN,0.545564,12.851174,0.508393,7.835579,9.555405,27.0,12.851174,0.0,3.0,0.516187,9.848767,11.141789
NCAA:lasell,Lasell University,166391,2024,2024,False,MA,0.303357,12.279992,0.351319,7.538495,8.368197,50.0,12.279992,0.0,5.0,0.411271,9.272282,10.884985
NCAA:lawrence,Lawrence University,239017,2024,2024,False,WI,0.368106,12.422808,0.295564,7.422374,8.812035,37.0,12.422808,0.0,4.0,0.623501,10.34657,11.128071
NCAA:lebanon-valley,Lebanon Valley College,213507,2024,2024,False,PA,0.309952,12.294033,0.435851,7.69257,8.362436,51.0,12.319758,5691.0,7.0,0.715228,10.861841,11.213333
NCAA:lee,Lee University,220613,2024,2024,False,TN,0.766187,13.50562,0.773381,8.455956,9.816793,40.0,13.50562,0.0,3.0,0.556954,10.022781,11.291655
NCAA:lenoir-rhyne,Lenoir-Rhyne University,198835,2024,2024,False,NC,0.736811,13.403471,0.335132,7.502186,9.309215,60.0,13.403471,0.0,7.0,0.710432,10.836871,10.792263
NCAA:lesley,Lesley University,166452,2024,2024,False,MA,0.046763,11.067825,0.126499,6.982863,7.513008,35.0,11.067825,0.0,3.0,0.415468,9.294682,10.680815
NCAA:letourneau,LeTourneau University,226231,2024,2024,False,TX,0.358513,12.39872,0.652278,8.12148,8.548762,47.0,12.478935,20253.0,2.0,0.519185,9.861415,10.771491
NCAA:lewis,Lewis University,146612,2024,2024,False,IL,0.730815,13.386526,0.753597,8.387312,9.648919,42.0,13.386526,0.0,3.0,0.661871,10.510886,11.231636
NCAA:lewis-and-clark,Lewis & Clark College,209056,2024,2024,False,OR,0.319544,12.317095,0.649281,8.117909,8.851498,32.0,12.317095,0.0,4.0,0.702038,10.796858,11.089179
NCAA:limestone,Limestone University,218238,2024,2024,False,SC,0.651079,13.158879,0.10012,6.890609,,,13.158879,0.0,3.0,0.738609,10.991241,11.831656
NCAA:lincoln-memorial,Lincoln Memorial University,220631,2024,2024,False,TN,0.714029,13.343766,0.651079,8.121183,9.760303,36.0,13.343766,0.0,5.0,0.793765,11.300462,10.955393
NCAA:linfield,Linfield University,209065,2024,2024,False,OR,0.416067,12.539891,0.515588,7.843064,8.628044,50.0,12.94157,138046.0,4.0,0.681655,10.652826,11.000949
NCAA:loras,Loras College,153825,2024,2024,False,IA,0.34952,12.377051,0.376499,7.585281,8.527097,47.0,12.377051,0.0,8.0,0.730216,10.940916,11.113209
NCAA:louisiana-roche,La Roche University,213358,2024,2024,False,PA,0.18705,11.906116,0.559952,7.922986,8.409824,33.0,11.906116,0.0,3.0,0.282374,8.089789,10.561111
NCAA:louisiana-verne,University of La Verne,117140,2024,2024,False,CA,0.559952,12.904548,0.511391,7.839919,9.012847,49.0,13.052722,64227.0,4.0,0.032974,0.0,11.460041
NCAA:lubbock-christian,Lubbock Christian University,226383,2024,2024,False,TX,0.778777,13.544418,0.760791,8.406038,9.694331,47.0,13.657091,90946.0,3.0,0.525779,9.904137,11.353273
NCAA:luther,Luther College,153834,2024,2024,False,IA,0.32494,12.327077,0.16247,7.128496,8.456084,48.0,12.384641,13375.0,3.0,0.733813,10.968715,11.123535
NCAA:lycoming,Lycoming College,213668,2024,2024,False,PA,0.407674,12.509966,0.689448,8.203304,8.926577,36.0,12.724539,64865.0,3.0,0.722422,10.905038,11.066748
NCAA:lynchburg,University of Lynchburg,232609,2024,2024,False,VA,0.563549,12.917092,0.064149,6.729824,9.025389,49.0,12.917092,0.0,2.0,0.666067,10.542997,11.492243
NCAA:lynn,Lynn University,132657,2024,2024,False,FL,0.800959,13.644092,0.72542,8.291045,9.930568,41.0,13.644092,0.0,4.0,0.47542,9.640823,11.450273
NCAA:lyon,Lyon College,106342,2024,2024,False,AR,0.306954,12.287325,0.215827,7.273786,8.35573,51.0,12.287325,0.0,3.0,0.794964,11.322322,10.859018
NCAA:macalester,Macalester College,173902,2024,2024,False,MN,0.489808,12.703643,0.691247,8.207674,9.066169,38.0,12.949756,91790.0,8.0,0.748201,11.038496,11.31618
NCAA:malone,Malone University,203775,2024,2024,False,OH,0.776978,13.533076,0.456835,7.731053,9.343507,66.0,13.533076,0.0,13.0,0.563549,10.040942,10.591823
NCAA:manchester,Manchester University,151777,2024,2024,False,IN,0.167266,11.834886,0.038969,6.487684,7.79224,57.0,11.846587,1624.0,3.0,0.64988,10.465244,10.932214
NCAA:manhattanville,Manhattanville College,192749,2024,2024,False,NY,0.142686,11.717587,0.022782,6.154858,7.747719,53.0,11.792109,9494.0,4.0,0.504197,9.787796,10.956457
NCAA:maranatha-baptist,Maranatha Baptist University,239071,2024,2024,False,WI,0.002998,9.897369,0.090528,6.852243,7.190023,15.0,10.023756,2678.0,3.0,0.313549,8.512984,10.513824
NCAA:marietta,Marietta College,203845,2024,2024,False,OH,0.311751,12.296466,0.367506,7.562681,8.446529,47.0,12.306678,2247.0,5.0,0.741007,11.003582,11.217426
NCAA:mars-hill,Mars Hill University,198899,2024,2024,False,NC,0.646882,13.150091,0.51259,7.841886,9.16121,54.0,13.150091,0.0,2.0,0.645683,10.452678,10.987172
NCAA:martin-luther,Martin Luther College,173452,2024,2024,False,MN,0.11211,11.543833,0.645683,8.106515,8.653626,18.0,11.543833,0.0,4.0,0.095324,0.0,10.97358
NCAA:mary,University of Mary,200217,2024,2024,False,ND,0.608513,13.04475,0.666667,8.154788,9.238182,45.0,13.04475,0.0,3.0,0.827338,11.596273,11.177187
NCAA:mary-baldwin,Mary Baldwin University,232672,2024,2024,False,VA,0.143885,11.726721,0.241607,7.319865,8.038157,40.0,11.726721,0.0,4.0,0.399281,9.196039,10.837716
NCAA:mary-hardin-baylor,University of Mary Hardin-Baylor,226471,2024,2024,False,TX,0.493405,12.710318,0.544964,7.892078,9.072843,38.0,12.710318,0.0,3.0,0.81235,11.464722,11.355371
NCAA:mary-washington,University of Mary Washington,232681,2024,2024,False,VA,0.351918,12.381189,0.502998,7.828436,8.574711,45.0,12.430443,12030.0,3.0,0.48741,9.706073,11.26554
NCAA:marywood,Marywood University,213826,2024,2024,False,PA,0.058753,11.147368,0.063549,6.728629,7.276845,48.0,11.071502,-5069.0,6.0,0.434652,9.409601,10.381211
NCAA:mcdaniel,McDaniel College,164270,2024,2024,False,MD,0.441847,12.596126,0.51199,7.839919,8.958665,38.0,12.661889,20080.0,4.0,0.772182,11.141586,10.997807
NCAA:mckendree,McKendree University,147013,2024,2024,False,IL,0.772182,13.520829,0.282974,7.401231,,,13.520829,0.0,5.0,0.802158,11.376109,11.12417
NCAA:mcmurry,McMurry University,226587,2024,2024,False,TX,0.535372,12.825815,0.71223,8.259717,8.894124,51.0,12.839425,5093.0,3.0,0.720024,10.897128,10.909363
NCAA:menlo,Menlo College,118693,2024,2024,False,CA,0.745204,13.435489,0.652878,8.125927,9.628891,45.0,13.435489,0.0,4.0,0.604916,10.258641,11.119023
NCAA:mercy,Mercy University,193016,2024,2024,False,NY,0.364508,12.415219,0.352518,7.541683,8.608735,45.0,12.415219,0.0,4.0,0.297962,8.2943,10.694646
NCAA:messiah,Messiah University,213996,2024,2024,False,PA,0.216427,12.014391,0.468225,7.761745,8.301062,41.0,11.92871,-13558.0,8.0,0.495204,9.743612,11.036968
NCAA:methodist,Methodist University,198969,2024,2024,False,NC,0.463429,12.649238,0.276978,7.393263,8.386783,71.0,12.649238,0.0,4.0,0.685851,10.672484,10.995646
NCAA:middlebury,Middlebury College,230959,2024,2024,False,VT,0.576139,12.951556,0.822542,8.679312,9.51764,31.0,12.951556,0.0,4.0,0.861511,11.928011,11.509379
NCAA:miles,Miles College,101675,2024,2024,False,AL,0.516787,12.776057,0.733213,8.31189,9.138576,38.0,12.776057,0.0,2.0,0.601319,10.234085,11.138247
NCAA:millikin,Millikin University,147244,2024,2024,False,IL,0.465827,12.652357,0.625899,8.054523,8.938912,41.0,12.652357,0.0,4.0,0.745204,11.029942,11.071719
NCAA:millsaps,Millsaps College,175980,2024,2024,False,MS,0.454436,12.633423,0.5,7.821643,8.919982,41.0,12.633423,0.0,3.0,0.513189,9.841665,11.117034
NCAA:minnesota-crookston,University of Minnesota-Crookston,174075,2024,2024,False,MN,0.823741,13.753111,0.839329,8.752898,9.727817,56.0,13.753131,19.0,5.0,0.52518,9.89968,11.170646
NCAA:minnesota-duluth,University of Minnesota-Duluth,174233,2024,2024,False,MN,0.528777,12.812659,0.710432,8.249314,9.286389,34.0,12.812659,0.0,5.0,0.845324,11.764851,12.493805
NCAA:minnesota-morris,University of Minnesota-Morris,174251,2024,2024,False,MN,0.196643,11.93644,0.601319,7.993282,8.569328,29.0,11.946213,1500.0,3.0,0.491007,9.736783,10.831489
NCAA:minot-state,Minot State University,200253,2024,2024,False,ND,0.628297,13.097046,0.746403,8.343078,9.185123,50.0,13.097046,0.0,3.0,0.839329,11.695389,11.498532
NCAA:misericordia,Misericordia University,214069,2024,2024,False,PA,0.301559,12.276606,0.666067,8.1545,8.56322,41.0,12.306085,6421.0,4.0,0.829137,11.602163,11.109533
NCAA:missouri-saint-louis,University of Missouri-St Louis,178420,2024,2024,False,MO,0.604317,13.03395,0.566547,7.932721,9.272841,43.0,13.020751,-6001.0,2.0,0.536571,9.942949,11.103979
NCAA:missouri-southern-state,Missouri Southern State University,178341,2024,2024,False,MO,0.696643,13.284606,0.718225,8.27206,9.547006,42.0,13.321291,21974.0,4.0,0.805755,11.408065,11.423427
NCAA:mitchell,Mitchell College,129774,2024,2024,False,CT,0.220024,12.044647,0.386691,7.601402,8.518481,34.0,12.06044,2709.0,5.0,0.279376,8.063063,10.626048
NCAA:molloy,Molloy College,193292,2024,2024,False,NY,0.648082,13.152407,0.790168,8.509967,9.626111,34.0,13.265915,61933.0,4.0,0.263189,7.875119,10.377141
NCAA:montclair-state,Montclair State University,185590,2024,2024,False,NJ,0.344125,12.36478,0.359712,7.551187,8.78141,36.0,12.424991,14547.0,4.0,0.743405,11.007038,11.555563
NCAA:montevallo,University of Montevallo,101709,2024,2024,False,AL,0.69964,13.293206,0.695444,8.214194,9.422084,48.0,13.293206,0.0,3.0,0.709832,10.83147,11.022017
NCAA:moravian,Moravian University,214157,2024,2024,False,PA,0.268585,12.179405,0.139089,7.056175,8.228423,52.0,12.549786,87298.0,3.0,0.718225,10.891634,11.090828
NCAA:mount-aloysius,Mount Aloysius College,214166,2024,2024,False,PA,0.119305,11.588506,0.368106,7.564238,7.804715,44.0,11.588506,0.0,3.0,0.248201,7.682943,10.653747
NCAA:mount-olive,University of Mount Olive,199069,2024,2024,False,NC,0.730216,13.383921,0.681055,8.182559,9.512793,48.0,13.352776,-19916.0,4.0,0.426859,9.363748,10.769747
NCAA:mount-union,University of Mount Union,204185,2024,2024,False,OH,0.282974,12.214918,0.1247,6.974479,,,12.214918,0.0,4.0,0.721823,10.901856,11.095089
NCAA:muhlenberg,Muhlenberg College,214175,2024,2024,False,PA,0.38729,12.463405,0.346523,7.527256,8.937172,34.0,12.463405,0.0,3.0,0.781775,11.219842,11.230483
NCAA:muskingum,Muskingum University,204264,2024,2024,False,OH,0.283573,12.215359,0.127098,6.986566,8.172585,57.0,12.215359,0.0,3.0,0.473621,9.635281,10.695733
NCAA:nebraska-wesleyan,Nebraska Wesleyan University,181446,2024,2024,False,NE,0.197842,11.940609,0.319544,7.46451,8.049101,49.0,11.915493,-3804.0,3.0,0.617506,10.318903,11.148262
NCAA:neumann,Neumann University,214272,2024,2024,False,PA,0.207434,11.962261,0.263789,7.366445,8.178345,44.0,11.962261,0.0,3.0,0.32494,8.588769,10.868492
NCAA:new-jersey-city,New Jersey City University,185129,2024,2024,False,NJ,0.172062,11.85462,0.564149,7.929126,8.389104,32.0,11.84849,-860.0,5.0,0.105516,0.0,11.14076
NCAA:newberry,Newberry College,218414,2024,2024,False,SC,0.717626,13.350967,0.264388,7.367077,9.308005,57.0,13.35717,3910.0,3.0,0.770983,11.133377,11.223949
NCAA:newman,Newman University,155335,2024,2024,False,KS,0.75,13.451644,0.641487,8.096817,9.623067,46.0,13.451644,0.0,2.0,0.515588,9.846388,10.752142
NCAA:nichols,Nichols College,167260,2024,2024,False,MA,0.479616,12.679455,0.360312,7.553287,8.72837,52.0,12.617589,-19262.0,5.0,0.690647,10.722364,10.943676
NCAA:north-carolina-wesleyan,North Carolina Wesleyan University,199209,2024,2024,False,NC,0.321942,12.320771,0.35012,7.533159,8.210165,61.0,12.320771,0.0,2.0,0.594125,10.194888,11.295317
NCAA:north-georgia,University of North Georgia,482680,2024,2024,False,GA,0.756595,13.469298,0.835731,8.734399,10.035353,31.0,13.469298,0.0,3.0,0.31295,8.494129,11.358165
NCAA:north-greenville,North Greenville University,218441,2024,2024,False,SC,0.81235,13.692441,0.639688,8.092239,9.954818,42.0,13.73225,35909.0,4.0,0.666667,10.547129,10.496842
NCAA:north-park,North Park University,147679,2024,2024,False,IL,0.464628,12.650605,0.628297,8.062118,8.866553,44.0,12.650605,0.0,5.0,0.673261,10.58961,11.240999
NCAA:northeastern-state,Northeastern State University,207263,2024,2024,False,OK,0.628897,13.097378,0.706835,8.236421,9.127193,53.0,13.097378,0.0,5.0,0.627098,10.36697,11.310479
NCAA:northern-state,Northern State University,219259,2024,2024,False,SD,0.606715,13.040164,0.630096,8.065579,9.014931,56.0,13.033351,-3127.0,5.0,0.769185,11.127807,11.408354
NCAA:northland,Northland College,239512,2024,2024,False,WI,0.211031,11.982879,0.627098,8.059276,8.650843,28.0,11.982879,0.0,2.0,0.453237,9.527557,10.675307
NCAA:northwest-missouri-state,Northwest Missouri State University,178624,2024,2024,False,MO,0.744604,13.435443,0.654676,8.127405,9.523491,50.0,13.435443,0.0,3.0,0.827938,11.599791,11.712399
NCAA:northwest-nazarene,Northwest Nazarene University,142461,2024,2024,False,ID,0.802158,13.65167,0.731415,8.305731,9.890519,43.0,13.65167,0.0,4.0,0.804556,11.390068,10.995293
NCAA:northwestern-saint-paul,University of Northwestern-St Paul,174491,2024,2024,False,MN,0.113309,11.552002,0.170863,7.150701,7.838814,41.0,11.552002,0.0,4.0,0.510192,9.829141,11.153576
NCAA:northwood,Northwood University,171492,2024,2024,False,MI,0.710432,13.333554,0.553357,7.912789,9.344656,54.0,13.333554,0.0,4.0,0.771583,11.134969,11.131943
NCAA:norwich,Norwich University,230995,2024,2024,False,VT,0.285372,12.225885,0.157074,7.113142,8.56251,39.0,12.225885,0.0,4.0,0.71223,10.847355,10.998945
NCAA:nova-southeastern,Nova Southeastern University,136215,2024,2024,False,FL,0.808153,13.670405,0.739808,8.327484,10.006887,39.0,13.670405,0.0,2.0,0.552158,10.001521,11.629757
NCAA:oakland-city,Oakland City University,152099,2024,2024,False,IN,0.898681,14.208651,0.446643,7.713785,10.238395,53.0,14.208651,0.0,5.0,0.568345,10.062711,10.649109
NCAA:oberlin,Oberlin College,204501,2024,2024,False,OH,0.372302,12.433698,0.458633,7.735433,8.968086,32.0,12.433698,0.0,2.0,0.821343,11.541464,11.190265
NCAA:occidental,Occidental College,120254,2024,2024,False,CA,0.339928,12.355273,0.405276,7.639642,8.691875,39.0,12.581652,58986.0,7.0,0.633094,10.385173,11.278013
NCAA:oglethorpe,Oglethorpe University,140696,2024,2024,False,GA,0.377698,12.442128,0.558753,7.921898,8.728714,41.0,12.442128,0.0,3.0,0.328537,8.617581,11.07487
NCAA:ohio-dominican,Ohio Dominican University,204617,2024,2024,False,OH,0.501799,12.734148,0.332134,7.497762,9.020694,41.0,12.724926,-3113.0,3.0,0.527578,9.905436,10.999831
NCAA:ohio-northern,Ohio Northern University,204635,2024,2024,False,OH,0.42506,12.55508,0.504197,7.82963,8.866338,40.0,12.55508,0.0,3.0,0.785372,11.237765,11.296969
NCAA:ohio-wesleyan,Ohio Wesleyan University,204909,2024,2024,False,OH,0.291367,12.239836,0.366307,7.559559,8.526457,41.0,12.239836,0.0,4.0,0.748801,11.039139,11.061045
NCAA:oklahoma-baptist,Oklahoma Baptist University,207403,2024,2024,False,OK,0.72542,13.371101,0.779376,8.471987,9.874644,33.0,13.371101,0.0,3.0,0.715827,10.866395,11.260211
NCAA:oklahoma-christian,Oklahoma Christian University,207324,2024,2024,False,OK,0.748201,13.44616,0.457434,7.732808,,,13.677608,180001.0,5.0,0.561751,10.035568,11.001816
NCAA:olivet,The University of Olivet,171599,2024,2024,False,MI,0.223621,12.055529,0.056954,6.689599,8.366876,40.0,12.301924,48071.0,2.0,0.616906,10.317912,11.012281
NCAA:otterbein,Otterbein University,204936,2024,2024,False,OH,0.378297,12.443107,0.547962,7.903596,8.454332,54.0,12.458573,3951.0,6.0,0.618705,10.328069,10.993597
NCAA:ouachita-baptist,Ouachita Baptist University,107512,2024,2024,False,AR,0.694844,13.27832,0.678058,8.176954,9.723031,35.0,13.155034,-67783.0,3.0,0.740408,11.002117,11.332255
NCAA:pace,Pace University,194310,2024,2024,False,NY,0.580336,12.965171,0.572542,7.94094,9.438888,34.0,13.081016,52478.0,4.0,0.633693,10.394396,11.392835
NCAA:pacific-lutheran,Pacific Lutheran University,236230,2024,2024,False,WA,0.51199,12.765811,0.735612,8.319717,8.959274,45.0,12.955262,73014.0,5.0,0.491607,9.737433,11.194537
NCAA:paine,Paine College,140720,2024,2024,False,GA,0.218825,12.037003,0.181055,7.180831,9.203884,17.0,12.037003,0.0,2.0,0.206835,6.753438,10.92192
NCAA:palm-beach-atlantic,Palm Beach Atlantic University,136330,2024,2024,False,FL,0.767386,13.507571,0.67446,8.168203,9.844061,39.0,13.519288,8662.0,5.0,0.582734,10.1451,11.351065
NCAA:pfeiffer,Pfeiffer University,199306,2024,2024,False,NC,0.239209,12.097117,0.370504,7.570959,8.205564,49.0,12.36614,55364.0,2.0,0.381295,9.075093,10.955759
NCAA:piedmont,Piedmont University,140818,2024,2024,False,GA,0.547362,12.855088,0.525779,7.860185,8.943193,50.0,12.776654,-28872.0,3.0,0.597122,10.218116,10.923544
NCAA:pittsburg-state,Pittsburg State University,155681,2024,2024,False,KS,0.738609,13.416141,0.717026,8.270781,9.464974,52.0,13.416141,0.0,3.0,0.809353,11.435591,12.022751
NCAA:plymouth-state,Plymouth State University,183080,2024,2024,False,NH,0.241607,12.100607,0.361511,7.553287,8.316656,44.0,11.819189,-44147.0,3.0,0.43705,9.425855,11.365005
NCAA:point-park,Point Park University,215442,2024,2024,False,PA,0.842926,13.864243,0.679257,8.178639,9.737166,62.0,13.874366,10683.0,7.0,0.433453,9.393911,11.188123
NCAA:post,Post University,130183,2024,2024,False,CT,0.705635,13.316976,0.633693,8.076205,9.385232,51.0,13.377621,37977.0,5.0,0.667866,10.562975,11.130786
NCAA:puget-sound,University of Puget Sound,236328,2024,2024,False,WA,0.318345,12.313967,0.414269,7.652071,8.402164,50.0,12.313967,0.0,5.0,0.585132,10.152143,11.269133
NCAA:purdue-northwest,Purdue University Northwest,490805,2024,2024,False,IN,0.461031,12.645865,0.604916,8.006701,8.774815,48.0,12.645865,0.0,4.0,0.508393,9.81684,11.216579
NCAA:quincy,Quincy University,148131,2024,2024,False,IL,0.783573,13.563246,0.673261,8.167068,9.343824,68.0,13.704617,117995.0,5.0,0.766187,11.123624,11.039925
NCAA:quincy,Quincy College,167525,2024,2024,False,MA,0.020983,10.730379,0.264988,7.367709,,,10.714484,-721.0,2.0,0.086331,0.0,10.778977
NCAA:randolph-macon,Randolph-Macon College,233295,2024,2024,False,VA,0.456235,12.634743,0.58753,7.964503,8.72288,50.0,12.634743,0.0,4.0,0.664269,10.520725,11.19521
NCAA:redlands,University of Redlands,121691,2024,2024,False,CA,0.408273,12.511294,0.646283,8.108623,9.045672,32.0,12.52614,4059.0,4.0,0.757194,11.067388,11.35647
NCAA:rhodes,Rhodes College,221351,2024,2024,False,TN,0.582134,12.967068,0.756595,8.397734,9.160508,45.0,12.967068,0.0,5.0,0.724221,10.919298,11.197954
NCAA:ripon,Ripon College,239628,2024,2024,False,WI,0.293165,12.247704,0.536571,7.874739,8.441252,45.0,12.297293,10600.0,6.0,0.548561,9.994196,10.8785
NCAA:rivier,Rivier University,183211,2024,2024,False,NH,0.239808,12.098788,0.427458,7.672292,8.270397,46.0,12.119016,3671.0,5.0,0.640288,10.432968,11.19148
NCAA:roanoke,Roanoke College,233426,2024,2024,False,VA,0.236211,12.090185,0.092926,6.858565,8.376837,41.0,12.090185,0.0,4.0,0.677458,10.60997,11.157436
NCAA:rockford,Rockford University,148405,2024,2024,False,IL,0.486211,12.69613,0.459832,7.742836,9.00737,40.0,12.69613,0.0,7.0,0.508993,9.819073,10.910204
NCAA:rockhurst,Rockhurst University,179043,2024,2024,False,MO,0.793765,13.609813,0.607914,8.015327,9.602546,55.0,13.609813,0.0,6.0,0.540168,9.9487,11.062254
NCAA:roger-williams,Roger Williams University,217518,2024,2024,False,RI,0.273981,12.198947,0.600719,7.991592,8.327983,48.0,12.05475,-26666.0,4.0,0.239808,7.496097,10.924445
NCAA:rogers-state,Rogers State University,207661,2024,2024,False,OK,0.685252,13.256922,0.804556,8.582981,9.730619,34.0,13.256922,0.0,3.0,0.496403,9.745078,11.051858
NCAA:rollins,Rollins College,136950,2024,2024,False,FL,0.858513,13.96464,0.601918,7.999007,,,13.96464,0.0,5.0,0.752998,11.052761,11.25147
NCAA:roosevelt,Roosevelt University,148487,2024,2024,False,IL,0.769784,13.517421,0.568945,7.935945,9.566246,52.0,13.517421,0.0,5.0,0.330935,8.630522,11.142948
NCAA:rosemont,Rosemont College,215691,2024,2024,False,PA,0.041367,11.037483,0.118705,6.958448,7.300473,42.0,11.037483,0.0,6.0,0.233813,7.424165,10.919461
NCAA:rowan,Rowan University,184782,2024,2024,False,NJ,0.375899,12.439978,0.671463,8.163371,8.856598,36.0,12.630964,53180.0,5.0,0.485012,9.696463,11.548978
NCAA:russell-sage,Russell Sage College,195128,2024,2024,False,NY,0.098921,11.47406,0.08753,6.837333,7.836858,38.0,11.588228,11633.0,4.0,0.531775,9.918672,10.7454
NCAA:rust,Rust College,176318,2024,2024,False,MS,0.33753,12.346851,0.026978,6.297109,8.286656,58.0,12.346851,0.0,2.0,0.578537,10.126671,11.141383
NCAA:rutgers-camden,Rutgers University-Camden,186371,2024,2024,False,NJ,0.367506,12.422051,0.614508,8.036573,8.733328,40.0,12.422051,0.0,2.0,0.269185,7.941651,10.86021
NCAA:rutgers-newark,Rutgers University-Newark,186399,2024,2024,False,NJ,0.396283,12.47822,0.631295,8.072779,8.7648,41.0,12.487662,2491.0,5.0,0.495803,9.743788,11.386557
NCAA:saint-andrews,St. Andrews University,199698,2024,2024,False,NC,0.722422,13.365951,0.106115,6.913737,9.191664,65.0,13.385664,12700.0,4.0,0.218825,7.20786,10.663195
NCAA:saint-anselm,Saint Anselm College,183239,2024,2024,False,NH,0.579736,12.963302,0.766187,8.429018,9.325803,38.0,13.084678,55036.0,4.0,0.782974,11.222921,11.102337
NCAA:saint-cloud-state,Saint Cloud State University,174783,2024,2024,False,MN,0.689448,13.260491,0.796763,8.539346,9.522893,42.0,13.260491,0.0,4.0,0.840528,11.701908,12.127024
NCAA:saint-edwards,Saint Edward's University,227845,2024,2024,False,TX,0.850719,13.919292,0.023381,6.20859,9.825001,60.0,13.986853,77539.0,3.0,0.530576,9.913586,11.288356
NCAA:saint-elizabeth,Saint Elizabeth University,186618,2024,2024,False,NJ,0.184652,11.894207,0.314748,7.455298,8.110311,44.0,11.959245,9839.0,4.0,0.344125,8.744488,10.690717
NCAA:saint-john-fisher,St. John Fisher University,195720,2024,2024,False,NY,0.527578,12.806701,0.826739,8.69249,9.169217,38.0,12.846449,14786.0,5.0,0.830336,11.618969,11.157735
NCAA:saint-lawrence,St Lawrence University,195216,2024,2024,False,NY,0.191847,11.926636,0.119305,6.960348,8.165714,43.0,11.926636,0.0,2.0,0.878297,12.207796,11.431965
NCAA:saint-leo,Saint Leo University,137032,2024,2024,False,FL,0.716427,13.349515,0.664269,8.149891,9.565394,44.0,13.543942,134673.0,3.0,0.51199,9.840388,11.284681
NCAA:saint-martins,Saint Martin's University,236452,2024,2024,False,WA,0.557554,12.890502,0.727218,8.298291,9.201721,40.0,13.277466,187361.0,3.0,0.291367,8.232174,11.134049
NCAA:saint-marys-maryland,St. Mary's College of Maryland,163912,2024,2024,False,MD,0.200839,11.948577,0.209832,7.254885,8.337892,37.0,11.948577,0.0,5.0,0.26199,7.844241,11.082727
NCAA:saint-michaels,Saint Michael's College,231059,2024,2024,False,VT,0.544365,12.848347,0.706235,8.23483,9.184886,39.0,12.848347,0.0,4.0,0.668465,10.566459,11.098606
NCAA:saint-norbert,Saint Norbert College,239716,2024,2024,False,WI,0.453837,12.629424,0.341127,7.513709,8.940672,40.0,12.629424,0.0,4.0,0.667266,10.553753,10.947661
NCAA:saint-olaf,St Olaf College,174844,2024,2024,False,MN,0.253597,12.137847,0.229017,7.300473,8.287946,47.0,12.395155,54818.0,5.0,0.68765,10.685447,11.268175
NCAA:saint-scholastica,The College of Saint Scholastica,174899,2024,2024,False,MN,0.352518,12.382883,0.23741,7.31322,8.431853,52.0,12.752131,106606.0,4.0,0.555755,10.019491,10.762192
NCAA:saint-thomas-aquinas,St. Thomas Aquinas College,195243,2024,2024,False,NY,0.773381,13.522237,0.495803,7.813187,9.514976,55.0,13.515344,-5123.0,4.0,0.541966,9.967776,11.239672
NCAA:saint-vincent,Saint Vincent College,215798,2024,2024,False,PA,0.351319,12.380509,0.416067,7.653495,8.286412,60.0,12.380509,0.0,2.0,0.744604,11.024008,10.899236
NCAA:salem-state,Salem State University,167729,2024,2024,False,MA,0.070743,11.262937,0.300959,7.4313,7.829335,31.0,11.262937,0.0,2.0,0.22482,7.301148,9.710388
NCAA:salisbury,Salisbury University,163851,2024,2024,False,MD,0.276379,12.206887,0.451439,7.72312,8.596149,37.0,12.206887,0.0,3.0,0.503597,9.781998,11.532355
NCAA:salve-regina,Salve Regina University,217536,2024,2024,False,RI,0.526379,12.804214,0.18765,7.204893,8.933142,48.0,12.641372,-54662.0,6.0,0.727818,10.926532,11.044537
NCAA:savannah-state,Savannah State University,140960,2024,2024,False,GA,0.156475,11.764913,0.005995,5.690359,7.915123,47.0,12.159254,62194.0,3.0,0.065348,0.0,10.942014
NCAA:schreiner,Schreiner University,228042,2024,2024,False,TX,0.395084,12.47716,0.088729,6.844815,8.272719,67.0,12.433467,-11213.0,3.0,0.396882,9.18656,10.820778
NCAA:scranton,University of Scranton,215929,2024,2024,False,PA,0.47542,12.673072,0.697242,8.215547,8.781402,49.0,12.673072,0.0,5.0,0.516787,9.849084,11.175212
NCAA:seton-hill,Seton Hill University,215947,2024,2024,False,PA,0.705036,13.316462,0.618705,8.046549,9.365302,52.0,13.316462,0.0,3.0,0.714628,10.861784,11.105784
NCAA:shenandoah,Shenandoah University,233541,2024,2024,False,VA,0.457434,12.637124,0.342326,7.517521,8.447681,66.0,12.637124,0.0,5.0,0.656475,10.487991,10.906781
NCAA:shepherd,Shepherd University,237792,2024,2024,False,WV,0.478417,12.677709,0.496403,7.814803,8.849208,46.0,12.677709,0.0,4.0,0.559353,10.02893,10.976594
NCAA:shorter,Shorter University,140988,2024,2024,False,GA,0.72482,13.370396,0.700839,8.221479,9.609262,43.0,13.370396,0.0,3.0,0.734412,10.977073,10.877198
NCAA:simpson,Simpson University,123457,2024,2024,False,CA,0.876499,14.050862,0.636091,8.08302,10.616899,31.0,14.050862,0.0,3.0,0.543765,9.976552,11.144192
NCAA:simpson,Simpson College,154350,2024,2024,False,IA,0.338129,12.348626,0.396882,7.619724,8.417017,51.0,12.386355,8868.0,5.0,0.654676,10.482374,10.875478
NCAA:sioux-falls,University of Sioux Falls,219383,2024,2024,False,SD,0.58753,12.984948,0.568345,7.934872,9.134906,47.0,12.9862,546.0,4.0,0.770384,11.132704,11.230443
NCAA:skidmore,Skidmore College,195526,2024,2024,False,NY,0.272182,12.191649,0.544365,7.892078,8.757814,31.0,12.191649,0.0,4.0,0.53717,9.944054,11.168518
NCAA:sonoma-state,Sonoma State University,123572,2024,2024,False,CA,0.718225,13.351177,0.63789,8.090709,9.439232,50.0,13.351177,0.0,8.0,0.465827,9.593969,11.745187
NCAA:southern-connecticut-state,Southern Connecticut State University,130493,2024,2024,False,CT,0.693645,13.277247,0.197242,7.224025,9.750943,34.0,13.277247,0.0,3.0,0.501799,9.778718,11.825997
NCAA:southern-nazarene,Southern Nazarene University,206862,2024,2024,False,OK,0.690647,13.263932,0.491007,7.802618,9.479817,44.0,13.2418,-12609.0,5.0,0.65048,10.465757,10.826277
NCAA:southern-virginia,Southern Virginia University,233611,2024,2024,False,VA,0.219424,12.043124,0.497602,7.81682,8.487976,35.0,12.043124,0.0,3.0,0.696643,10.761089,11.082081
NCAA:southern-wesleyan,Southern Wesleyan University,217776,2024,2024,False,SC,0.664868,13.204662,0.54976,7.906547,9.179412,56.0,13.204662,0.0,5.0,0.282974,8.091321,10.63007
NCAA:southwest-baptist,Southwest Baptist University,179326,2024,2024,False,MO,0.56295,12.914914,0.642086,8.100161,9.153817,43.0,12.914914,0.0,3.0,0.624101,10.346826,11.137155
NCAA:southwest-minnesota-state,Southwest Minnesota State University,175078,2024,2024,False,MN,0.477818,12.677603,0.663669,8.147578,9.122361,35.0,12.677603,0.0,3.0,0.621703,10.340387,11.501622
NCAA:spalding,Spalding University,157757,2024,2024,False,KY,0.365108,12.416751,0.653477,8.126223,8.610267,45.0,12.416751,0.0,3.0,0.54976,9.994425,10.671974
NCAA:spring-hill,Spring Hill College,102234,2024,2024,False,AL,0.647482,13.152394,0.385492,7.600402,8.918419,69.0,13.202338,26387.0,4.0,0.320144,8.545781,10.794009
NCAA:springfield,Springfield College,167899,2024,2024,False,MA,0.300959,12.270633,0.193645,7.218177,8.379038,49.0,12.270633,0.0,4.0,0.8753,12.148221,11.352099
NCAA:stevenson,Stevenson University,164173,2024,2024,False,MD,0.209832,11.974279,0.33753,7.507141,8.448127,34.0,12.086382,18817.0,2.0,0.82494,11.576867,11.164955
NCAA:stillman,Stillman College,102270,2024,2024,False,AL,0.304556,12.282547,0.056355,6.689599,8.727357,35.0,12.30576,5070.0,2.0,0.006595,0.0,10.198096
NCAA:stockton,Stockton University,186876,2024,2024,False,NJ,0.402278,12.498328,0.672662,8.165364,9.032708,32.0,12.498328,0.0,4.0,0.314748,8.51479,11.39738
NCAA:suffolk,Suffolk University,168005,2024,2024,False,MA,0.369305,12.425553,0.59952,7.991254,9.024473,30.0,12.425553,0.0,3.0,0.264988,7.885705,10.984275
NCAA:sul-ross-state,Sul Ross State University,228501,2024,2024,False,TX,0.133693,11.664839,0.204436,7.237059,8.109783,35.0,12.116957,66542.0,2.0,0.67506,10.596635,10.758116
NCAA:suny-brockport,SUNY Brockport,196121,2024,2024,False,NY,0.342926,12.360959,0.26199,7.36328,8.469344,49.0,12.360959,0.0,3.0,0.754796,11.054471,11.136995
NCAA:suny-maritime,SUNY Maritime College,196291,2024,2024,False,NY,0.051559,11.100164,0.029976,6.361302,7.363113,42.0,11.954806,89381.0,2.0,0.380096,9.047939,10.933178
NCAA:suny-oneonta,SUNY Oneonta,196185,2024,2024,False,NY,0.266187,12.173901,0.363309,7.554859,8.563169,37.0,12.173901,0.0,2.0,0.540767,9.959726,10.998644
NCAA:susquehanna,Susquehanna University,216278,2024,2024,False,PA,0.294964,12.249544,0.595923,7.984122,8.512071,42.0,12.249544,0.0,4.0,0.66307,10.514936,11.42607
NCAA:swarthmore,Swarthmore College,216287,2024,2024,False,PA,0.255396,12.144793,0.303357,7.433667,8.481433,39.0,12.220197,14733.0,6.0,0.572542,10.083097,11.538476
NCAA:tampa,The University of Tampa,137847,2024,2024,False,FL,0.914269,14.321373,0.954436,9.784535,10.737876,36.0,14.420825,173413.0,5.0,0.802758,11.380239,11.453377
NCAA:temple,Temple College,228608,2024,2024,False,TX,0.597722,13.012823,0.480815,7.784473,9.547156,32.0,13.012823,0.0,3.0,0.361511,8.905173,11.27719
NCAA:texas-a-and-m-international,Texas A & M International University,226152,2024,2024,False,TX,0.657674,13.179509,0.786571,8.49372,9.490703,40.0,13.179509,0.0,4.0,0.764388,11.117599,11.191976
NCAA:texas-a-and-m-kingsville,Texas A & M University-Kingsville,228705,2024,2024,False,TX,0.747002,13.438424,0.742806,8.338306,9.609849,46.0,13.438521,66.0,2.0,0.821942,11.545257,11.443297
NCAA:texas-dallas,The University of Texas at Dallas,228787,2024,2024,False,TX,0.423861,12.551175,0.571942,7.940228,8.837745,41.0,12.521361,-8296.0,2.0,0.419065,9.31109,11.120061
NCAA:texas-lutheran,Texas Lutheran University,228981,2024,2024,False,TX,0.386691,12.46298,0.229616,7.300473,8.61301,47.0,12.601218,38335.0,3.0,0.46283,9.58459,11.244928
NCAA:thiel,Thiel College,216357,2024,2024,False,PA,0.248801,12.121288,0.203237,7.235619,8.360316,43.0,12.121288,0.0,2.0,0.610312,10.287695,11.198612
NCAA:thomas-more,Thomas More University,157809,2024,2024,False,KY,0.382494,12.454069,0.154077,7.101676,8.870686,36.0,12.707072,73783.0,4.0,0.561151,10.034077,10.828163
NCAA:tiffin,Tiffin University,206048,2024,2024,False,OH,0.530576,12.816156,0.231415,7.301148,8.790954,56.0,12.816156,0.0,2.0,0.723621,10.91285,11.03447
NCAA:transylvania,Transylvania University,157818,2024,2024,False,KY,0.502398,12.734808,0.693046,8.210124,8.997259,42.0,12.734808,0.0,3.0,0.449041,9.505842,11.3972
NCAA:trevecca-nazarene,Trevecca Nazarene University,221892,2024,2024,False,TN,0.733813,13.393767,0.729616,8.301522,9.587171,45.0,13.393767,0.0,6.0,0.592326,10.185881,11.214412
NCAA:trine,Trine University,152567,2024,2024,False,IN,0.348321,12.375279,0.218225,7.277939,8.35016,56.0,12.362007,-3123.0,2.0,0.797962,11.356389,11.156736
NCAA:truman-state,Truman State University,178615,2024,2024,False,MO,0.406475,12.506625,0.561751,7.92588,8.895841,37.0,12.506625,0.0,2.0,0.68705,10.681458,11.095712
NCAA:tufts,Tufts University,168148,2024,2024,False,MA,0.614508,13.061362,0.721223,8.282483,9.32378,42.0,13.061362,0.0,4.0,0.872302,12.09069,11.476012
NCAA:tusculum,Tusculum University,221953,2024,2024,False,TN,0.682254,13.251112,0.486811,7.798113,9.173676,59.0,13.251112,0.0,3.0,0.693046,10.741103,10.939586
NCAA:tuskegee,Tuskegee University,102377,2024,2024,False,AL,0.422062,12.549357,0.622902,8.051022,8.88593,39.0,12.549357,0.0,2.0,0.797362,11.352017,11.708986
NCAA:upper-iowa,Upper Iowa University,154493,2024,2024,False,IA,0.660072,13.192264,0.508993,7.835975,9.185032,55.0,13.166845,-13458.0,4.0,0.699041,10.768801,11.160442
NCAA:ursinus,Ursinus College,216524,2024,2024,False,PA,0.233813,12.088274,0.07494,6.769642,8.281859,45.0,12.088274,0.0,5.0,0.661271,10.509169,11.217923
NCAA:utica,Utica University,197045,2024,2024,False,NY,0.464029,12.650066,0.366906,7.562162,8.475884,65.0,12.650066,0.0,6.0,0.789568,11.273411,11.244484
NCAA:valdosta-state,Valdosta State University,141264,2024,2024,False,GA,0.643885,13.147663,0.371703,7.573531,9.319109,46.0,13.147663,0.0,3.0,0.847722,11.772594,11.389039
NCAA:valley-forge,University of Valley Forge,216542,2024,2024,False,PA,0.073141,11.276431,0.258393,7.355641,7.980923,27.0,11.46752,16622.0,7.0,0.188249,6.028279,10.559841
NCAA:vassar,Vassar College,197133,2024,2024,False,NY,0.361511,12.40596,0.31235,7.450661,8.879734,34.0,12.40596,0.0,2.0,0.63729,10.412051,11.185809
NCAA:virginia-state,Virginia State University,234155,2024,2024,False,VA,0.074341,11.284669,0.044964,6.55108,7.571599,41.0,11.284669,0.0,3.0,0.471223,9.618867,11.367321
NCAA:virginia-wesleyan,Virginia Wesleyan University,234173,2024,2024,False,VA,0.307554,12.288965,0.151679,7.091742,8.130372,64.0,12.288965,0.0,2.0,0.598321,10.22125,10.973169
NCAA:walsh,Walsh University,206437,2024,2024,False,OH,0.691847,13.274272,0.27518,7.388946,9.025895,70.0,13.47637,130355.0,4.0,0.6253,10.350414,11.105123
NCAA:wartburg,Wartburg College,154527,2024,2024,False,IA,0.380096,12.446726,0.318945,7.463937,8.476638,53.0,12.446726,0.0,6.0,0.817146,11.505357,11.132104
NCAA:washburn,Washburn University,156082,2024,2024,False,KS,0.770384,13.517511,0.734412,8.31923,9.566336,52.0,13.517511,0.0,4.0,0.788369,11.265464,11.531728
NCAA:washington-and-lee,Washington and Lee University,234207,2024,2024,False,VA,0.41247,12.533183,0.668465,8.15823,8.949791,36.0,12.533183,0.0,4.0,0.685252,10.666371,11.510011
NCAA:waynesburg,Waynesburg University,216694,2024,2024,False,PA,0.056355,11.134954,0.1253,6.974479,7.73418,30.0,11.134954,0.0,5.0,0.57554,10.110664,10.774111
NCAA:webster,Webster University,179894,2024,2024,False,MO,0.458633,12.641669,0.715827,8.268732,8.813173,46.0,12.95078,111988.0,8.0,0.523981,9.897972,10.942686
NCAA:west-alabama,University of West Alabama,101587,2024,2024,False,AL,0.784772,13.563507,0.811151,8.611776,10.037189,34.0,13.578004,11350.0,5.0,0.790767,11.284593,11.349335
NCAA:west-florida,The University of West Florida,138354,2024,2024,False,FL,0.735012,13.399031,0.848321,8.808668,9.815565,36.0,13.392465,-4315.0,4.0,0.765588,11.120194,11.413613
NCAA:west-liberty,West Liberty University,237932,2024,2024,False,WV,0.44964,12.616844,0.306954,7.438384,8.87931,42.0,12.616844,0.0,6.0,0.428657,9.368028,11.033873
NCAA:west-texas-a-and-m,West Texas A & M University,229814,2024,2024,False,TX,0.719424,13.3546,0.714628,8.266164,9.52603,46.0,13.3546,0.0,3.0,0.83753,11.690243,11.407698
NCAA:west-virginia-state,West Virginia State University,237899,2024,2024,False,WV,0.579137,12.961727,0.067746,6.740519,9.324228,38.0,12.768863,-74688.0,4.0,0.484412,9.695971,11.280426
NCAA:west-virginia-wesleyan,West Virginia Wesleyan College,237969,2024,2024,False,WV,0.405276,12.500338,0.338729,7.508239,8.629312,48.0,12.500338,0.0,2.0,0.613309,10.306115,10.761556
NCAA:western-oregon,Western Oregon University,210429,2024,2024,False,OR,0.703237,13.304908,0.803357,8.580731,9.567307,42.0,13.304908,0.0,4.0,0.733213,10.964934,11.309205
NCAA:westfield-state,Westfield State University,168263,2024,2024,False,MA,0.21223,11.989222,0.603118,8.004032,8.40592,36.0,12.113332,21276.0,5.0,0.410072,9.253974,11.04626
NCAA:westmont,Westmont College,125727,2024,2024,False,CA,0.721223,13.35793,0.711031,8.253228,9.486803,48.0,13.367484,6075.0,5.0,0.514988,9.845011,11.260855
NCAA:wheeling,Wheeling University,238078,2024,2024,False,WV,0.690048,13.261536,0.76199,8.414274,9.477421,44.0,13.261536,0.0,1.0,0.70024,10.786904,10.760941
NCAA:whitman,Whitman College,237057,2024,2024,False,WA,0.607914,13.044547,0.868705,8.949235,9.461103,36.0,13.064429,9289.0,4.0,0.571343,10.071372,11.397761
NCAA:whittier,Whittier College,125763,2024,2024,False,CA,0.205635,11.959193,0.447242,7.714231,8.221786,42.0,11.959193,0.0,4.0,0.303357,8.353497,11.020823
NCAA:whitworth,Whitworth University,237066,2024,2024,False,WA,0.395683,12.477431,0.645084,8.106213,8.670936,45.0,12.493141,4154.0,6.0,0.705635,10.804299,11.346717
NCAA:widener,Widener University,216852,2024,2024,False,PA,0.260192,12.152487,0.017986,6.056784,8.463814,40.0,12.188229,6898.0,5.0,0.541367,9.962181,11.147167
NCAA:wilkes,Wilkes University,216931,2024,2024,False,PA,0.357314,12.396433,0.823741,8.682708,8.995355,30.0,12.396433,0.0,9.0,0.729616,10.939426,11.289744
NCAA:willamette,Willamette University,210401,2024,2024,False,OR,0.439448,12.592161,0.681655,8.182839,8.903414,40.0,12.592161,0.0,4.0,0.632494,10.380622,11.068605
NCAA:william-jewell,William Jewell College,179955,2024,2024,False,MO,0.613909,13.061028,0.377098,7.587311,9.232483,46.0,13.097156,17300.0,4.0,0.628897,10.371333,11.088889
NCAA:william-peace,William Peace University,199272,2024,2024,False,NC,0.366307,12.420777,0.302758,7.433667,8.277892,63.0,12.420777,0.0,5.0,0.547362,9.990261,10.739999
NCAA:williams,Williams College,168342,2024,2024,False,MA,0.411871,12.532801,0.619904,8.049108,9.165606,29.0,12.532801,0.0,3.0,0.791966,11.287755,11.19532
NCAA:wilson,Wilson College,217013,2024,2024,False,PA,0.171463,11.852058,0.397482,7.620215,8.325933,34.0,11.852058,0.0,4.0,0.435252,9.417111,10.620913
NCAA:wingate,Wingate University,199962,2024,2024,False,NC,0.6247,13.079019,0.644484,8.103494,9.167099,50.0,13.202708,63039.0,3.0,0.704436,10.804096,11.140484
NCAA:winona-state,Winona State University,175272,2024,2024,False,MN,0.649281,13.15455,0.616307,8.039157,9.147321,55.0,13.15455,0.0,4.0,0.642686,10.439747,11.555937
NCAA:wisconsin-eau-claire,University of Wisconsin-Eau Claire,240268,2024,2024,False,WI,0.326139,12.328197,0.705635,8.2343,8.457204,48.0,12.558991,58664.0,4.0,0.684652,10.659328,11.029569
NCAA:wisconsin-louisiana-crosse,University of Wisconsin-La Crosse,240329,2024,2024,False,WI,0.604916,13.035783,0.691847,8.208492,9.452341,36.0,13.131161,45887.0,6.0,0.582134,10.144235,11.167897
NCAA:wisconsin-lutheran,Wisconsin Lutheran College,240338,2024,2024,False,WI,0.193645,11.9277,0.342926,7.518607,8.239079,40.0,12.163614,40283.0,5.0,0.698441,10.767073,10.992706
NCAA:wisconsin-oshkosh,University of Wisconsin-Oshkosh,240365,2024,2024,False,WI,0.490408,12.703722,0.699041,8.219865,8.990271,41.0,14.563322,1783401.0,2.0,0.588129,10.161419,11.204646
NCAA:wisconsin-parkside,University of Wisconsin-Parkside,240374,2024,2024,False,WI,0.543765,12.847387,0.557554,7.919356,9.109825,42.0,12.847387,0.0,4.0,0.366307,8.950144,11.180204
NCAA:wisconsin-platteville,University of Wisconsin-Platteville,240462,2024,2024,False,WI,0.257194,12.147771,0.542566,7.889084,8.319368,46.0,12.416115,58073.0,4.0,0.735612,10.978882,11.109773
NCAA:wisconsin-stevens-point,University of Wisconsin-Stevens Point,240480,2024,2024,False,WI,0.229017,12.066046,0.335731,7.502186,8.216163,47.0,12.063391,-461.0,3.0,0.636091,10.407289,11.066623
NCAA:wisconsin-stout,University of Wisconsin-Stout,240417,2024,2024,False,WI,0.272782,12.193585,0.58693,7.963808,8.556186,38.0,12.310942,24595.0,4.0,0.604317,10.258571,11.156822
NCAA:wisconsin-superior,University of Wisconsin-Superior,240426,2024,2024,False,WI,0.215228,12.008883,0.522182,7.853216,8.398184,37.0,12.008883,0.0,4.0,0.354317,8.865453,10.935711
NCAA:wisconsin-whitewater,University of Wisconsin-Whitewater,240189,2024,2024,False,WI,0.415468,12.53708,0.143285,7.069023,8.981854,35.0,12.543473,1786.0,7.0,0.266187,7.901377,11.214856
NCAA:wittenberg,Wittenberg University,206525,2024,2024,False,OH,0.428657,12.566896,0.428058,7.673223,8.829369,42.0,12.566896,0.0,6.0,0.751199,11.046739,10.819498
NCAA:wooster,The College of Wooster,206589,2024,2024,False,OH,0.414868,12.536304,0.676859,8.175829,9.010062,34.0,12.570094,9563.0,3.0,0.658273,10.497753,11.24383
NCAA:worcester-state,Worcester State University,168430,2024,2024,False,MA,0.214029,11.999964,0.545564,7.895808,8.362606,38.0,12.040207,6683.0,5.0,0.270983,7.956477,10.622083
NCAA:yeshiva,Yeshiva University,197708,2024,2024,False,NY,0.078537,11.309425,0.306355,7.437795,8.419262,18.0,11.309425,0.0,4.0,0.204436,6.639876,11.030898
NCAA:york-pennsylvania,York College of Pennsylvania,217059,2024,2024,False,PA,0.166067,11.824842,0.298561,7.427739,8.111562,41.0,11.891458,9410.0,5.0,0.505995,9.805047,11.10649
NCAA:young-harris,Young Harris College,141361,2024,2024,False,GA,0.764988,13.503012,0.657674,8.137103,9.375961,62.0,13.503012,0.0,3.0,0.596523,10.214862,10.983155
IPEDS:100654,Alabama A & M University,100654,2025,2025,False,AL,0.723353,13.421727,0.611377,8.03722,9.571648,47.0,12.822023,-304217.0,3.0,0.756886,11.066685,11.818563
IPEDS:100663,University of Alabama at Birmingham,100663,2025,2025,False,AL,0.9,14.293523,0.890419,9.135186,10.486887,45.0,14.343269,82264.0,4.0,0.932934,13.152596,13.143214
IPEDS:100724,Alabama State University,100724,2025,2025,False,AL,0.747305,13.475437,0.682036,8.20958,9.920137,35.0,13.475437,0.0,3.0,0.755689,11.059472,11.760832
IPEDS:100751,The University of Alabama,100751,2025,2025,False,AL,0.990419,15.712966,0.991018,10.609156,11.821153,49.0,15.712966,0.0,3.0,0.998802,15.482539,14.285212
IPEDS:100858,Auburn University,100858,2025,2025,False,AL,0.992814,15.839787,0.988024,10.500261,12.078592,43.0,15.234942,-3435858.0,4.0,0.991617,14.972139,14.832584
IPEDS:101480,Jacksonville State University,101480,2025,2025,False,AL,0.928144,14.48807,0.784431,8.47512,10.824528,39.0,14.48807,0.0,4.0,0.931138,13.119942,12.744716
IPEDS:101879,University of North Alabama,101879,2025,2025,False,AL,0.842515,13.8705,0.9,9.213436,10.181657,40.0,13.8705,0.0,4.0,0.831737,11.661087,11.827919
IPEDS:102049,Samford University,102049,2025,2025,False,AL,0.88024,14.141618,0.849701,8.863899,10.478084,39.0,14.254104,164961.0,5.0,0.878443,12.125399,12.314007
IPEDS:102094,University of South Alabama,102094,2025,2025,False,AL,0.927545,14.478372,0.917964,9.353228,10.789512,40.0,14.527114,96919.0,4.0,0.936527,13.27561,12.804865
IPEDS:102368,Troy University,102368,2025,2025,False,AL,0.91018,14.358465,0.851497,8.865876,10.508344,47.0,14.470951,204906.0,4.0,0.91976,12.825598,12.966748
IPEDS:104151,Arizona State University Campus Immersion,104151,2025,2025,False,AZ,0.980838,15.44726,0.952695,9.8774,11.733696,41.0,15.44726,0.0,4.0,0.968263,14.385306,14.288763
IPEDS:104179,University of Arizona,104179,2025,2025,False,AZ,0.992216,15.779935,0.983832,10.328853,12.091061,40.0,15.779935,0.0,4.0,0.983234,14.769914,14.045977
IPEDS:104717,Grand Canyon University,104717,2025,2025,False,AZ,0.908982,14.35052,0.935329,9.573107,10.543883,45.0,14.35052,0.0,5.0,0.916168,12.754232,12.880699
IPEDS:106245,University of Arkansas at Little Rock,106245,2025,2025,False,AR,0.893413,14.244134,0.922156,9.387566,10.482961,43.0,14.244134,0.0,6.0,0.841317,11.743323,11.880869
IPEDS:106397,University of Arkansas,106397,2025,2025,False,AR,0.997605,16.107606,0.999401,11.000282,12.34641,43.0,15.725191,-3144722.0,4.0,0.982036,14.749297,15.019095
IPEDS:106412,University of Arkansas at Pine Bluff,106412,2025,2025,False,AR,0.549102,12.909277,0.242515,7.36897,9.245809,39.0,12.909277,0.0,3.0,0.299401,8.239593,11.923962
IPEDS:106458,Arkansas State University,106458,2025,2025,False,AR,0.937725,14.594034,0.963473,9.985252,10.856383,42.0,14.594034,0.0,4.0,0.943713,13.500909,12.045781
IPEDS:106704,University of Central Arkansas,106704,2025,2025,False,AR,0.834132,13.828872,0.877844,9.063811,10.044725,44.0,13.828872,0.0,4.0,0.877246,12.105047,11.758277
IPEDS:110361,California Baptist University,110361,2025,2025,False,CA,0.953293,14.812803,0.946108,9.726512,11.175231,38.0,14.896307,236094.0,5.0,0.880838,12.130039,12.596499
IPEDS:110422,California Polytechnic State University-San Luis Obispo,110422,2025,2025,False,CA,0.925749,14.464838,0.923952,9.414994,10.801296,39.0,14.464838,0.0,4.0,0.929341,13.050706,12.257117
IPEDS:110486,California State University-Bakersfield,110486,2025,2025,False,CA,0.867665,14.029076,0.836527,8.759198,10.340228,40.0,14.029076,0.0,6.0,0.835329,11.69806,12.152709
IPEDS:110556,California State University-Fresno,110556,2025,2025,False,CA,0.941317,14.614051,0.947904,9.751734,11.003149,37.0,14.614051,0.0,4.0,0.952695,13.729321,13.063036
IPEDS:110565,California State University-Fullerton,110565,2025,2025,False,CA,0.94012,14.611592,0.926946,9.430921,10.922731,40.0,14.611592,0.0,5.0,0.85509,11.843027,12.297498
IPEDS:110583,California State University-Long Beach,110583,2025,2025,False,CA,0.931138,14.50835,0.919162,9.354874,10.81949,40.0,14.50835,0.0,4.0,0.876048,12.095616,12.593051
IPEDS:110608,California State University-Northridge,110608,2025,2025,False,CA,0.930539,14.5058,0.950299,9.860476,11.209976,27.0,14.586897,168469.0,5.0,0.860479,11.896172,12.211563
IPEDS:110617,California State University-Sacramento,110617,2025,2025,False,CA,0.937126,14.585772,0.88982,9.133243,10.801603,44.0,14.585772,0.0,4.0,0.861677,11.90062,12.350489
IPEDS:110635,University of California-Berkeley,110635,2025,2025,False,CA,0.950898,14.759664,0.953892,9.899279,10.99848,43.0,14.135704,-1193241.0,4.0,0.98503,14.801792,13.62024
IPEDS:110644,University of California-Davis,110644,2025,2025,False,CA,0.89521,14.250594,0.889222,9.129781,10.489421,43.0,14.250594,0.0,4.0,0.913174,12.665972,12.217799
IPEDS:110653,University of California-Irvine,110653,2025,2025,False,CA,0.945509,14.656427,0.939521,9.640238,10.967564,40.0,14.656427,0.0,4.0,0.868862,11.981284,12.368489
IPEDS:110662,University of California-Los Angeles,110662,2025,2025,False,CA,0.982635,15.464035,0.973054,10.225825,11.775163,40.0,15.464035,0.0,4.0,0.986826,14.831551,14.190832
IPEDS:110671,University of California-Riverside,110671,2025,2025,False,CA,0.892216,14.228219,0.826946,8.693832,10.590657,38.0,14.228219,0.0,4.0,0.780838,11.214856,12.139334
IPEDS:110680,University of California-San Diego,110680,2025,2025,False,CA,0.938922,14.599755,0.945509,9.721486,10.862104,42.0,14.599755,0.0,5.0,0.891617,12.325703,11.729101
IPEDS:110705,University of California-Santa Barbara,110705,2025,2025,False,CA,0.964671,15.049672,0.901796,9.215328,11.098443,52.0,15.049672,0.0,4.0,0.933533,13.171355,12.401561
IPEDS:117946,Loyola Marymount University,117946,2025,2025,False,CA,0.951497,14.773924,0.944311,9.700943,11.060367,41.0,14.773924,0.0,4.0,0.926347,12.975982,12.584766
IPEDS:120883,University of the Pacific,120883,2025,2025,False,CA,0.932335,14.528286,0.887425,9.113168,10.814733,41.0,14.528286,0.0,4.0,0.904192,12.562621,12.260476
IPEDS:120883,Pacific University,209612,2025,2025,False,OR,0.482036,12.724214,0.423952,7.72312,8.663941,58.0,12.724214,0.0,5.0,0.734731,10.952051,11.093858
IPEDS:121150,Pepperdine University,121150,2025,2025,False,CA,0.956886,14.863874,0.937725,9.593151,11.175008,40.0,14.863874,0.0,4.0,0.91018,12.619846,12.707875
IPEDS:122409,San Diego State University,122409,2025,2025,False,CA,0.958683,14.93105,0.995808,10.76739,11.242184,40.0,15.021885,290135.0,3.0,0.958683,14.035615,13.789404
IPEDS:122436,University of San Diego,122436,2025,2025,False,CA,0.956287,14.839631,0.932934,9.503458,11.202058,38.0,14.839631,0.0,4.0,0.898204,12.481535,12.44693
IPEDS:122612,University of San Francisco,122612,2025,2025,False,CA,0.934132,14.546819,0.91018,9.270306,10.857958,40.0,14.546819,0.0,4.0,0.89521,12.393709,13.043112
IPEDS:122755,San Jose State University,122755,2025,2025,False,CA,0.873054,14.071722,0.847904,8.841304,10.200557,48.0,14.071722,0.0,3.0,0.917964,12.792202,12.343423
IPEDS:122931,Santa Clara University,122931,2025,2025,False,CA,0.94491,14.647874,0.876647,9.051813,10.934319,41.0,14.647874,0.0,4.0,0.911976,12.646577,12.515335
IPEDS:123554,Saint Mary's College of California,123554,2025,2025,False,CA,0.952096,14.778029,0.961677,9.978595,11.089165,40.0,14.778029,0.0,4.0,0.901796,12.543423,13.02344
IPEDS:123554,St. Mary's University,228149,2025,2025,False,TX,0.722754,13.420613,0.760479,8.403128,9.731791,40.0,13.482764,43203.0,3.0,0.602395,10.268686,11.223495
IPEDS:123961,University of Southern California,123961,2025,2025,False,CA,0.986228,15.590219,0.968263,10.066201,11.901346,40.0,15.590219,0.0,4.0,1.0,15.594975,14.593402
IPEDS:127741,University of Northern Colorado,127741,2025,2025,False,CO,0.727545,13.434332,0.823353,8.666303,9.770826,39.0,13.434332,0.0,4.0,0.846108,11.761417,11.967073
IPEDS:128771,Central Connecticut State University,128771,2025,2025,False,CT,0.790419,13.649683,0.788623,8.502891,9.912061,42.0,13.649683,0.0,6.0,0.692814,10.686727,11.946401
IPEDS:129020,University of Connecticut,129020,2025,2025,False,CT,0.955689,14.829573,0.97006,10.133448,11.091918,42.0,14.829573,0.0,4.0,0.961677,14.156013,14.05171
IPEDS:129242,Fairfield University,129242,2025,2025,False,CT,0.880838,14.142342,0.88024,9.071308,10.504783,38.0,14.142342,0.0,4.0,0.875449,12.089044,12.029932
IPEDS:129525,University of Hartford,129525,2025,2025,False,CT,0.532335,12.836304,0.513174,7.865572,8.811099,56.0,12.90971,28609.0,3.0,0.592814,10.210935,11.480258
IPEDS:129941,University of New Haven,129941,2025,2025,False,CT,0.712575,13.389123,0.793413,8.517193,9.892664,33.0,13.389123,0.0,3.0,0.72994,10.919533,11.60566
IPEDS:130226,Quinnipiac University,130226,2025,2025,False,CT,0.858683,13.983665,0.891018,9.135186,10.517955,32.0,13.983665,0.0,4.0,0.864072,11.918564,12.386793
IPEDS:130253,Sacred Heart University,130253,2025,2025,False,CT,0.831138,13.812754,0.865868,8.955964,10.14923,39.0,13.812754,0.0,3.0,0.889222,12.279449,11.659171
IPEDS:130794,Yale University,130794,2025,2025,False,CT,0.895808,14.251967,0.897006,9.203014,10.786251,32.0,14.251967,0.0,4.0,0.953892,13.776348,12.394418
IPEDS:130934,Delaware State University,130934,2025,2025,False,DE,0.456886,12.672605,0.869461,8.991313,9.453804,25.0,12.672605,0.0,4.0,0.844311,11.757369,12.121647
IPEDS:130943,University of Delaware,130943,2025,2025,False,DE,0.890419,14.212107,0.867665,8.972844,10.574546,38.0,14.212107,0.0,4.0,0.925749,12.952474,12.558552
IPEDS:131469,George Washington University,131469,2025,2025,False,DC,0.92994,14.499403,0.886228,9.107421,10.810543,40.0,14.499403,0.0,4.0,0.888024,12.269155,12.502073
IPEDS:131496,Georgetown University,131496,2025,2025,False,DC,0.923952,14.444186,0.850299,8.864605,10.755328,40.0,14.444186,0.0,3.0,0.9,12.502069,13.549585
IPEDS:131496,Georgetown College,156745,2025,2025,False,KY,0.954491,14.817521,0.161677,7.135687,,,14.817521,0.0,4.0,0.568263,10.087973,11.144525
IPEDS:132602,Bethune-Cookman University,132602,2025,2025,False,FL,0.841317,13.86787,0.938323,9.602382,10.179027,40.0,13.86787,0.0,3.0,0.849701,11.795733,12.277602
IPEDS:132903,College of Central Florida,132851,2025,2025,False,FL,0.408383,12.583025,0.448503,7.760041,9.250913,28.0,12.583025,0.0,2.0,0.059281,0.0,11.0278
IPEDS:132903,University of Central Florida,132903,2025,2025,False,FL,0.967665,15.090995,0.971257,10.198096,11.402126,40.0,15.544417,2054055.0,4.0,0.966467,14.342039,14.019452
IPEDS:133650,Florida Agricultural and Mechanical University,133650,2025,2025,False,FL,0.720359,13.414987,0.85509,8.89467,9.83152,36.0,13.220781,-118257.0,4.0,0.440719,9.392745,11.935339
IPEDS:133669,Florida Atlantic University,133669,2025,2025,False,FL,0.926946,14.469934,0.950898,9.866564,10.806392,39.0,14.469934,0.0,4.0,0.937725,13.297182,13.016576
IPEDS:133951,Florida International University,133951,2025,2025,False,FL,0.901796,14.304418,0.916168,9.317399,10.615563,40.0,14.304418,0.0,4.0,0.947904,13.617156,12.914532
IPEDS:134097,Florida State University,134097,2025,2025,False,FL,0.991617,15.74216,0.994012,10.66441,12.053286,40.0,15.74216,0.0,4.0,0.971257,14.454223,14.566794
IPEDS:134130,University of Florida,134130,2025,2025,False,FL,0.98982,15.672545,0.992216,10.63275,12.034965,38.0,15.221542,-2324984.0,4.0,0.992814,15.033554,14.713359
IPEDS:134945,Jacksonville University,134945,2025,2025,False,FL,0.913174,14.381596,0.873054,9.02039,10.826267,35.0,14.381596,0.0,4.0,0.853293,11.835943,11.983429
IPEDS:135726,University of Miami,135726,2025,2025,False,FL,0.986826,15.597448,0.982635,10.320815,12.013935,36.0,15.597448,0.0,4.0,0.999401,15.5168,14.776127
IPEDS:136172,University of North Florida,136172,2025,2025,False,FL,0.816168,13.750594,0.862275,8.922392,9.989439,43.0,13.750594,0.0,4.0,0.807186,11.440333,11.790421
IPEDS:137351,University of South Florida,137351,2025,2025,False,FL,0.953892,14.814773,0.894611,9.17108,10.720451,60.0,14.814773,0.0,4.0,0.979042,14.696439,13.401175
IPEDS:137546,Stetson University,137546,2025,2025,False,FL,0.949701,14.736719,0.918563,9.3547,10.930074,45.0,14.736719,0.0,4.0,0.852695,11.827641,11.895238
IPEDS:139755,Georgia Institute of Technology-Main Campus,139755,2025,2025,False,GA,0.97006,15.14492,0.960479,9.964536,11.31629,46.0,13.867763,-2725168.0,4.0,0.973653,14.535586,13.993395
IPEDS:139931,Georgia Southern University,139931,2025,2025,False,GA,0.921557,14.433197,0.894012,9.168893,10.541403,49.0,14.433197,0.0,5.0,0.916766,12.759587,12.436196
IPEDS:139940,Georgia State University,139940,2025,2025,False,GA,0.897006,14.260578,0.856287,8.902047,10.571724,40.0,14.260578,0.0,4.0,0.924551,12.928475,12.635674
IPEDS:139959,University of Georgia,139959,2025,2025,False,GA,0.988623,15.65856,0.975449,10.241423,11.651236,55.0,14.541068,-4249887.0,4.0,0.99521,15.165211,14.919309
IPEDS:140447,Mercer University,140447,2025,2025,False,GA,0.918563,14.420253,0.865269,8.943767,10.549077,48.0,14.420253,0.0,4.0,0.926946,12.9815,12.058309
IPEDS:141334,University of West Georgia,141334,2025,2025,False,GA,0.776048,13.598335,0.853293,8.877661,9.791728,45.0,13.598335,0.0,4.0,0.819162,11.530422,11.858095
IPEDS:141574,University of Hawaii at Manoa,141574,2025,2025,False,HI,0.946707,14.680085,0.949102,9.789311,10.96653,41.0,14.403384,-573839.0,4.0,0.934132,13.190687,12.494824
IPEDS:143358,Bradley University,143358,2025,2025,False,IL,0.891018,14.220664,0.878443,9.065661,10.637169,36.0,14.220664,0.0,4.0,0.867066,11.965338,12.508445
IPEDS:144892,Eastern Illinois University,144892,2025,2025,False,IL,0.811377,13.739082,0.823952,8.668024,9.954939,44.0,13.739082,0.0,6.0,0.839521,11.721921,11.69538
IPEDS:145600,University of Illinois Chicago,145600,2025,2025,False,IL,0.872455,14.070124,0.884431,9.084777,10.356583,41.0,14.070124,0.0,4.0,0.881437,12.139468,12.433475
IPEDS:145637,University of Illinois Urbana-Champaign,145637,2025,2025,False,IL,0.969461,15.141275,0.959281,9.954893,11.585936,35.0,13.341737,-3142415.0,4.0,0.988024,14.845401,14.473874
IPEDS:145637,Illinois College,145691,2025,2025,False,IL,0.304192,12.324873,0.365269,7.631917,8.453881,48.0,12.324873,0.0,2.0,0.759281,11.074064,11.003965
IPEDS:145813,Illinois State University,145813,2025,2025,False,IL,0.873653,14.073403,0.888623,9.129672,10.435846,38.0,14.073403,0.0,5.0,0.834132,11.683385,12.432184
IPEDS:147703,Northern Illinois University,147703,2025,2025,False,IL,0.836527,13.834118,0.868263,8.975757,10.145277,40.0,13.83999,6000.0,3.0,0.921557,12.856331,12.396437
IPEDS:147767,Northwestern University,147767,2025,2025,False,IL,0.960479,14.965478,0.952096,9.875448,11.301929,39.0,14.679709,-784987.0,4.0,0.97006,14.438123,13.945458
IPEDS:147767,Northwestern College,154101,2025,2025,False,IA,0.710778,13.381695,0.15509,7.118016,9.374445,55.0,13.384649,1917.0,5.0,0.530539,9.886291,10.983868
IPEDS:149222,Southern Illinois University-Carbondale,149222,2025,2025,False,IL,0.856287,13.96943,0.897605,9.204121,10.443098,34.0,13.96943,0.0,5.0,0.912575,12.661137,12.497973
IPEDS:149231,Southern Illinois University Edwardsville,149231,2025,2025,False,IL,0.771856,13.577168,0.832335,8.724858,9.939629,38.0,13.577168,0.0,4.0,0.77485,11.163637,11.627093
IPEDS:149772,Western Illinois University,149772,2025,2025,False,IL,0.766467,13.558572,0.063473,6.712956,10.032254,34.0,13.558572,0.0,4.0,0.622754,10.366278,11.734155
IPEDS:150136,Ball State University,150136,2025,2025,False,IN,0.889222,14.206249,0.925749,9.423595,10.568688,38.0,14.206249,0.0,4.0,0.919162,12.819302,12.486836
IPEDS:150163,Butler University,150163,2025,2025,False,IN,0.886228,14.199849,0.768263,8.424639,10.462208,42.0,14.276018,116235.0,4.0,0.985629,14.803623,13.119712
IPEDS:150534,University of Evansville,150534,2025,2025,False,IN,0.913772,14.382749,0.900599,9.213735,10.79925,36.0,14.382749,0.0,4.0,0.814371,11.506344,11.855557
IPEDS:151102,Purdue University Fort Wayne,151102,2025,2025,False,IN,0.713174,13.389461,0.840719,8.798757,9.751932,38.0,13.433963,29720.0,5.0,0.82515,11.571902,11.423559
IPEDS:151306,University of Southern Indiana,151306,2025,2025,False,IN,0.78982,13.648479,0.813174,8.59545,9.798386,47.0,13.648479,0.0,4.0,0.773653,11.156093,11.493304
IPEDS:151324,Indiana State University,151324,2025,2025,False,IN,0.885629,14.198706,0.911377,9.280892,10.461065,42.0,14.198706,0.0,4.0,0.894012,12.381969,12.412115
IPEDS:151351,Indiana University-Bloomington,151351,2025,2025,False,IN,0.967066,15.066005,0.962275,9.979708,11.352444,41.0,15.066005,0.0,4.0,0.971856,14.478065,14.303314
IPEDS:152080,University of Notre Dame,152080,2025,2025,False,IN,0.968263,15.099923,0.958683,9.948031,11.293273,45.0,15.099923,0.0,6.0,0.988623,14.862312,14.085509
IPEDS:152600,Valparaiso University,152600,2025,2025,False,IN,0.852096,13.917103,0.838323,8.772765,10.306217,37.0,13.916983,-133.0,4.0,0.858683,11.880315,12.132787
IPEDS:153658,University of Iowa,153658,2025,2025,False,IA,0.962874,15.046147,0.961078,9.976877,11.217519,46.0,13.359344,-2789699.0,4.0,0.964072,14.253237,14.543797
IPEDS:155317,University of Kansas,155317,2025,2025,False,KS,0.977246,15.326032,0.991617,10.620498,11.662479,39.0,14.612701,-2309794.0,4.0,0.969461,14.391386,14.083653
IPEDS:155399,Kansas State University,155399,2025,2025,False,KS,0.965868,15.060127,0.972455,10.21596,11.298939,43.0,15.060127,0.0,4.0,0.963473,14.234386,14.569345
IPEDS:156125,Wichita State University,156125,2025,2025,False,KS,0.95988,14.964437,0.954491,9.903188,11.072632,49.0,14.964437,0.0,4.0,0.905389,12.574061,13.088716
IPEDS:156286,Bellarmine University,156286,2025,2025,False,KY,0.839521,13.861171,0.85988,8.915567,9.969397,49.0,13.861171,0.0,4.0,0.798204,11.352498,11.616898
IPEDS:156620,Eastern Kentucky University,156620,2025,2025,False,KY,0.871257,14.056674,0.856886,8.903543,10.18551,48.0,14.056674,0.0,4.0,0.871856,11.998821,12.089735
IPEDS:157085,University of Kentucky,157085,2025,2025,False,KY,0.981437,15.457779,0.971856,10.212258,11.720117,42.0,15.457779,0.0,4.0,0.991018,14.908165,14.683487
IPEDS:157289,University of Louisville,157289,2025,2025,False,KY,0.98503,15.506571,0.938922,9.623774,11.89566,37.0,13.416797,-4754047.0,5.0,0.965269,14.272442,14.24683
IPEDS:157386,Morehead State University,157386,2025,2025,False,KY,0.853892,13.929994,0.908383,9.246672,10.266466,39.0,13.929294,-785.0,4.0,0.843713,11.757173,11.632174
IPEDS:157401,Murray State University,157401,2025,2025,False,KY,0.85509,13.951088,0.88503,9.087947,10.262243,40.0,14.126434,219487.0,4.0,0.907186,12.584393,12.339755
IPEDS:157401,Murray State College,207236,2025,2025,False,OK,0.415569,12.596346,0.273054,7.446585,8.958885,38.0,12.623496,8132.0,4.0,0.408383,9.21044,10.752505
IPEDS:157447,Northern Kentucky University,157447,2025,2025,False,KY,0.811976,13.740308,0.858683,8.913281,10.102762,38.0,13.740308,0.0,4.0,0.804192,11.414397,11.84635
IPEDS:157951,Western Kentucky University,157951,2025,2025,False,KY,0.888623,14.205227,0.923353,9.408289,10.516374,40.0,14.205227,0.0,4.0,0.942515,13.481089,12.888978
IPEDS:159009,Grambling State University,159009,2025,2025,False,LA,0.795808,13.667869,0.077246,6.799056,9.979034,40.0,13.667869,0.0,2.0,0.679641,10.62425,12.143351
IPEDS:159391,Louisiana State University and Agricultural & Mechanical College,159391,2025,2025,False,LA,0.999401,16.212351,0.998802,10.965695,12.498783,41.0,16.124754,-921605.0,4.0,0.993413,15.123045,14.772287
IPEDS:159647,Louisiana Tech University,159647,2025,2025,False,LA,0.935928,14.574829,0.943114,9.690727,10.885968,40.0,14.574829,0.0,4.0,0.939521,13.349649,12.915386
IPEDS:159717,McNeese State University,159717,2025,2025,False,LA,0.823952,13.790046,0.183832,7.196687,10.076515,41.0,13.790046,0.0,3.0,0.886228,12.243176,13.07888
IPEDS:159939,University of New Orleans,159939,2025,2025,False,LA,0.835329,13.831311,0.863473,8.927977,10.024692,45.0,13.831311,0.0,5.0,0.697605,10.71444,11.425776
IPEDS:159966,Nicholls State University,159966,2025,2025,False,LA,0.794611,13.664104,0.835329,8.745284,9.81401,47.0,13.707402,38032.0,3.0,0.776048,11.179144,11.474922
IPEDS:159993,University of Louisiana at Monroe,159993,2025,2025,False,LA,0.876647,14.086608,0.910778,9.276128,10.34897,42.0,14.086608,0.0,4.0,0.88982,12.28093,12.447374
IPEDS:160038,Northwestern State University of Louisiana,160038,2025,2025,False,LA,0.808982,13.727339,0.852695,8.874728,9.966185,43.0,13.853302,122911.0,4.0,0.830539,11.658929,11.830768
IPEDS:160612,Southeastern Louisiana University,160612,2025,2025,False,LA,0.936527,14.585193,0.807186,8.580168,10.824013,43.0,14.585193,0.0,4.0,0.699401,10.725072,12.125128
IPEDS:160621,Southern University and A & M College,160621,2025,2025,False,LA,0.762275,13.543072,0.828743,8.705662,9.554157,54.0,12.443963,-507806.0,4.0,0.475449,9.602045,11.828685
IPEDS:160658,University of Louisiana at Lafayette,160658,2025,2025,False,LA,0.964072,15.046311,0.979641,10.297588,11.38276,39.0,15.046311,0.0,4.0,0.931737,13.124778,12.853657
IPEDS:160755,Tulane University of Louisiana,160755,2025,2025,False,LA,0.963473,15.046309,0.976647,10.250688,11.262132,44.0,15.216989,637236.0,4.0,0.955689,13.893694,13.875643
IPEDS:161253,University of Maine,161253,2025,2025,False,ME,0.878443,14.112989,0.913772,9.301369,10.399447,41.0,14.112989,0.0,2.0,0.911377,12.631546,12.318441
IPEDS:162283,Coppin State University,162283,2025,2025,False,MD,0.526347,12.821953,0.593413,8.006368,9.3563,32.0,12.821953,0.0,4.0,0.268862,7.824446,11.802201
IPEDS:163268,University of Maryland-Baltimore County,163268,2025,2025,False,MD,0.809581,13.734542,0.834132,8.742095,10.151061,36.0,13.734542,0.0,4.0,0.825749,11.575431,11.981209
IPEDS:163286,University of Maryland-College Park,163286,2025,2025,False,MD,0.950299,14.740436,0.951497,9.866979,11.102864,38.0,13.144997,-2010234.0,4.0,0.975449,14.570061,14.330111
IPEDS:163338,University of Maryland Eastern Shore,163338,2025,2025,False,MD,0.768263,13.56119,0.864671,8.934587,9.897677,39.0,13.530966,-23086.0,3.0,0.68024,10.63246,11.691624
IPEDS:163462,Mount St. Mary's University,163462,2025,2025,False,MD,0.800599,13.698191,0.804192,8.571492,9.766422,51.0,13.698191,0.0,4.0,0.868263,11.972778,11.646792
IPEDS:164076,Towson University,164076,2025,2025,False,MD,0.815569,13.750459,0.78503,8.477204,9.921865,46.0,13.750459,0.0,3.0,0.891018,12.304347,12.636604
IPEDS:164924,Boston College,164924,2025,2025,False,MA,0.971257,15.188536,0.978443,10.272185,11.427347,43.0,15.188536,0.0,4.0,0.972455,14.517113,13.709883
IPEDS:166027,Harvard University,166027,2025,2025,False,MA,0.805988,13.713646,0.916766,9.336092,10.312481,30.0,13.713646,0.0,4.0,0.960479,14.132605,12.256728
IPEDS:166124,College of the Holy Cross,166124,2025,2025,False,MA,0.694611,13.34218,0.855689,8.899185,9.678679,39.0,13.34218,0.0,4.0,0.927545,12.99775,11.93055
IPEDS:166513,University of Massachusetts-Lowell,166513,2025,2025,False,MA,0.854491,13.944606,0.883234,9.074521,10.307053,38.0,13.944606,0.0,4.0,0.897006,12.409054,12.307202
IPEDS:166629,University of Massachusetts-Amherst,166629,2025,2025,False,MA,0.745509,13.473419,0.901198,9.215129,9.918119,35.0,13.473419,0.0,4.0,0.951497,13.72061,13.359203
IPEDS:166850,Merrimack College,166850,2025,2025,False,MA,0.849701,13.902107,0.809581,8.588397,10.213264,40.0,13.902107,0.0,3.0,0.883234,12.155916,11.743839
IPEDS:167358,Northeastern University,167358,2025,2025,False,MA,0.943713,14.63916,0.933533,9.505916,10.877978,43.0,14.63916,0.0,4.0,0.885629,12.237285,12.53863
IPEDS:167996,Stonehill College,167996,2025,2025,False,MA,0.843713,13.875422,0.871856,9.00957,10.23787,38.0,13.875422,0.0,4.0,0.816766,11.52004,11.680396
IPEDS:169248,Central Michigan University,169248,2025,2025,False,MI,0.87006,14.053382,0.860479,8.918516,10.339841,41.0,14.053382,0.0,4.0,0.923353,12.910078,12.828172
IPEDS:169798,Eastern Michigan University,169798,2025,2025,False,MI,0.869461,14.044964,0.857485,8.91126,10.1738,48.0,14.044964,0.0,4.0,0.956886,13.926592,12.661029
IPEDS:170976,University of Michigan-Ann Arbor,170976,2025,2025,False,MI,0.972455,15.200009,0.97485,10.238888,11.462349,42.0,13.652386,-3143337.0,5.0,0.997605,15.405281,14.04102
IPEDS:171100,Michigan State University,171100,2025,2025,False,MI,0.948503,14.722633,0.955689,9.923486,11.03377,40.0,14.722633,0.0,4.0,0.976048,14.584758,14.017415
IPEDS:171571,Oakland University,171571,2025,2025,False,MI,0.80479,13.710263,0.907186,9.237274,10.154953,35.0,13.710263,0.0,5.0,0.843114,11.751115,11.873058
IPEDS:172699,Western Michigan University,172699,2025,2025,False,MI,0.810778,13.735499,0.84491,8.817298,10.239026,33.0,13.735499,0.0,4.0,0.944311,13.505332,12.810506
IPEDS:174066,University of Minnesota-Twin Cities,174066,2025,2025,False,MN,0.95509,14.820298,0.965269,9.99716,11.182726,38.0,12.754945,-2385067.0,4.0,0.981437,14.747763,14.129977
IPEDS:174914,St. Thomas University,137476,2025,2025,False,FL,0.759281,13.532783,0.74491,8.359369,9.869272,39.0,13.532783,0.0,7.0,0.794611,11.317361,11.060856
IPEDS:174914,University of St Thomas,174914,2025,2025,False,MN,0.865868,14.022175,0.837725,8.764053,10.411286,37.0,14.022175,0.0,4.0,0.867665,11.969553,12.24624
IPEDS:174914,University of St Thomas,227863,2025,2025,False,TX,0.504192,12.767917,0.755689,8.385489,8.742722,56.0,12.767917,0.0,4.0,0.365269,8.884195,10.7874
IPEDS:175342,Alcorn State University,175342,2025,2025,False,MS,0.663473,13.243563,0.87006,8.998631,9.688275,35.0,13.243563,0.0,2.0,0.75988,11.074715,11.87727
IPEDS:175856,Jackson State University,175856,2025,2025,False,MS,0.694012,13.340848,0.277844,7.46049,9.703321,38.0,13.340848,0.0,3.0,0.691018,10.680355,12.171543
IPEDS:176017,University of Mississippi,176017,2025,2025,False,MS,0.998802,16.172772,1.0,11.202057,12.483897,40.0,16.278757,1180881.0,4.0,0.983832,14.774543,14.990757
IPEDS:176017,Mississippi College,176053,2025,2025,False,MS,0.794012,13.661851,0.231138,7.34601,9.973017,40.0,13.661851,0.0,4.0,0.535928,9.921327,11.107555
IPEDS:176044,Mississippi Valley State University,176044,2025,2025,False,MS,0.273054,12.255634,0.440719,7.749753,8.759279,33.0,12.255634,0.0,2.0,0.262275,7.706613,11.302266
IPEDS:176080,Mississippi State University,176080,2025,2025,False,MS,0.993413,15.841837,0.986228,10.422281,12.12827,41.0,15.841837,0.0,4.0,0.977246,14.656827,14.482292
IPEDS:176372,University of Southern Mississippi,176372,2025,2025,False,MS,0.946108,14.679279,0.929341,9.469391,11.015733,39.0,14.679279,0.0,6.0,0.935329,13.22066,12.682797
IPEDS:177968,Lindenwood University,177968,2025,2025,False,MO,0.78503,13.62015,0.824551,8.674197,10.009276,37.0,13.62015,0.0,3.0,0.859281,11.882141,11.832012
IPEDS:178396,University of Missouri-Columbia,178396,2025,2025,False,MO,0.977844,15.33982,0.969461,10.118801,11.44801,49.0,15.33982,0.0,4.0,0.98024,14.719033,14.730544
IPEDS:179159,Saint Louis University,179159,2025,2025,False,MO,0.917964,14.415672,0.936527,9.58864,10.832172,36.0,14.415672,0.0,4.0,0.910778,12.631242,13.139071
IPEDS:179557,Southeast Missouri State University,179557,2025,2025,False,MO,0.832335,13.823041,0.898204,9.208839,10.212159,37.0,13.823041,0.0,4.0,0.853892,11.837376,12.27702
IPEDS:179566,Missouri State University-Springfield,179566,2025,2025,False,MO,0.924551,14.444977,0.946707,9.728777,11.011006,31.0,14.444977,0.0,4.0,0.928144,13.029507,12.52185
IPEDS:181002,Creighton University,181002,2025,2025,False,NE,0.952695,14.810237,0.964072,9.989436,11.199332,37.0,14.242489,-1171365.0,5.0,0.94012,13.365683,13.559551
IPEDS:181394,University of Nebraska at Omaha,181394,2025,2025,False,NE,0.863473,14.007514,0.871257,9.009081,10.22336,44.0,12.863486,-825716.0,3.0,0.896407,12.403788,11.917924
IPEDS:181464,University of Nebraska-Lincoln,181464,2025,2025,False,NE,0.983832,15.467288,0.986826,10.444357,11.729626,42.0,14.40058,-3421127.0,4.0,0.978443,14.690707,14.435578
IPEDS:182281,University of Nevada-Las Vegas,182281,2025,2025,False,NV,0.896407,14.252771,0.909581,9.267854,10.615209,38.0,13.634436,-714087.0,4.0,0.962874,14.231898,12.212785
IPEDS:182290,University of Nevada-Reno,182290,2025,2025,False,NV,0.938323,14.595741,0.964671,9.989803,10.932197,39.0,14.619046,51448.0,3.0,0.943114,13.494303,13.221222
IPEDS:182670,Dartmouth College,182670,2025,2025,False,NH,0.767665,13.560613,0.880838,9.071423,10.126665,31.0,13.560613,0.0,4.0,0.949701,13.661674,12.040956
IPEDS:184603,Fairleigh Dickinson University-Metropolitan Campus,184603,2025,2025,False,NJ,0.751497,13.49304,0.746108,8.362175,9.882171,37.0,13.49304,0.0,4.0,0.820359,11.536505,11.443758
IPEDS:185572,Monmouth College,147341,2025,2025,False,IL,0.175449,11.912238,0.31018,7.523481,8.248932,39.0,11.912238,0.0,3.0,0.682036,10.635952,10.77168
IPEDS:185572,Monmouth University,185572,2025,2025,False,NJ,0.883832,14.191019,0.853892,8.878776,10.453378,42.0,14.191019,0.0,3.0,0.909581,12.609071,12.174092
IPEDS:185828,New Jersey Institute of Technology,185828,2025,2025,False,NJ,0.899401,14.280439,0.89521,9.180293,10.642877,38.0,14.357587,127672.0,5.0,0.847904,11.779711,11.833014
IPEDS:186131,Princeton University,186131,2025,2025,False,NJ,0.812575,13.743013,0.912575,9.291459,10.309058,31.0,13.743013,0.0,4.0,0.95988,14.103119,12.394592
IPEDS:186283,Rider University,186283,2025,2025,False,NJ,0.753293,13.496202,0.744311,8.358197,10.062256,31.0,13.496202,0.0,3.0,0.728144,10.916669,11.84089
IPEDS:186380,Rutgers University-New Brunswick,186380,2025,2025,False,NJ,0.974251,15.240386,0.973653,10.234409,11.551516,40.0,15.240386,0.0,5.0,0.973054,14.527547,14.221654
IPEDS:186432,Saint Peter's University,186432,2025,2025,False,NJ,0.602994,13.079433,0.719162,8.297045,9.250885,46.0,13.079433,0.0,6.0,0.691617,10.686293,12.175541
IPEDS:186584,Seton Hall University,186584,2025,2025,False,NJ,0.926347,14.467887,0.937126,9.590283,10.804345,39.0,14.467887,0.0,6.0,0.895808,12.403307,13.314693
IPEDS:187985,University of New Mexico-Main Campus,187985,2025,2025,False,NM,0.894611,14.247718,0.868862,8.981933,10.558863,40.0,14.409328,270234.0,4.0,0.956287,13.918251,13.024338
IPEDS:188030,New Mexico State University-Main Campus,188030,2025,2025,False,NM,0.905389,14.328431,0.931138,9.476084,10.567256,43.0,14.328431,0.0,3.0,0.937126,13.280163,12.57331
IPEDS:189705,Canisius University,189705,2025,2025,False,NY,0.732934,13.444444,0.816766,8.639588,9.73093,41.0,13.444444,0.0,3.0,0.873653,12.029831,11.508295
IPEDS:190150,Columbia College,177065,2025,2025,False,MO,0.594012,13.052267,0.438323,7.745868,9.291157,43.0,13.052267,0.0,4.0,0.368263,8.917043,10.999262
IPEDS:190150,Columbia University in the City of New York,190150,2025,2025,False,NY,0.897605,14.267759,0.940719,9.661671,10.578905,40.0,14.267759,0.0,4.0,0.950898,13.698841,12.390621
IPEDS:190415,Cornell College,153162,2025,2025,False,IA,0.298204,12.309112,0.286228,7.478735,8.39731,50.0,12.548293,59907.0,4.0,0.7,10.726215,11.230868
IPEDS:190415,Cornell University,190415,2025,2025,False,NY,0.779042,13.60592,0.829341,8.707814,9.995046,37.0,13.60592,0.0,5.0,0.95509,13.839223,12.262174
IPEDS:191241,Fordham University,191241,2025,2025,False,NY,0.920958,14.431946,0.888024,9.128479,10.694299,42.0,14.431946,0.0,4.0,0.934731,13.220145,12.783478
IPEDS:191649,Hofstra University,191649,2025,2025,False,NY,0.905988,14.32854,0.895808,9.183586,10.717644,37.0,14.32854,0.0,4.0,0.865868,11.94346,12.382116
IPEDS:191931,Iona University,191931,2025,2025,False,NY,0.771257,13.576277,0.791617,8.512583,9.938738,38.0,13.576277,0.0,5.0,0.898802,12.489276,12.109419
IPEDS:192323,Le Moyne College,192323,2025,2025,False,NY,0.773054,13.57874,0.861078,8.920523,10.052421,34.0,13.591387,10044.0,3.0,0.816168,11.516878,11.264438
IPEDS:192448,Long Island University,192448,2025,2025,False,NY,0.847904,13.895864,0.835928,8.758255,10.258312,38.0,13.895864,0.0,4.0,0.872455,12.005998,11.612173
IPEDS:192703,Manhattan University,192703,2025,2025,False,NY,0.822156,13.786033,0.846707,8.830104,10.072502,41.0,13.887657,103860.0,5.0,0.809581,11.464575,11.604383
IPEDS:192819,Marist University,192819,2025,2025,False,NY,0.859281,13.988049,0.849102,8.856661,10.299203,40.0,13.988049,0.0,4.0,0.901198,12.513704,11.960281
IPEDS:193973,Niagara University,193973,2025,2025,False,NY,0.749701,13.482065,0.870659,9.00307,10.016373,32.0,13.482065,0.0,2.0,0.805988,11.424357,11.920668
IPEDS:195164,St Bonaventure University,195164,2025,2025,False,NY,0.813772,13.743975,0.883832,9.075551,10.030446,41.0,13.743975,0.0,3.0,0.886826,12.249664,12.546949
IPEDS:195474,Siena College,195474,2025,2025,False,NY,0.85988,13.991355,0.046707,6.496775,10.3538,38.0,13.93094,-69898.0,3.0,0.82994,11.646162,11.87294
IPEDS:195809,St. John's University-New York,195809,2025,2025,False,NY,0.91497,14.386347,0.927545,9.435322,10.77545,37.0,14.386347,0.0,4.0,0.922754,12.884748,13.510407
IPEDS:196060,University at Albany,196060,2025,2025,False,NY,0.77006,13.573633,0.817964,8.644883,10.047314,34.0,13.550762,-17753.0,4.0,0.892814,12.347702,12.355281
IPEDS:196079,Binghamton University,196079,2025,2025,False,NY,0.860479,13.997121,0.907784,9.239122,10.50064,33.0,14.188967,253600.0,4.0,0.829341,11.641802,11.901373
IPEDS:196097,Stony Brook University,196097,2025,2025,False,NY,0.910778,14.360965,0.92994,9.472474,10.647416,41.0,14.360965,0.0,4.0,0.908383,12.607898,12.624286
IPEDS:197197,Wagner College,197197,2025,2025,False,NY,0.833533,13.826283,0.490419,7.833996,9.955129,48.0,13.826283,0.0,4.0,0.850299,11.801265,11.634019
IPEDS:197869,Appalachian State University,197869,2025,2025,False,NC,0.922156,14.436147,0.943713,9.693137,10.772606,39.0,14.436147,0.0,4.0,0.946707,13.576474,12.946156
IPEDS:198136,Campbell University,198136,2025,2025,False,NC,0.932934,14.529806,0.941916,9.680844,10.816253,41.0,14.529806,0.0,4.0,0.90479,12.566136,12.016521
IPEDS:198385,Davidson College,198385,2025,2025,False,NC,0.891617,14.224759,0.807784,8.580544,10.535906,40.0,13.909321,-407335.0,5.0,0.914371,12.698464,11.957957
IPEDS:198419,Duke University,198419,2025,2025,False,NC,0.979641,15.412818,0.968862,10.074453,11.651626,43.0,14.954251,-1816882.0,4.0,0.990419,14.903771,13.820213
IPEDS:198464,East Carolina University,198464,2025,2025,False,NC,0.968862,15.12847,0.980838,10.315067,11.367282,43.0,15.131884,12710.0,4.0,0.948503,13.627121,13.728766
IPEDS:198516,Elon University,198516,2025,2025,False,NC,0.920359,14.427132,0.891617,9.139489,10.738274,40.0,14.427132,0.0,4.0,0.907784,12.599381,12.379761
IPEDS:198561,Gardner-Webb University,198561,2025,2025,False,NC,0.838323,13.844904,0.815569,8.610319,10.060756,44.0,13.844904,0.0,4.0,0.849102,11.794715,11.515851
IPEDS:198695,High Point University,198695,2025,2025,False,NC,0.906587,14.330112,0.876048,9.050758,10.545948,44.0,14.507222,324159.0,5.0,0.913772,12.684537,12.363555
IPEDS:199102,North Carolina A & T State University,199102,2025,2025,False,NC,0.871856,14.060341,0.854491,8.881142,10.396809,39.0,14.060341,0.0,4.0,0.900599,12.507088,12.640475
IPEDS:199111,University of North Carolina Asheville,199111,2025,2025,False,NC,0.779641,13.609885,0.875449,9.044404,9.94637,39.0,13.609885,0.0,5.0,0.748503,11.020103,11.592485
IPEDS:199120,University of North Carolina at Chapel Hill,199120,2025,2025,False,NC,0.987425,15.631875,0.993413,10.655281,11.719859,50.0,15.235049,-2014247.0,5.0,0.992216,14.987608,14.131561
IPEDS:199139,University of North Carolina at Charlotte,199139,2025,2025,False,NC,0.944311,14.643423,0.970659,10.178426,10.954561,40.0,15.066267,1204448.0,4.0,0.952096,13.72732,12.023783
IPEDS:199148,University of North Carolina at Greensboro,199148,2025,2025,False,NC,0.838922,13.848542,0.850898,8.865735,10.185017,39.0,13.848542,0.0,4.0,0.861078,11.897249,12.072198
IPEDS:199193,North Carolina State University at Raleigh,199193,2025,2025,False,NC,0.996407,16.001254,0.983234,10.322856,12.337696,39.0,15.543212,-3269555.0,4.0,0.987425,14.836446,14.094849
IPEDS:199218,University of North Carolina Wilmington,199218,2025,2025,False,NC,0.887425,14.202141,0.920958,9.364862,10.440969,43.0,14.202141,0.0,4.0,0.840719,11.740499,12.234616
IPEDS:199412,Queens University of Charlotte,199412,2025,2025,False,NC,0.864671,14.010567,0.931737,9.480215,10.399679,37.0,14.010567,0.0,5.0,0.822156,11.554921,11.243987
IPEDS:199847,Wake Forest University,199847,2025,2025,False,NC,0.982036,15.461031,0.979042,10.273222,11.772159,40.0,15.461031,0.0,4.0,0.962275,14.189206,14.055638
IPEDS:200004,Western Carolina University,200004,2025,2025,False,NC,0.82515,13.794814,0.892814,9.144628,10.081283,41.0,13.794814,0.0,6.0,0.834731,11.684009,12.148486
IPEDS:200332,North Dakota State University-Main Campus,200332,2025,2025,False,ND,0.877844,14.096401,0.930539,9.474472,10.407551,40.0,14.096401,0.0,4.0,0.908982,12.608343,12.333005
IPEDS:200800,University of Akron Main Campus,200800,2025,2025,False,OH,0.640719,13.173421,0.879641,9.06647,9.618138,35.0,13.173421,0.0,5.0,0.894611,12.389935,12.466539
IPEDS:201441,Bowling Green State University-Main Campus,201441,2025,2025,False,OH,0.82994,13.810723,0.080838,6.813445,10.227239,36.0,13.824453,13759.0,3.0,0.946108,13.570641,12.837709
IPEDS:201885,University of Cincinnati-Main Campus,201885,2025,2025,False,OH,0.959281,14.946407,0.965868,9.999298,11.25754,40.0,14.946407,0.0,4.0,0.964671,14.253365,12.24058
IPEDS:202480,University of Dayton,202480,2025,2025,False,OH,0.917365,14.411807,0.91497,9.308465,10.698257,41.0,13.80717,-823689.0,4.0,0.903593,12.557148,13.159033
IPEDS:203517,Kent State University at Kent,203517,2025,2025,False,OH,0.919162,14.421669,0.898802,9.21134,10.732811,40.0,14.421669,0.0,3.0,0.932335,13.128582,12.370065
IPEDS:204024,Miami University-Oxford,204024,2025,2025,False,OH,0.914371,14.383314,0.92515,9.423029,10.51214,48.0,14.383314,0.0,5.0,0.94491,13.564547,12.797528
IPEDS:204796,Ohio State University-Main Campus,204796,2025,2025,False,OH,0.973653,15.219614,0.984431,10.397208,11.556062,39.0,15.219614,0.0,4.0,0.989222,14.864173,14.15906
IPEDS:204857,Ohio University-Main Campus,204857,2025,2025,False,OH,0.856886,13.970142,0.845509,8.81789,10.359255,37.0,13.970142,0.0,4.0,0.930539,13.090315,12.793376
IPEDS:206084,University of Toledo,206084,2025,2025,False,OH,0.864072,14.008836,0.862874,8.925321,10.319988,40.0,14.008836,0.0,4.0,0.935928,13.275575,12.80376
IPEDS:206604,Wright State University-Main Campus,206604,2025,2025,False,OH,0.858084,13.975454,0.906587,9.236203,10.286607,40.0,13.975454,0.0,4.0,0.74012,10.968836,11.868016
IPEDS:206622,Xavier University,206622,2025,2025,False,OH,0.923353,14.443659,0.903593,9.226902,10.682482,43.0,13.039208,-1414034.0,4.0,0.917365,12.781725,12.40641
IPEDS:206695,Youngstown State University,206695,2025,2025,False,OH,0.797006,13.673365,0.852096,8.865876,9.984531,40.0,13.673365,0.0,4.0,0.897605,12.47655,12.065735
IPEDS:207388,Oklahoma State University-Main Campus,207388,2025,2025,False,OK,0.978443,15.341673,0.988623,10.505396,11.62811,41.0,14.941814,-1516253.0,4.0,0.970659,14.441309,14.462266
IPEDS:207500,University of Oklahoma-Norman Campus,207500,2025,2025,False,OK,0.991018,15.733311,0.992814,10.645615,12.044437,40.0,14.341637,-5113605.0,4.0,0.998204,15.439253,14.272785
IPEDS:207582,Oral Roberts University,207582,2025,2025,False,OK,0.947305,14.684695,0.928144,9.436599,10.995832,40.0,14.684695,0.0,4.0,0.883832,12.162194,12.055145
IPEDS:209542,Oregon State University,209542,2025,2025,False,OR,0.985629,15.57666,0.98982,10.561992,11.863094,41.0,15.57666,0.0,4.0,0.959281,14.041016,13.730205
IPEDS:209551,University of Oregon,209551,2025,2025,False,OR,0.984431,15.501503,0.987425,10.47506,11.717322,44.0,13.962158,-4239861.0,4.0,0.98982,14.865324,14.816548
IPEDS:209825,University of Portland,209825,2025,2025,False,OR,0.907784,14.332922,0.896407,9.188197,10.695358,38.0,14.332922,0.0,4.0,0.88503,12.23568,12.513046
IPEDS:211291,Bucknell University,211291,2025,2025,False,PA,0.828144,13.799639,0.837126,8.763428,10.188758,37.0,13.799639,0.0,4.0,0.906587,12.57804,11.811021
IPEDS:213385,Lafayette College,213385,2025,2025,False,PA,0.847305,13.889314,0.90479,9.23171,10.200471,40.0,13.889314,0.0,4.0,0.91497,12.70402,11.979787
IPEDS:213543,Lehigh University,213543,2025,2025,False,PA,0.866467,14.0249,0.765868,8.422443,10.263734,43.0,14.0249,0.0,4.0,0.915569,12.714882,11.849205
IPEDS:213987,Mercyhurst University,213987,2025,2025,False,PA,0.761078,13.541851,0.664671,8.159947,9.571627,53.0,13.541851,0.0,4.0,0.864671,11.923915,11.220284
IPEDS:214777,Pennsylvania State University-Main Campus,214777,2025,2025,False,PA,0.973054,15.200224,0.98503,10.405626,11.486662,41.0,13.982093,-2812419.0,4.0,0.994012,15.12592,14.101874
IPEDS:215062,University of Pennsylvania,215062,2025,2025,False,PA,0.71976,13.414893,0.864072,8.929833,9.859595,35.0,13.414893,0.0,5.0,0.947305,13.590262,12.352914
IPEDS:215293,University of Pittsburgh-Pittsburgh Campus,215293,2025,2025,False,PA,0.958084,14.884883,0.95988,9.954988,11.273978,37.0,14.884883,0.0,4.0,0.961078,14.138324,14.799733
IPEDS:215770,Saint Joseph's University - Philadelphia,215770,2025,2025,False,PA,0.850898,13.907548,0.846108,8.819518,10.269996,38.0,13.907548,0.0,4.0,0.818563,11.529488,12.426184
IPEDS:216597,Villanova University,216597,2025,2025,False,PA,0.907186,14.330235,0.949701,9.819508,10.692671,38.0,14.330235,0.0,4.0,0.922156,12.8613,13.058931
IPEDS:217156,Brown University,217156,2025,2025,False,RI,0.707186,13.36913,0.801198,8.560827,9.842821,34.0,13.36913,0.0,3.0,0.950299,13.673997,12.301096
IPEDS:217165,Bryant University,217165,2025,2025,False,RI,0.888024,14.202255,0.882635,9.073145,10.513402,40.0,14.202255,0.0,4.0,0.892216,12.33997,11.90737
IPEDS:217484,Rhode Island College,217420,2025,2025,False,RI,0.231737,12.125643,0.258683,7.421178,8.436975,40.0,12.125643,0.0,4.0,0.267665,7.789869,11.078907
IPEDS:217484,University of Rhode Island,217484,2025,2025,False,RI,0.861078,13.999319,0.921557,9.373479,10.41583,36.0,13.999319,0.0,3.0,0.920958,12.843036,13.194807
IPEDS:217688,Charleston Southern University,217688,2025,2025,False,SC,0.849102,13.900812,0.861677,8.921591,10.211968,40.0,13.900812,0.0,3.0,0.869461,11.981378,11.586678
IPEDS:217819,College of Charleston,217819,2025,2025,False,SC,0.912575,14.376701,0.893413,9.154933,10.425486,52.0,14.376701,0.0,4.0,0.879042,12.126743,12.289844
IPEDS:217819,University of Charleston,237312,2025,2025,False,WV,0.716168,13.402425,0.413772,7.707512,9.291642,61.0,13.453397,34597.0,5.0,0.723353,10.891876,11.078351
IPEDS:217864,Citadel Military College of South Carolina,217864,2025,2025,False,SC,0.87485,14.077516,0.911976,9.283312,10.439959,38.0,14.154609,104148.0,4.0,0.863473,11.918091,11.784852
IPEDS:217882,Clemson University,217882,2025,2025,False,SC,0.994012,15.862245,0.990419,10.577809,12.17337,40.0,15.862245,0.0,4.0,0.995808,15.179456,14.544784
IPEDS:218539,Presbyterian College,218539,2025,2025,False,SC,0.819162,13.761902,0.742515,8.351611,10.024276,42.0,13.761902,0.0,5.0,0.877844,12.111674,11.386863
IPEDS:218663,University of South Carolina-Columbia,218663,2025,2025,False,SC,0.994611,15.900707,0.974251,10.236848,12.139512,43.0,15.900707,0.0,4.0,0.980838,14.738132,13.60686
IPEDS:218724,Coastal Carolina University,218724,2025,2025,False,SC,0.983234,15.466265,0.998204,10.947151,11.728603,42.0,15.466265,0.0,4.0,0.945509,13.569265,12.996848
IPEDS:218742,University of South Carolina-Upstate,218742,2025,2025,False,SC,0.862275,14.004652,0.805988,8.575839,10.154543,47.0,14.004652,0.0,4.0,0.713772,10.813941,11.659318
IPEDS:218964,Winthrop University,218964,2025,2025,False,SC,0.814371,13.748543,0.831737,8.72437,9.836573,50.0,13.748543,0.0,4.0,0.729341,10.918247,11.6528
IPEDS:218973,Wofford College,218973,2025,2025,False,SC,0.898204,14.273037,0.873653,9.025576,10.488874,44.0,14.273037,0.0,4.0,0.870659,11.991808,11.875497
IPEDS:219356,South Dakota State University,219356,2025,2025,False,SD,0.760479,13.538484,0.859281,8.915298,9.849656,40.0,13.538484,0.0,3.0,0.893413,12.371015,12.310595
IPEDS:219602,Austin Peay State University,219602,2025,2025,False,TN,0.90479,14.327719,0.934132,9.510593,10.66418,39.0,14.327719,0.0,4.0,0.918563,12.814925,12.31091
IPEDS:219709,Belmont University,219709,2025,2025,False,TN,0.901198,14.301717,0.905988,9.234545,10.71822,36.0,14.301717,0.0,4.0,0.807784,11.449112,12.826499
IPEDS:219976,Lipscomb University,219976,2025,2025,False,TN,0.92515,14.450069,0.922754,9.395076,10.786528,39.0,14.450069,0.0,4.0,0.835928,11.702372,12.116618
IPEDS:220075,East Tennessee State University,220075,2025,2025,False,TN,0.966467,15.062267,0.87485,9.036463,11.506929,35.0,15.062267,0.0,4.0,0.899401,12.495262,11.936473
IPEDS:220862,University of Memphis,220862,2025,2025,False,TN,0.934731,14.555402,0.947305,9.73424,10.944502,37.0,14.555402,0.0,4.0,0.953293,13.759444,13.694528
IPEDS:220978,Middle Tennessee State University,220978,2025,2025,False,TN,0.881437,14.157508,0.904192,9.231515,10.396338,43.0,14.157508,0.0,4.0,0.928743,13.039755,12.930064
IPEDS:221759,The University of Tennessee-Knoxville,221759,2025,2025,False,TN,1.0,16.253133,0.985629,10.414003,12.245804,55.0,16.144406,-1179200.0,4.0,0.994611,15.133051,15.06445
IPEDS:221768,The University of Tennessee-Martin,221768,2025,2025,False,TN,0.817365,13.754781,0.874251,9.028818,10.228456,34.0,13.765368,10016.0,4.0,0.855689,11.852963,11.923683
IPEDS:221847,Tennessee Technological University,221847,2025,2025,False,TN,0.848503,13.897575,0.867066,8.960468,10.234049,39.0,13.897575,0.0,4.0,0.882635,12.154432,12.143479
IPEDS:221999,Vanderbilt University,221999,2025,2025,False,TN,0.998204,16.127561,0.997605,10.947045,12.298924,46.0,16.127561,0.0,4.0,0.974251,14.545822,14.733846
IPEDS:222178,Abilene Christian University,222178,2025,2025,False,TX,0.916168,14.395076,0.942515,9.680969,10.681527,41.0,14.308537,-148000.0,4.0,0.87006,11.987027,12.263185
IPEDS:223232,Baylor University,223232,2025,2025,False,TX,0.98024,15.440256,0.981437,10.316921,11.679064,43.0,15.440256,0.0,5.0,0.982635,14.756852,14.732692
IPEDS:224147,Texas A & M University-Corpus Christi,224147,2025,2025,False,TX,0.852695,13.920886,0.822754,8.660774,10.136735,44.0,13.920886,0.0,6.0,0.847305,11.777741,11.972203
IPEDS:224226,Dallas Baptist University,224226,2025,2025,False,TX,0.975449,15.280796,0.989222,10.531376,11.567233,41.0,15.397255,534655.0,7.0,0.821557,11.554797,12.364959
IPEDS:225399,Houston Christian University,225399,2025,2025,False,TX,0.855689,13.961529,0.830539,8.719644,10.247992,41.0,13.961529,0.0,4.0,0.848503,11.786108,11.561182
IPEDS:225511,University of Houston,225511,2025,2025,False,TX,0.961677,14.975529,0.948503,9.773834,11.125395,47.0,14.975529,0.0,4.0,0.957485,13.972347,14.689409
IPEDS:225627,University of the Incarnate Word,225627,2025,2025,False,TX,0.868263,14.03225,0.822156,8.660081,10.225623,45.0,14.03225,0.0,4.0,0.858084,11.870859,11.715523
IPEDS:226091,Lamar University,226091,2025,2025,False,TX,0.900599,14.297886,0.915569,9.313529,10.609031,40.0,14.297886,0.0,4.0,0.884431,12.234213,12.147585
IPEDS:227368,The University of Texas Rio Grande Valley,227368,2025,2025,False,TX,0.886826,14.200258,0.917365,9.352447,10.511405,40.0,14.200258,0.0,4.0,0.862275,11.908764,11.907107
IPEDS:227526,Prairie View A & M University,227526,2025,2025,False,TX,0.726946,13.43244,0.817365,8.640649,9.671302,43.0,13.43244,0.0,3.0,0.641317,10.455733,11.863927
IPEDS:227757,Rice University,227757,2025,2025,False,TX,0.965269,15.051351,0.956287,9.923633,11.313693,42.0,15.051351,0.0,4.0,0.940719,13.367157,12.820244
IPEDS:227881,Sam Houston State University,227881,2025,2025,False,TX,0.874251,14.075979,0.908982,9.261604,10.492487,36.0,14.075979,0.0,4.0,0.85988,11.893927,12.788682
IPEDS:228431,Stephen F Austin State University,228431,2025,2025,False,TX,0.8,13.692402,0.774251,8.435983,9.614931,59.0,13.692402,0.0,3.0,0.905988,12.577395,12.462968
IPEDS:228459,Texas State University,228459,2025,2025,False,TX,0.947904,14.695728,0.953293,9.878785,11.006865,40.0,14.695728,0.0,4.0,0.949102,13.657797,13.180595
IPEDS:228529,Tarleton State University,228529,2025,2025,False,TX,0.902994,14.316435,0.920359,9.358243,10.602887,41.0,14.316435,0.0,4.0,0.920359,12.830505,12.106103
IPEDS:228723,Texas A&M University-College Station,228723,2025,2025,False,TX,0.997006,16.014081,0.996407,10.843534,12.142886,48.0,15.565362,-3258379.0,4.0,0.996407,15.186699,14.617878
IPEDS:228769,The University of Texas at Arlington,228769,2025,2025,False,TX,0.861677,14.000931,0.924551,9.416053,10.337401,39.0,14.000931,0.0,5.0,0.874251,12.041864,12.118601
IPEDS:228778,The University of Texas at Austin,228778,2025,2025,False,TX,0.99521,15.908198,0.967665,10.05741,12.194631,41.0,15.536112,-2518787.0,4.0,0.997006,15.343296,14.852711
IPEDS:228778,Texas College,228884,2025,2025,False,TX,0.381437,12.520956,0.664072,8.158802,9.055334,32.0,12.520956,0.0,2.0,0.151497,0.0,10.50966
IPEDS:228875,Texas Christian University,228875,2025,2025,False,TX,0.995808,15.913907,0.997006,10.883692,12.20034,41.0,15.913907,0.0,4.0,0.965868,14.310008,14.563949
IPEDS:229027,The University of Texas at San Antonio,229027,2025,2025,False,TX,0.941916,14.625679,0.962874,9.98516,10.988109,38.0,14.625679,0.0,4.0,0.938323,13.297758,13.502687
IPEDS:229063,Texas Southern University,229063,2025,2025,False,TX,0.596407,13.061755,0.017365,5.863631,9.372959,40.0,13.061755,0.0,3.0,0.78503,11.23382,12.293406
IPEDS:229115,Texas Tech University,229115,2025,2025,False,TX,0.988024,15.646922,0.99521,10.762297,11.958049,40.0,14.688262,-3849207.0,4.0,0.97485,14.56205,14.558965
IPEDS:230038,Brigham Young University,230038,2025,2025,False,UT,0.970659,15.18806,0.977844,10.271631,11.474498,41.0,15.20839,81029.0,4.0,0.979641,14.707978,13.964644
IPEDS:230171,Utah Tech University,230171,2025,2025,False,UT,0.868862,14.036649,0.935928,9.576718,10.540167,33.0,14.036649,0.0,4.0,0.876647,12.104953,11.824549
IPEDS:230737,Utah Valley University,230737,2025,2025,False,UT,0.904192,14.319596,0.94012,9.649563,10.535432,44.0,14.319596,0.0,4.0,0.890419,12.286191,12.004287
IPEDS:230764,University of Utah,230764,2025,2025,False,UT,0.962275,14.98132,0.958084,9.944438,11.31777,39.0,13.495822,-2482143.0,4.0,0.967665,14.37376,14.109616
IPEDS:231624,William & Mary,231624,2025,2025,False,VA,0.882635,14.174688,0.881437,9.071423,10.485836,40.0,14.056771,-159298.0,3.0,0.879641,12.126992,12.047809
IPEDS:232186,George Mason University,232186,2025,2025,False,VA,0.875449,14.083198,0.885629,9.093582,10.394348,40.0,14.083198,0.0,6.0,0.902395,12.55085,12.460661
IPEDS:232423,James Madison University,232423,2025,2025,False,VA,0.939521,14.610722,0.934731,9.55471,10.897168,41.0,14.610722,1.0,4.0,0.941317,13.406432,12.800289
IPEDS:232557,Liberty University,232557,2025,2025,False,VA,0.943114,14.635536,0.932335,9.487442,10.971991,39.0,14.635536,0.0,5.0,0.954491,13.835861,13.889445
IPEDS:232566,Longwood University,232566,2025,2025,False,VA,0.88982,14.208173,0.842515,8.809714,10.424012,44.0,14.182637,-37337.0,4.0,0.826946,11.59046,12.061792
IPEDS:232937,Norfolk State University,232937,2025,2025,False,VA,0.702994,13.359058,0.739521,8.337349,9.803764,35.0,13.359058,0.0,2.0,0.802994,11.390068,12.703275
IPEDS:232982,Old Dominion University,232982,2025,2025,False,VA,0.929341,14.491055,0.956886,9.927497,10.802195,40.0,14.491055,0.0,4.0,0.941916,13.443718,12.676623
IPEDS:233277,Radford University,233277,2025,2025,False,VA,0.898802,14.275501,0.91976,9.356603,10.586646,40.0,14.275501,0.0,5.0,0.836527,11.703199,11.672226
IPEDS:233374,University of Richmond,233374,2025,2025,False,VA,0.922754,14.443617,0.928743,9.443909,10.730067,41.0,14.443617,0.0,4.0,0.92515,12.945075,12.967605
IPEDS:233921,Virginia Polytechnic Institute and State University,233921,2025,2025,False,VA,0.971856,15.193471,0.977246,10.259377,11.386819,45.0,14.088473,-2652951.0,4.0,0.986228,14.810042,13.967828
IPEDS:234030,Virginia Commonwealth University,234030,2025,2025,False,VA,0.909581,14.354288,0.892216,9.140883,10.616642,42.0,14.354288,0.0,4.0,0.902994,12.555666,13.049973
IPEDS:234076,University of Virginia-Main Campus,234076,2025,2025,False,VA,0.989222,15.671362,0.994611,10.744645,11.957797,41.0,15.671362,0.0,4.0,0.976647,14.643057,13.984217
IPEDS:234085,Virginia Military Institute,234085,2025,2025,False,VA,0.831737,13.816198,0.879042,9.066239,10.205316,37.0,13.816198,0.0,4.0,0.837725,11.712178,11.724911
IPEDS:235316,Gonzaga University,235316,2025,2025,False,WA,0.957485,14.872111,0.941317,9.679093,11.183245,40.0,14.902796,89635.0,4.0,0.923952,12.915292,13.212575
IPEDS:236595,Seattle University,236595,2025,2025,False,WA,0.91976,14.426339,0.94491,9.714202,10.929848,33.0,14.463247,69253.0,3.0,0.850898,11.819424,11.981916
IPEDS:236939,Washington State University,236939,2025,2025,False,WA,0.949102,14.736312,0.966467,10.013821,11.152807,36.0,13.884765,-1439593.0,4.0,0.958084,14.026748,13.659284
IPEDS:236948,Washington College,164216,2025,2025,False,MD,0.25988,12.212482,0.345509,7.5989,8.384064,46.0,12.212482,0.0,3.0,0.534731,9.919607,10.988069
IPEDS:236948,University of Washington-Seattle Campus,236948,2025,2025,False,WA,0.979042,15.384807,0.976048,10.243738,11.623616,43.0,13.539692,-4044317.0,4.0,0.984431,14.783426,14.277999
IPEDS:237525,Marshall University,237525,2025,2025,False,WV,0.976647,15.306165,0.957485,9.931783,11.617294,40.0,15.306165,0.0,4.0,0.938922,13.319404,12.86603
IPEDS:238032,West Virginia University,238032,2025,2025,False,WV,0.97485,15.256488,0.967066,10.024776,11.518828,42.0,15.256488,0.0,4.0,0.968862,14.389112,12.459823
IPEDS:240453,University of Wisconsin-Milwaukee,240453,2025,2025,False,WI,0.862874,14.006535,0.886826,9.107643,10.317688,40.0,14.006535,0.0,5.0,0.856287,11.853596,12.030468
IPEDS:243744,Stanford University,243744,2025,2025,False,CA,0.976048,15.284365,0.98024,10.298296,11.646787,38.0,15.284365,0.0,4.0,0.967066,14.348475,13.31757
IPEDS:243780,Purdue University-Main Campus,243780,2025,2025,False,IN,0.961078,14.970428,0.982036,10.319365,11.16378,45.0,13.083535,-2692804.0,4.0,0.977844,14.661708,14.292755
IPEDS:433660,Florida Gulf Coast University,433660,2025,2025,False,FL,0.867066,14.028769,0.902994,9.218309,10.339921,40.0,14.028769,0.0,4.0,0.873054,12.009833,11.91753
IPEDS:486840,Kennesaw State University,486840,2025,2025,False,GA,0.940719,14.61304,0.95509,9.905885,10.924178,40.0,14.61304,0.0,3.0,0.92994,13.079335,12.317202
NCAA:adams-state,Adams State University,126182,2025,2025,False,CO,0.497006,12.75234,0.574251,7.962764,8.968275,44.0,12.75234,0.0,3.0,0.575449,10.129347,11.253468
NCAA:adelphi,Adelphi University,188429,2025,2025,False,NY,0.682635,13.310046,0.820359,8.654169,9.672521,38.0,13.310046,0.0,3.0,0.60479,10.286571,10.99146
NCAA:adrian,Adrian College,168528,2025,2025,False,MI,0.537725,12.856589,0.441916,7.751045,8.594092,71.0,12.856589,0.0,5.0,0.649102,10.477457,11.296335
NCAA:albertus-magnus,Albertus Magnus College,128498,2025,2025,False,CT,0.134731,11.743751,0.065868,6.726233,7.937438,45.0,11.743751,0.0,6.0,0.607784,10.302297,11.050557
NCAA:albion,Albion College,168546,2025,2025,False,MI,0.293413,12.291966,0.453293,7.776115,8.340956,52.0,12.362397,15903.0,2.0,0.580838,10.151909,11.044984
NCAA:albright,Albright College,210571,2025,2025,False,PA,0.131737,11.733418,0.020958,5.996452,7.690815,57.0,11.733418,0.0,5.0,0.558084,10.031837,11.072838
NCAA:alfred,Alfred University,188641,2025,2025,False,NY,0.267665,12.235078,0.432335,7.735433,8.624335,37.0,12.196921,-7708.0,2.0,0.763473,11.100602,11.184408
NCAA:allegheny,Allegheny College,210669,2025,2025,False,PA,0.409581,12.58874,0.652096,8.129175,8.782227,45.0,12.58874,0.0,3.0,0.866467,11.950754,11.112955
NCAA:alma,Alma College,168591,2025,2025,False,MI,0.456287,12.66891,0.497605,7.844633,8.494724,65.0,12.66891,0.0,6.0,0.582635,10.15875,11.045877
NCAA:alvernia,Alvernia University,210775,2025,2025,False,PA,0.199401,12.016364,0.158084,7.130099,8.0277,54.0,12.1553,24659.0,5.0,0.795808,11.321511,10.99968
NCAA:american-international,American International College,164447,2025,2025,False,MA,0.7,13.355456,0.074251,6.782192,9.330191,56.0,13.355456,0.0,3.0,0.782635,11.222493,11.413182
NCAA:amherst,Amherst College,164465,2025,2025,False,MA,0.535928,12.850723,0.761078,8.403352,9.354299,33.0,12.850723,0.0,3.0,0.84491,11.758003,11.777963
NCAA:angelo-state,Angelo State University,222831,2025,2025,False,TX,0.720958,13.41577,0.716766,8.28778,9.565691,47.0,13.434364,12584.0,3.0,0.802395,11.386171,11.908966
NCAA:anna-maria,Anna Maria College,164492,2025,2025,False,MA,0.359281,12.462926,0.480838,7.824446,8.551092,50.0,12.462926,0.0,3.0,0.586228,10.176449,11.273868
NCAA:arcadia,Arcadia University,211088,2025,2025,False,PA,0.379641,12.507861,0.383234,7.665753,8.794437,41.0,12.507861,0.0,6.0,0.637725,10.440244,11.206115
NCAA:arkansas-fort-smith,University of Arkansas-Fort Smith,108092,2025,2025,False,AR,0.705988,13.3637,0.791018,8.510169,9.700198,39.0,13.351327,-7827.0,3.0,0.516168,9.816022,10.960201
NCAA:arkansas-monticello,University of Arkansas at Monticello,106485,2025,2025,False,AR,0.675449,13.273373,0.813772,8.596559,9.55987,41.0,13.273373,0.0,2.0,0.701198,10.728715,11.274732
NCAA:arkansas-technological,Arkansas Tech University,106467,2025,2025,False,AR,0.635329,13.164156,0.050299,6.55108,9.272428,49.0,13.164156,0.0,2.0,0.426347,9.311994,11.344945
NCAA:asbury,Asbury University,156213,2025,2025,False,KY,0.148503,11.798706,0.125749,7.000334,7.992374,45.0,11.798706,0.0,5.0,0.359281,8.841593,10.578954
NCAA:ashland,Ashland University,201104,2025,2025,False,OH,0.757485,13.520956,0.707784,8.265393,9.649818,48.0,13.520956,0.0,4.0,0.756287,11.063273,11.208396
NCAA:assumption,Assumption University,164562,2025,2025,False,MA,0.637725,13.167218,0.674251,8.194782,9.056459,61.0,12.976873,-90639.0,4.0,0.694611,10.699282,11.300128
NCAA:augsburg,Augsburg University,173045,2025,2025,False,MN,0.301796,12.32061,0.157485,7.130099,8.536613,44.0,12.32061,0.0,9.0,0.561677,10.045378,11.093615
NCAA:augusta,Augusta University,482149,2025,2025,False,GA,0.621557,13.124816,0.294012,7.49443,9.135938,54.0,13.155233,15480.0,5.0,0.418563,9.275379,11.301303
NCAA:aurora,Aurora University,143118,2025,2025,False,IL,0.468862,12.691707,0.461078,7.794823,9.028262,39.0,12.691707,0.0,4.0,0.771257,11.132294,11.416899
NCAA:austin,Austin College,222983,2025,2025,False,TX,0.335329,12.394401,0.290419,7.488853,8.283776,61.0,12.268291,-28607.0,4.0,0.455689,9.475547,11.305286
NCAA:averett,Averett University,231420,2025,2025,False,VA,0.198802,12.015874,0.309581,7.522941,8.254928,43.0,12.015874,0.0,4.0,0.721557,10.873622,10.9068
NCAA:azusa-pacific,Azusa Pacific University,109785,2025,2025,False,CA,0.820359,13.774384,0.69521,8.241176,9.924285,47.0,13.774384,0.0,4.0,0.308383,8.333751,11.707974
NCAA:babson,Babson College,164580,2025,2025,False,MA,0.443114,12.645904,0.615569,8.040769,8.839383,45.0,12.645904,0.0,3.0,0.719162,10.859441,11.462842
NCAA:baldwin-wallace,Baldwin Wallace University,201195,2025,2025,False,OH,0.532934,12.840838,0.320359,7.541152,8.697868,63.0,12.840838,0.0,3.0,0.80479,11.418252,10.929852
NCAA:bard,Bard College,189088,2025,2025,False,NY,0.344311,12.420014,0.588024,7.995307,8.864803,35.0,12.420014,0.0,3.0,0.68503,10.655163,11.138363
NCAA:barry,Barry University,132471,2025,2025,False,FL,0.738922,13.460188,0.369461,7.640604,9.63161,46.0,13.460188,0.0,4.0,0.517964,9.820106,11.319511
NCAA:barton,Barton College,197911,2025,2025,False,NC,0.677246,13.277077,0.384431,7.667158,,,13.277077,0.0,3.0,0.447305,9.425129,10.829927
NCAA:bates,Bates College,160977,2025,2025,False,ME,0.491617,12.742958,0.507784,7.85632,9.187709,35.0,12.885978,52604.0,2.0,0.788623,11.271351,11.323773
NCAA:belhaven,Belhaven University,175421,2025,2025,False,MS,0.583832,13.026418,0.710778,8.27614,8.949009,59.0,13.026418,0.0,3.0,0.815569,11.50961,11.159374
NCAA:belmont-abbey,Belmont Abbey College,197984,2025,2025,False,NC,0.780838,13.613593,0.317964,7.536897,,,13.613593,0.0,5.0,0.671257,10.57352,10.89431
NCAA:beloit,Beloit College,238333,2025,2025,False,WI,0.267066,12.234582,0.565269,7.948738,8.497112,42.0,12.234582,0.0,6.0,0.720958,10.870833,10.803933
NCAA:bemidji-state,Bemidji State University,173124,2025,2025,False,MN,0.460479,12.676779,0.457485,7.788212,8.599423,59.0,12.676779,0.0,4.0,0.81018,11.46576,12.184466
NCAA:benedict,Benedict College,217721,2025,2025,False,SC,0.494611,12.746211,0.672455,8.19174,9.345099,30.0,12.521817,-68993.0,1.0,0.534132,9.913685,11.30488
NCAA:bentley,Bentley University,164739,2025,2025,False,MA,0.588623,13.038973,0.711377,8.276649,9.301393,42.0,13.23867,101674.0,3.0,0.827545,11.591376,11.609199
NCAA:berea,Berea College,156295,2025,2025,False,KY,0.30479,12.326266,0.31497,7.531016,8.959094,29.0,11.96544,-68317.0,6.0,0.188623,5.983936,11.056257
NCAA:berry,Berry College,139144,2025,2025,False,GA,0.684431,13.314204,0.74012,8.338545,9.576603,42.0,13.431244,75211.0,3.0,0.695808,10.708735,11.145839
NCAA:bethany-lutheran,Bethany Lutheran College,173142,2025,2025,False,MN,0.442515,12.645781,0.371856,7.646831,8.733916,50.0,12.640313,-1693.0,6.0,0.51497,9.815366,11.057944
NCAA:biola,Biola University,110097,2025,2025,False,CA,0.767066,13.560007,0.750898,8.376781,9.82239,42.0,13.64283,66880.0,4.0,0.565269,10.064075,11.443779
NCAA:blackburn,Blackburn College,143288,2025,2025,False,IL,0.235329,12.132738,0.392216,7.675082,8.444069,40.0,12.132738,0.0,3.0,0.423353,9.30146,10.9277
NCAA:bluefield-state,Bluefield State University,237215,2025,2025,False,WV,0.338323,12.403763,0.397006,7.682482,8.969899,31.0,12.403763,0.0,3.0,0.356287,8.81937,10.846634
NCAA:bluffton,Bluffton University,201371,2025,2025,False,OH,0.223353,12.101318,0.059281,6.674561,8.230377,48.0,12.464386,78840.0,3.0,0.485629,9.654706,10.862646
NCAA:bob-jones,Bob Jones University,217749,2025,2025,False,SC,0.116168,11.635267,0.082036,6.821107,8.33966,27.0,11.635267,0.0,1.0,0.413772,9.243485,10.789628
NCAA:bowdoin,Bowdoin College,161004,2025,2025,False,ME,0.453892,12.664842,0.692814,8.238801,9.138585,34.0,13.216387,232868.0,4.0,0.803593,11.40378,11.648636
NCAA:brandeis,Brandeis University,165015,2025,2025,False,MA,0.462275,12.679564,0.599401,8.014666,9.042093,38.0,12.679564,0.0,5.0,0.645509,10.469171,11.336713
NCAA:brevard,Brevard College,198066,2025,2025,False,NC,0.303593,12.322174,0.305988,7.515345,8.244895,59.0,12.322174,0.0,4.0,0.277844,7.960673,10.873679
NCAA:bridgeport,University of Bridgeport,128744,2025,2025,False,CT,0.721557,13.420558,0.738323,8.33663,9.549427,48.0,13.565223,104865.0,5.0,0.405988,9.2013,11.373525
NCAA:bridgewater-state,Bridgewater State University,165024,2025,2025,False,MA,0.089222,11.492468,0.356886,7.622664,8.027048,32.0,11.537286,4491.0,4.0,0.298802,8.23695,10.95326
NCAA:buena-vista,Buena Vista University,153001,2025,2025,False,IA,0.44491,12.649719,0.47006,7.811163,8.778669,48.0,12.694748,14355.0,3.0,0.768862,11.127631,11.152329
NCAA:caldwell,Caldwell University,183910,2025,2025,False,NJ,0.52994,12.834524,0.260479,7.422374,9.223702,37.0,12.856905,8486.0,4.0,0.385629,9.032768,10.917467
NCAA:california-lutheran,California Lutheran University,110413,2025,2025,False,CA,0.405988,12.580009,0.397605,7.683864,8.795968,44.0,12.580009,0.0,4.0,0.607186,10.297386,11.363044
NCAA:calvin,Calvin University,169080,2025,2025,False,MI,0.445509,12.651809,0.573054,7.961021,8.938365,41.0,12.651809,0.0,5.0,0.676048,10.607154,11.240618
NCAA:cameron,Cameron University,206914,2025,2025,False,OK,0.591018,13.047079,0.601796,8.019942,9.309498,42.0,13.048659,733.0,3.0,0.282635,8.011355,10.970059
NCAA:capital,Capital University,201548,2025,2025,False,OH,0.508982,12.783374,0.622156,8.062433,8.912305,48.0,12.783374,0.0,9.0,0.683234,10.648587,11.164545
NCAA:carleton,Carleton College,173258,2025,2025,False,MN,0.139521,11.757533,0.246707,7.376508,8.202451,35.0,11.757525,-1.0,4.0,0.71976,10.859691,11.736605
NCAA:carson-newman,Carson-Newman University,219806,2025,2025,False,TN,0.762874,13.545337,0.676048,8.195885,9.340731,67.0,13.545337,0.0,3.0,0.146108,0.0,11.169872
NCAA:carthage,Carthage College,238476,2025,2025,False,WI,0.557485,12.936631,0.553293,7.930566,8.660136,72.0,13.435229,268421.0,5.0,0.865269,11.939917,11.347827
NCAA:catawba,Catawba College,198215,2025,2025,False,NC,0.701198,13.35713,0.703593,8.255828,9.746269,37.0,13.341896,-9560.0,6.0,0.439521,9.384882,11.231583
NCAA:cedarville,Cedarville University,201654,2025,2025,False,OH,0.606587,13.090809,0.528144,7.889459,9.479965,37.0,13.090809,0.0,3.0,0.50479,9.771897,10.905681
NCAA:centenary-louisiana,Centenary College of Louisiana,158477,2025,2025,False,LA,0.492216,12.744053,0.256886,7.41216,8.683777,58.0,12.744053,0.0,5.0,0.740719,10.980008,11.214075
NCAA:central-missouri,University of Central Missouri,176965,2025,2025,False,MO,0.796407,13.672375,0.713772,8.279697,9.611998,58.0,13.672375,0.0,6.0,0.753892,11.042874,11.346552
NCAA:central-oklahoma,University of Central Oklahoma,206941,2025,2025,False,OK,0.700599,13.356113,0.666467,8.171317,9.278667,59.0,13.435403,52124.0,3.0,0.552695,10.004283,11.481166
NCAA:central-washington,Central Washington University,234827,2025,2025,False,WA,0.571257,12.986138,0.721557,8.299037,9.489704,33.0,13.01045,10738.0,3.0,0.667665,10.552526,11.403245
NCAA:centre,Centre College,156408,2025,2025,False,KY,0.353293,12.445755,0.532934,7.900266,8.73234,41.0,12.445755,0.0,3.0,0.808982,11.455084,10.681206
NCAA:chapman,Chapman University,111948,2025,2025,False,CA,0.573054,12.989104,0.450299,7.765569,9.405665,36.0,12.989104,0.0,4.0,0.478443,9.613937,11.301315
NCAA:chatham,Chatham University,211556,2025,2025,False,PA,0.206587,12.053935,0.341317,7.586296,8.204055,47.0,12.053935,0.0,2.0,0.692216,10.686567,10.845446
NCAA:chestnut-hill,Chestnut Hill College,211583,2025,2025,False,PA,0.531138,12.835683,0.359281,7.623642,9.098123,42.0,12.815531,-7489.0,5.0,0.373054,8.97702,10.286298
NCAA:chowan,Chowan University,198303,2025,2025,False,NC,0.579042,13.010971,0.61976,8.051978,9.079258,51.0,13.010971,0.0,2.0,0.571856,10.112208,10.968284
NCAA:christian-brothers,Christian Brothers University,219833,2025,2025,False,TN,0.679042,13.296071,0.392814,7.675082,9.558471,42.0,13.145763,-83016.0,2.0,0.544311,9.956412,10.722672
NCAA:claflin,Claflin University,217873,2025,2025,False,SC,0.463473,12.6806,0.603593,8.022241,8.991842,40.0,12.6806,0.0,2.0,0.813772,11.500711,11.099846
NCAA:clark-atlanta,Clark Atlanta University,138947,2025,2025,False,GA,0.315569,12.349432,0.575449,7.96624,8.948361,30.0,12.53456,46944.0,1.0,0.278443,7.9735,11.269554
NCAA:clarke,Clarke University,153126,2025,2025,False,IA,0.911377,14.362369,0.465868,7.800573,10.268059,60.0,14.362369,0.0,4.0,0.553293,10.004509,10.889099
NCAA:clarkson,Clarkson University,190044,2025,2025,False,NY,0.333533,12.393195,0.549102,7.924796,8.655696,42.0,12.781843,114545.0,2.0,0.777246,11.187998,11.576323
NCAA:coe,Coe College,153144,2025,2025,False,IA,0.203593,12.043313,0.141317,7.065613,7.966116,59.0,12.043313,0.0,6.0,0.707186,10.764329,11.199816
NCAA:coker,Coker University,217907,2025,2025,False,SC,0.735928,13.456542,0.497006,7.843456,9.449286,55.0,13.546493,65734.0,4.0,0.230539,7.297091,10.728868
NCAA:colby,Colby College,161086,2025,2025,False,ME,0.538323,12.866379,0.625749,8.073403,9.105287,43.0,12.866379,0.0,7.0,0.812575,11.499516,11.718117
NCAA:colby-sawyer,Colby-Sawyer College,182634,2025,2025,False,NH,0.162874,11.852009,0.168862,7.154615,8.091108,43.0,11.852009,0.0,4.0,0.446108,9.422949,10.44039
NCAA:colorado-christian,Colorado Christian University,126669,2025,2025,False,CO,0.550898,12.920338,0.663473,8.15737,9.282842,38.0,12.920338,0.0,3.0,0.401198,9.150378,11.113075
NCAA:colorado-mesa,Colorado Mesa University,127556,2025,2025,False,CO,0.782635,13.614409,0.632934,8.082711,9.487349,62.0,13.631193,13843.0,5.0,0.837126,11.710989,11.512465
NCAA:columbus-state,Columbus State University,139366,2025,2025,False,GA,0.688623,13.327301,0.617964,8.045588,9.543181,44.0,13.327301,0.0,3.0,0.735928,10.953382,11.092687
NCAA:concord,Concord University,237330,2025,2025,False,WV,0.656886,13.216506,0.597006,8.011355,9.191254,56.0,13.216506,0.0,3.0,0.61018,10.322987,10.965073
NCAA:concordia-chicago,Concordia University-Chicago,144351,2025,2025,False,IL,0.570659,12.983678,0.761677,8.409385,9.246103,42.0,13.012504,12729.0,5.0,0.47485,9.595875,11.064151
NCAA:concordia-saint-paul,Concordia University-Saint Paul,173328,2025,2025,False,MN,0.646707,13.185697,0.794611,8.524764,9.522206,39.0,13.185697,0.0,4.0,0.781437,11.218487,11.231159
NCAA:concordia-wisconsin,Concordia University-Wisconsin,238616,2025,2025,False,WI,0.258084,12.210164,0.214371,7.305188,8.298385,50.0,12.370082,34825.0,3.0,0.733533,10.936725,10.866223
NCAA:covenant,Covenant College,139393,2025,2025,False,GA,0.205988,12.053038,0.15988,7.132498,8.102091,52.0,12.135591,14769.0,4.0,0.411377,9.230241,10.89046
NCAA:curry,Curry College,165529,2025,2025,False,MA,0.168862,11.880038,0.501796,7.848934,8.269369,37.0,11.880038,0.0,6.0,0.64491,10.464502,10.563052
NCAA:dallas,University of Dallas,224323,2025,2025,False,TX,0.249102,12.181452,0.482635,7.825245,8.598112,36.0,12.181452,0.0,3.0,0.235329,7.342132,11.386353
NCAA:dallas,Dallas College,224615,2025,2025,False,TX,0.804192,13.709924,0.061078,6.689599,,,13.709924,0.0,13.0,0.150898,0.0,11.111134
NCAA:davenport,Davenport University,169479,2025,2025,False,MI,0.773653,13.581223,0.741317,8.350194,9.774616,45.0,13.581223,0.0,7.0,0.768263,11.119972,11.095347
NCAA:davis-and-elkins,Davis & Elkins College,237358,2025,2025,False,WV,0.559281,12.938642,0.129341,7.021976,9.301145,38.0,13.091135,68543.0,3.0,0.479641,9.615472,10.764012
NCAA:dean,Dean College,165574,2025,2025,False,MA,0.151497,11.81471,0.083832,6.830874,7.883254,51.0,11.826231,1567.0,3.0,0.570659,10.103322,10.979803
NCAA:defiance,Defiance College,202514,2025,2025,False,OH,0.821557,13.784567,0.235928,7.355002,9.913414,48.0,13.486526,-249876.0,3.0,0.652096,10.489912,10.837068
NCAA:delaware-valley,Delaware Valley University,211981,2025,2025,False,PA,0.155689,11.829333,0.337725,7.578657,8.116053,41.0,11.829333,0.0,2.0,0.487425,9.669473,11.149096
NCAA:delta-state,Delta State University,175616,2025,2025,False,MS,0.614371,13.112321,0.49521,7.8411,9.374734,42.0,13.112321,0.0,3.0,0.664072,10.541888,11.184866
NCAA:denison,Denison University,202523,2025,2025,False,OH,0.628743,13.154362,0.722754,8.30028,9.347785,45.0,13.154362,0.0,3.0,0.727545,10.916052,11.485205
NCAA:depauw,DePauw University,150400,2025,2025,False,IN,0.361078,12.465294,0.508982,7.857868,8.776565,40.0,12.465294,0.0,2.0,0.677246,10.613615,11.332506
NCAA:desales,DeSales University,210739,2025,2025,False,PA,0.369461,12.486092,0.393413,7.675546,8.848645,38.0,12.550811,17693.0,7.0,0.577844,10.14148,10.766715
NCAA:dickinson,Dickinson College,212009,2025,2025,False,PA,0.197006,12.004978,0.098204,6.896694,8.367618,38.0,12.293021,54601.0,4.0,0.769461,11.12838,11.05108
NCAA:drew,Drew University,184348,2025,2025,False,NJ,0.216766,12.093604,0.387425,7.670429,8.309655,44.0,12.093604,0.0,8.0,0.492216,9.70802,10.934303
NCAA:drury,Drury University,177214,2025,2025,False,MO,0.770659,13.5743,0.768862,8.425955,9.745716,46.0,13.5743,0.0,4.0,0.65509,10.497367,11.146171
NCAA:dubuque,University of Dubuque,153278,2025,2025,False,IA,0.37485,12.497992,0.224551,7.329094,8.736949,43.0,12.528258,8229.0,4.0,0.772455,11.140049,11.152673
NCAA:dyouville,D'Youville  University,190716,2025,2025,False,NY,0.701796,13.357451,0.816168,8.622994,9.719924,38.0,13.357839,245.0,8.0,0.564072,10.063521,10.911756
NCAA:earlham,Earlham College,150455,2025,2025,False,IN,0.516168,12.797123,0.430539,7.734559,9.15964,38.0,12.797123,0.0,8.0,0.603593,10.276533,10.858787
NCAA:east-central,East Central College,177250,2025,2025,False,MO,0.382635,12.521992,0.588623,7.995644,8.71549,45.0,12.521992,0.0,3.0,0.179042,5.204007,10.721813
NCAA:east-central,East Central University,207041,2025,2025,False,OK,0.598204,13.067066,0.423353,7.722235,,,13.067066,0.0,2.0,0.563473,10.055264,11.051794
NCAA:east-texas-baptist,East Texas Baptist University,224527,2025,2025,False,TX,0.57006,12.979552,0.786826,8.484257,9.290763,40.0,12.979552,0.0,5.0,0.784431,11.233622,11.170182
NCAA:eastern,Eastern University,212133,2025,2025,False,PA,0.537126,12.851142,0.434132,7.739359,,,12.817969,-12439.0,6.0,0.757485,11.066873,10.970386
NCAA:eastern-connecticut-state,Eastern Connecticut State University,129215,2025,2025,False,CT,0.434132,12.633501,0.607784,8.034307,8.944749,40.0,12.633501,0.0,7.0,0.291617,8.14613,11.504329
NCAA:eckerd,Eckerd College,133492,2025,2025,False,FL,0.793413,13.661355,0.624551,8.073091,10.023812,38.0,13.661355,0.0,4.0,0.523952,9.860267,11.213468
NCAA:edgewood,Edgewood College,238661,2025,2025,False,WI,0.465269,12.683204,0.72994,8.320692,9.186796,33.0,12.700592,5653.0,5.0,0.383234,9.02389,10.91387
NCAA:edward-waters,Edward Waters University,133526,2025,2025,False,FL,0.61976,13.123455,0.365868,7.632401,8.833139,73.0,13.123455,0.0,4.0,0.05988,0.0,10.938414
NCAA:elizabethtown,Elizabethtown College,212197,2025,2025,False,PA,0.310778,12.340249,0.137126,7.055313,8.533779,45.0,12.340249,0.0,6.0,0.438922,9.384042,10.903531
NCAA:elmhurst,Elmhurst University,144962,2025,2025,False,IL,0.307186,12.335363,0.402395,7.687997,8.621966,41.0,12.593313,66978.0,6.0,0.754491,11.047392,11.262668
NCAA:elmira,Elmira College,190983,2025,2025,False,NY,0.11976,11.664255,0.192814,7.232733,8.00102,39.0,11.664255,0.0,2.0,0.499401,9.745429,10.833188
NCAA:emerson,Emerson College,165662,2025,2025,False,MA,0.420359,12.603381,0.773054,8.435549,8.965919,38.0,12.621673,5493.0,4.0,0.64012,10.45236,11.164757
NCAA:emory,Emory University,139658,2025,2025,False,GA,0.584431,13.027096,0.841916,8.804775,9.443654,36.0,13.480923,261068.0,3.0,0.589222,10.18539,11.700591
NCAA:emory-and-henry,Emory & Henry University,232025,2025,2025,False,VA,0.650898,13.196628,0.292814,7.491645,9.245479,52.0,13.196628,0.0,3.0,0.734132,10.936779,10.90636
NCAA:emporia-state,Emporia State University,155025,2025,2025,False,KS,0.786826,13.635274,0.646707,8.107117,9.897654,42.0,13.634995,-233.0,3.0,0.81497,11.508927,11.465886
NCAA:endicott,Endicott College,165699,2025,2025,False,MA,0.507186,12.778782,0.567665,7.956477,8.789948,54.0,12.77878,-1.0,5.0,0.579042,10.144471,10.551245
NCAA:erskine,Erskine College,217998,2025,2025,False,SC,0.799401,13.691356,0.32515,7.554859,,,13.691356,0.0,3.0,0.143713,0.0,10.880911
NCAA:eureka,Eureka College,144971,2025,2025,False,IL,0.177246,11.916482,0.215569,7.31055,8.066642,47.0,11.916482,0.0,2.0,0.288024,8.121777,10.833287
NCAA:fairmont-state,Fairmont State University,237367,2025,2025,False,WV,0.384431,12.527246,0.479042,7.822845,8.943854,36.0,12.639782,32845.0,2.0,0.453293,9.464517,11.08068
NCAA:farmingdale-state,Farmingdale State College,196042,2025,2025,False,NY,0.105988,11.588534,0.114371,6.977281,8.062479,34.0,11.607799,2098.0,2.0,0.116766,0.0,11.587003
NCAA:felician,Felician University,184612,2025,2025,False,NJ,0.786228,13.625287,0.799401,8.554682,9.582303,57.0,13.625287,0.0,5.0,0.511377,9.805213,10.599431
NCAA:ferrum,Ferrum College,232089,2025,2025,False,VA,0.431138,12.628559,0.41497,7.70886,8.534408,60.0,12.628559,0.0,3.0,0.767665,11.119246,10.885116
NCAA:findlay,The University of Findlay,202763,2025,2025,False,OH,0.618563,13.121471,0.033533,6.324359,9.229747,49.0,13.253504,70510.0,2.0,0.58503,10.173362,11.185823
NCAA:fitchburg-state,Fitchburg State University,165820,2025,2025,False,MA,0.108383,11.603853,0.414371,7.707962,7.993264,37.0,11.652,5402.0,6.0,0.310778,8.349957,10.4415
NCAA:flagler,Flagler College,133711,2025,2025,False,FL,0.823353,13.789922,0.517964,7.872455,10.052294,42.0,13.789922,0.0,4.0,0.674251,10.593304,11.23841
NCAA:florida-southern,Florida Southern College,134079,2025,2025,False,FL,0.853293,13.929223,0.644311,8.095599,9.625223,74.0,13.929223,0.0,5.0,0.613174,10.330388,11.24067
NCAA:fort-hays-state,Fort Hays State University,155061,2025,2025,False,KS,0.605988,13.09026,0.709581,8.273337,9.563967,34.0,13.09026,0.0,3.0,0.852096,11.822599,11.43425
NCAA:framingham-state,Framingham State University,165866,2025,2025,False,MA,0.136527,11.749688,0.577844,7.973155,8.223588,34.0,11.749688,0.0,4.0,0.245509,7.488294,11.377804
NCAA:francis-marion,Francis Marion University,218061,2025,2025,False,SC,0.742515,13.471205,0.424551,7.723562,9.208623,71.0,13.471205,0.0,3.0,0.353293,8.769352,11.44577
NCAA:franklin,Franklin College,150604,2025,2025,False,IN,0.265269,12.229926,0.323952,7.549609,8.380003,47.0,12.290671,12828.0,3.0,0.482635,9.624699,11.017481
NCAA:franklin-and-marshall,Franklin and Marshall College,212577,2025,2025,False,PA,0.514371,12.795677,0.77006,8.429018,9.240423,35.0,12.729768,-23004.0,7.0,0.767066,11.119172,11.286
NCAA:franklin-pierce,Franklin Pierce University,182795,2025,2025,False,NH,0.705389,13.363014,0.182036,7.193686,9.431267,51.0,13.363014,0.0,3.0,0.639521,10.450655,11.163325
NCAA:fresno-pacific,Fresno Pacific University,114813,2025,2025,False,CA,0.788623,13.645354,0.798204,8.54091,9.694171,52.0,13.674648,25076.0,4.0,0.448503,9.430921,11.268175
NCAA:frostburg-state,Frostburg State University,162584,2025,2025,False,MD,0.553293,12.928038,0.541317,7.914618,9.099506,46.0,12.928038,0.0,6.0,0.461078,9.499871,11.254401
NCAA:gannon,Gannon University,212601,2025,2025,False,PA,0.651497,13.198281,0.616766,8.042378,9.369723,46.0,13.198281,0.0,4.0,0.797605,11.340154,11.130669
NCAA:geneva,Geneva College,212656,2025,2025,False,PA,0.200599,12.022426,0.303593,7.513164,8.216028,45.0,12.022426,0.0,3.0,0.608383,10.30384,10.913414
NCAA:george-fox,George Fox University,208822,2025,2025,False,OR,0.55988,12.939046,0.658084,8.144389,8.79606,63.0,13.044884,46471.0,7.0,0.739521,10.964796,11.267639
NCAA:georgian-court,Georgian Court University,184773,2025,2025,False,NJ,0.797605,13.684913,0.203593,7.268223,9.834818,47.0,13.688923,3526.0,3.0,0.432335,9.350015,11.145392
NCAA:gettysburg,Gettysburg College,212674,2025,2025,False,PA,0.518563,12.801053,0.643713,8.094684,8.869365,51.0,12.801053,0.0,5.0,0.826347,11.584027,11.284807
NCAA:glenville-state,Glenville State University,237385,2025,2025,False,WV,0.379042,12.506784,0.088024,6.851185,8.79336,41.0,13.07349,205987.0,2.0,0.505988,9.776222,11.060133
NCAA:goldey-beacom,Goldey-Beacom College,130989,2025,2025,False,DE,0.54491,12.896328,0.639521,8.090709,9.0678,46.0,12.896328,0.0,6.0,0.380838,8.998878,10.347564
NCAA:gordon,Gordon College,165936,2025,2025,False,MA,0.289222,12.282585,0.249102,7.387709,8.699228,36.0,12.540052,63400.0,3.0,0.511976,9.806701,10.887867
NCAA:grand-valley-state,Grand Valley State University,170082,2025,2025,False,MI,0.764072,13.551143,0.79521,8.528133,9.813526,42.0,13.5661,11569.0,4.0,0.800599,11.373445,11.646109
NCAA:greensboro,Greensboro College,198598,2025,2025,False,NC,0.257485,12.209975,0.358084,7.623153,8.318394,49.0,12.209975,0.0,6.0,0.402395,9.16115,10.840894
NCAA:greenville,Greenville University,145372,2025,2025,False,IL,0.214371,12.085598,0.272455,7.446585,8.396939,40.0,12.460633,80679.0,3.0,0.497006,9.739084,10.964519
NCAA:grinnell,Grinnell College,153384,2025,2025,False,IA,0.376647,12.502864,0.589222,7.998335,8.765347,42.0,12.502864,0.0,5.0,0.664671,10.542469,11.368951
NCAA:guilford,Guilford College,198613,2025,2025,False,NC,0.164671,11.862469,0.181437,7.192182,8.101565,43.0,12.040172,27584.0,2.0,0.435928,9.36666,10.801655
NCAA:gustavus-adolphus,Gustavus Adolphus College,173647,2025,2025,False,MN,0.446108,12.653486,0.408383,7.695758,8.419596,69.0,12.653486,0.0,6.0,0.741916,10.98414,11.357954
NCAA:gwynedd-mercy,Gwynedd Mercy University,212832,2025,2025,False,PA,0.12515,11.693479,0.136527,7.050989,8.197238,33.0,11.693479,0.0,4.0,0.422156,9.296977,11.119824
NCAA:hamilton,Hamilton College,191515,2025,2025,False,NY,0.577246,13.002379,0.688024,8.224164,9.338903,39.0,13.002379,0.0,3.0,0.778443,11.20106,11.776965
NCAA:hamline,Hamline University,173665,2025,2025,False,MN,0.486228,12.735465,0.827545,8.695841,8.997916,42.0,12.735465,0.0,6.0,0.524551,9.862561,10.685241
NCAA:hanover,Hanover College,150756,2025,2025,False,IN,0.260479,12.213242,0.472455,7.815611,8.406798,45.0,12.213242,0.0,2.0,0.765269,11.111582,11.213778
NCAA:hardin-simmons,Hardin-Simmons University,225247,2025,2025,False,TX,0.39521,12.551076,0.398802,7.684324,8.639227,50.0,12.63357,24284.0,3.0,0.481437,9.618203,11.314487
NCAA:harding,Harding University,107044,2025,2025,False,AR,0.781437,13.614115,0.304192,7.514255,9.785529,46.0,13.693081,67179.0,3.0,0.747904,11.017826,11.497345
NCAA:haverford,Haverford College,212911,2025,2025,False,PA,0.441916,12.645691,0.841317,8.799812,9.149287,33.0,12.644324,-424.0,5.0,0.581437,10.152416,11.160755
NCAA:hawaii-hilo,University of Hawaii at Hilo,141565,2025,2025,False,HI,0.746108,13.473555,0.770659,8.430763,9.413193,58.0,13.473555,0.0,8.0,0.449701,9.438034,11.217695
NCAA:hawaii-pacific,Hawaii Pacific University,141644,2025,2025,False,HI,0.702395,13.357453,0.81497,8.603554,9.573331,44.0,13.357453,0.0,7.0,0.319162,8.430545,11.134881
NCAA:heidelberg,Heidelberg University,203085,2025,2025,False,OH,0.378443,12.506473,0.429341,7.727535,8.594632,50.0,12.506473,0.0,4.0,0.673653,10.592325,10.918591
NCAA:henderson-state,Henderson State University,107071,2025,2025,False,AR,0.589222,13.041557,0.24491,7.372118,9.016324,56.0,13.041557,0.0,2.0,0.594611,10.212148,11.253831
NCAA:hendrix,Hendrix College,107080,2025,2025,False,AR,0.430539,12.627792,0.535928,7.907652,8.533641,60.0,12.627792,0.0,9.0,0.765868,11.114774,11.031853
NCAA:hilbert,Hilbert College,191621,2025,2025,False,NY,0.301198,12.319022,0.581437,7.980366,8.735659,36.0,12.794037,136149.0,5.0,0.529341,9.886036,10.79524
NCAA:hiram,Hiram College,203128,2025,2025,False,OH,0.228743,12.113881,0.247305,7.376508,8.106843,55.0,12.113881,0.0,4.0,0.538922,9.934841,10.789917
NCAA:holy-family,Holy Family University,212984,2025,2025,False,PA,0.74012,13.464562,0.138922,7.057898,,,13.319488,-95072.0,4.0,0.284431,8.057694,10.900602
NCAA:hood,Hood College,162760,2025,2025,False,MD,0.21018,12.066017,0.343114,7.591862,8.510865,35.0,12.066017,0.0,3.0,0.434132,9.355047,10.647756
NCAA:hope,Hope College,170301,2025,2025,False,MI,0.208982,12.065505,0.317365,7.536897,8.428132,38.0,12.124532,10566.0,3.0,0.785629,11.242874,11.210779
NCAA:houghton,Houghton University,191676,2025,2025,False,NY,0.153293,11.815863,0.320958,7.543803,8.031991,44.0,11.815863,0.0,4.0,0.408982,9.221676,10.809223
NCAA:howard-payne,Howard Payne University,225548,2025,2025,False,TX,0.230539,12.117045,0.232934,7.349874,8.379599,42.0,12.211279,18080.0,2.0,0.446707,9.42408,11.030898
NCAA:huntingdon,Huntingdon College,101435,2025,2025,False,AL,0.608982,13.097607,0.695808,8.24144,9.226503,48.0,13.244747,77320.0,3.0,0.723952,10.895442,11.376349
NCAA:husson,Husson University,487524,2025,2025,False,ME,0.474251,12.706899,0.765269,8.420682,8.993449,41.0,12.801125,32608.0,4.0,0.688024,10.671603,10.980944
NCAA:illinois-springfield,University of Illinois Springfield,148654,2025,2025,False,IL,0.679641,13.301955,0.71018,8.274867,9.410214,49.0,13.301955,0.0,4.0,0.582036,10.153078,11.044089
NCAA:illinois-wesleyan,Illinois Wesleyan University,145646,2025,2025,False,IL,0.246108,12.172485,0.249701,7.388328,8.260715,50.0,12.172485,0.0,5.0,0.736527,10.954851,11.019334
NCAA:immaculata,Immaculata University,213011,2025,2025,False,PA,0.061677,11.275531,0.079641,6.810142,7.491886,44.0,11.275531,0.0,4.0,0.279641,7.99497,10.727356
NCAA:ithaca,Ithaca College,191968,2025,2025,False,NY,0.42994,12.627283,0.546707,7.920447,8.843235,44.0,12.627283,0.0,3.0,0.782036,11.221155,11.279012
NCAA:jamestown,University of Jamestown,200156,2025,2025,False,ND,0.686228,13.321814,0.523952,7.881937,9.278855,57.0,13.321814,0.0,5.0,0.823952,11.568266,10.990634
NCAA:jefferson,Jefferson College,177676,2025,2025,False,MO,0.429341,12.626873,0.543713,7.915348,9.13047,33.0,12.626873,0.0,4.0,0.198802,6.419995,10.819798
NCAA:john-carroll,John Carroll University,203368,2025,2025,False,OH,0.288024,12.278291,0.248503,7.380256,8.15144,62.0,12.278291,0.0,5.0,0.653293,10.492301,11.081604
NCAA:johns-hopkins,Johns Hopkins University,162928,2025,2025,False,MD,0.62994,13.156666,0.727545,8.310169,9.37256,44.0,13.156666,0.0,4.0,0.862874,11.918031,11.748124
NCAA:juniata,Juniata College,213251,2025,2025,False,PA,0.261078,12.215399,0.25988,7.421776,8.386981,46.0,12.396788,40149.0,5.0,0.731138,10.922172,11.058559
NCAA:kalamazoo,Kalamazoo College,170532,2025,2025,False,MI,0.560479,12.939666,0.81018,8.588397,9.155579,44.0,12.939666,0.0,7.0,0.693413,10.687458,10.965176
NCAA:kean,Kean University,185262,2025,2025,False,NJ,0.37006,12.486281,0.597605,8.012018,8.875499,37.0,12.486281,0.0,8.0,0.608982,10.304443,11.53586
NCAA:keene-state,Keene State College,183062,2025,2025,False,NH,0.449102,12.661546,0.702994,8.254269,8.97279,40.0,12.661546,0.0,5.0,0.514371,9.814711,11.257465
NCAA:kentucky-state,Kentucky State University,157058,2025,2025,False,KY,0.494012,12.745652,0.899401,9.213136,9.344539,30.0,12.745652,0.0,3.0,0.074251,0.0,10.904064
NCAA:kentucky-wesleyan,Kentucky Wesleyan College,157076,2025,2025,False,KY,0.717365,13.406191,0.654491,8.135347,9.535061,48.0,13.385406,-13661.0,5.0,0.61976,10.35383,10.895405
NCAA:kenyon,Kenyon College,203535,2025,2025,False,OH,0.256287,12.208445,0.220958,7.32251,8.42447,44.0,12.208445,0.0,3.0,0.801796,11.380879,10.816011
NCAA:keuka,Keuka College,192192,2025,2025,False,NY,0.094611,11.529124,0.216766,7.315218,7.91856,37.0,11.529124,0.0,3.0,0.358084,8.831858,10.840287
NCAA:keystone,Keystone College,213303,2025,2025,False,PA,0.475449,12.70868,0.697605,8.244597,8.971134,42.0,12.70868,0.0,3.0,0.48503,9.652459,10.827766
NCAA:knox,Knox College,146427,2025,2025,False,IL,0.273653,12.256847,0.456287,7.784889,8.428419,46.0,11.660121,-94559.0,3.0,0.67485,10.604528,10.955096
NCAA:lagrange,LaGrange College,140234,2025,2025,False,GA,0.428743,12.620048,0.464671,7.798113,8.688388,51.0,12.620048,0.0,3.0,0.616766,10.350031,10.790452
NCAA:lake-erie,Lake Erie College,203580,2025,2025,False,OH,0.695808,13.34413,0.431737,7.734996,9.373921,53.0,13.34413,0.0,3.0,0.621557,10.360849,11.073521
NCAA:lakeland,Lakeland University,238980,2025,2025,False,WI,0.225749,12.105661,0.198802,7.252054,8.579483,34.0,12.153373,8840.0,2.0,0.598802,10.248105,10.816473
NCAA:lancaster-bible,Lancaster Bible College,213400,2025,2025,False,PA,0.167665,11.875462,0.382036,7.664816,8.320351,35.0,12.153684,46095.0,7.0,0.372455,8.971448,10.856342
NCAA:lander,Lander University,218229,2025,2025,False,SC,0.817964,13.758237,0.406587,7.692113,,,14.083451,362933.0,3.0,0.484431,9.650915,11.712219
NCAA:lane,Lane College,220598,2025,2025,False,TN,0.326347,12.375089,0.339521,7.582738,9.117098,26.0,12.375089,0.0,2.0,0.399401,9.134754,11.085092
NCAA:lasell,Lasell University,166391,2025,2025,False,MA,0.31976,12.358768,0.608383,8.034307,8.721341,38.0,12.358768,0.0,4.0,0.449102,9.435801,10.964225
NCAA:lawrence,Lawrence University,239017,2025,2025,False,WI,0.297006,12.306497,0.349701,7.607878,8.723136,36.0,12.306497,0.0,4.0,0.707784,10.767621,11.127028
NCAA:lebanon-valley,Lebanon Valley College,213507,2025,2025,False,PA,0.286228,12.276587,0.558084,7.941651,8.492598,44.0,12.278807,477.0,7.0,0.746707,11.007054,11.102985
NCAA:lee,Lee University,220613,2025,2025,False,TN,0.741317,13.46822,0.582036,7.980366,9.730608,42.0,13.46822,0.0,3.0,0.539521,9.943621,11.334122
NCAA:lenoir-rhyne,Lenoir-Rhyne University,198835,2025,2025,False,NC,0.713772,13.395572,0.474251,7.818028,9.284789,61.0,13.395572,0.0,4.0,0.72515,10.903531,11.44561
NCAA:lesley,Lesley University,166452,2025,2025,False,MA,0.037725,11.000198,0.202994,7.266827,7.909506,22.0,11.000198,0.0,3.0,0.382036,9.009081,10.667652
NCAA:letourneau,LeTourneau University,226231,2025,2025,False,TX,0.515569,12.796464,0.788024,8.501267,9.107693,40.0,12.796464,0.0,4.0,0.572455,10.113059,10.996316
NCAA:lewis,Lewis University,146612,2025,2025,False,IL,0.706587,13.368492,0.562874,7.947325,9.561898,45.0,13.368492,0.0,3.0,0.616168,10.348398,11.291742
NCAA:lewis-and-clark,Lewis & Clark College,209056,2025,2025,False,OR,0.308383,12.337083,0.718563,8.29355,8.96991,29.0,12.337083,0.0,5.0,0.656287,10.502873,11.229833
NCAA:lincoln-memorial,Lincoln Memorial University,220631,2025,2025,False,TN,0.726347,13.430762,0.522754,7.880426,9.793231,38.0,13.412301,-12450.0,5.0,0.811377,11.491487,11.041785
NCAA:linfield,Linfield University,209065,2025,2025,False,OR,0.450898,12.661981,0.586826,7.99362,8.877927,44.0,13.05973,154123.0,5.0,0.641916,10.459698,11.046499
NCAA:loras,Loras College,153825,2025,2025,False,IA,0.316168,12.350398,0.149102,7.088409,8.239784,61.0,12.350398,0.0,7.0,0.758683,11.072558,11.112821
NCAA:louisiana-roche,La Roche University,213358,2025,2025,False,PA,0.099401,11.562039,0.158683,7.130899,7.898839,39.0,11.562039,0.0,3.0,0.314371,8.395703,10.621864
NCAA:louisiana-verne,University of La Verne,117140,2025,2025,False,CA,0.47006,12.693904,0.416766,7.711549,8.865401,46.0,12.83044,47657.0,6.0,0.031138,0.0,11.465509
NCAA:lubbock-christian,Lubbock Christian University,226383,2025,2025,False,TX,0.776647,13.601872,0.789222,8.503297,9.864253,42.0,13.601872,0.0,5.0,0.632335,10.420255,11.15075
NCAA:luther,Luther College,153834,2025,2025,False,IA,0.362275,12.467352,0.152096,7.113142,8.575716,49.0,12.48122,3627.0,5.0,0.714371,10.819838,11.117138
NCAA:lycoming,Lycoming College,213668,2025,2025,False,PA,0.339521,12.405128,0.491617,7.835184,8.69172,41.0,12.698975,83362.0,3.0,0.742515,10.9892,11.022327
NCAA:lynchburg,University of Lynchburg,232609,2025,2025,False,VA,0.528144,12.826601,0.032335,6.276643,8.955526,48.0,12.826601,0.0,4.0,0.647305,10.472827,11.1628
NCAA:lynn,Lynn University,132657,2025,2025,False,FL,0.805389,13.710931,0.769461,8.427487,9.949777,43.0,13.710931,0.0,2.0,0.420359,9.285448,11.289194
NCAA:lyon,Lyon College,106342,2025,2025,False,AR,0.402994,12.574625,0.412575,7.705262,8.623557,52.0,12.574625,0.0,4.0,0.813174,11.500002,10.914234
NCAA:macalester,Macalester College,173902,2025,2025,False,MN,0.508383,12.779679,0.408982,7.695758,9.116224,39.0,12.852063,26644.0,8.0,0.722754,10.88296,11.34621
NCAA:malone,Malone University,203775,2025,2025,False,OH,0.764671,13.551157,0.441317,7.750184,9.361587,66.0,13.551157,0.0,11.0,0.513772,9.814492,10.584436
NCAA:manchester,Manchester University,151777,2025,2025,False,IN,0.202395,12.033842,0.05988,6.677083,7.814732,68.0,12.123549,15801.0,4.0,0.623353,10.367599,11.031934
NCAA:manhattanville,Manhattanville University,192749,2025,2025,False,NY,0.144311,11.784204,0.047904,6.522093,7.852759,51.0,11.844335,8129.0,4.0,0.491617,9.691098,10.96348
NCAA:maranatha-baptist,Maranatha Baptist University,239071,2025,2025,False,WI,0.01497,10.544552,0.201796,7.26473,7.600587,19.0,10.736918,8054.0,4.0,0.330539,8.551401,10.449294
NCAA:marietta,Marietta College,203845,2025,2025,False,OH,0.261677,12.217136,0.216168,7.314553,8.456144,43.0,12.275603,12176.0,4.0,0.702994,10.740129,10.999981
NCAA:mars-hill,Mars Hill University,198899,2025,2025,False,NC,0.754491,13.50015,0.483832,7.825645,9.3731,62.0,13.50015,0.0,2.0,0.688623,10.674406,10.877689
NCAA:martin-luther,Martin Luther College,173452,2025,2025,False,MN,0.085629,11.468482,0.587425,7.993958,8.578288,18.0,11.468482,0.0,3.0,0.092814,0.0,10.993479
NCAA:mary,University of Mary,200217,2025,2025,False,ND,0.552695,12.927312,0.568263,7.956477,9.035608,49.0,12.927312,0.0,3.0,0.779641,11.20436,10.966887
NCAA:mary-baldwin,Mary Baldwin University,232672,2025,2025,False,VA,0.215569,12.090645,0.291018,7.489412,8.401984,40.0,12.090645,0.0,3.0,0.435329,9.357725,10.768106
NCAA:mary-hardin-baylor,University of Mary Hardin-Baylor,226471,2025,2025,False,TX,0.488024,12.740174,0.346108,7.5989,8.751346,54.0,12.740174,0.0,3.0,0.774251,11.158377,11.347272
NCAA:mary-washington,University of Mary Washington,232681,2025,2025,False,VA,0.323952,12.371786,0.405389,7.690743,8.587779,44.0,12.361639,-2383.0,3.0,0.483832,9.636,11.337429
NCAA:marywood,Marywood University,213826,2025,2025,False,PA,0.213772,12.084984,0.137725,7.055313,8.193434,49.0,12.493568,89426.0,4.0,0.392216,9.098403,10.498967
NCAA:mcdaniel,McDaniel College,164270,2025,2025,False,MD,0.398204,12.561188,0.48024,7.824046,8.872445,40.0,12.552279,-2530.0,5.0,0.709581,10.788246,11.094755
NCAA:mckendree,McKendree University,147013,2025,2025,False,IL,0.765868,13.556867,0.280838,7.470794,,,13.556867,0.0,5.0,0.810778,11.475151,11.078289
NCAA:mcmurry,McMurry University,226587,2025,2025,False,TX,0.554491,12.930236,0.762275,8.41161,9.0802,47.0,12.930236,0.0,3.0,0.669461,10.5574,10.938805
NCAA:menlo,Menlo College,118693,2025,2025,False,CA,0.743713,13.472241,0.741916,8.350666,9.622158,47.0,13.472241,0.0,3.0,0.588623,10.183163,11.252392
NCAA:mercy,Mercy University,193016,2025,2025,False,NY,0.38982,12.536527,0.637725,8.089482,8.847787,40.0,12.536527,0.0,4.0,0.305988,8.2943,11.002117
NCAA:messiah,Messiah University,213996,2025,2025,False,PA,0.239521,12.152941,0.350898,7.610358,8.303036,47.0,12.059097,-16988.0,6.0,0.549102,9.987691,11.091209
NCAA:methodist,Methodist University,198969,2025,2025,False,NC,0.45988,12.675504,0.209581,7.295056,,,12.675504,0.0,4.0,0.717964,10.852129,11.000332
NCAA:middlebury,Middlebury College,230959,2025,2025,False,VT,0.623353,13.134494,0.42994,7.727976,9.551044,36.0,13.134494,0.0,4.0,0.831138,11.660017,11.54577
NCAA:miles,Miles College,101675,2025,2025,False,AL,0.51018,12.786446,0.685629,8.218787,8.89476,49.0,12.786446,0.0,2.0,0.665269,10.543208,11.305298
NCAA:millikin,Millikin University,147244,2025,2025,False,IL,0.41976,12.603314,0.332335,7.571988,8.732271,48.0,12.603314,0.0,6.0,0.725749,10.90366,11.098273
NCAA:millsaps,Millsaps College,175980,2025,2025,False,MS,0.565868,12.963672,0.452695,7.774436,8.920752,57.0,12.963672,0.0,3.0,0.537725,9.933823,11.10826
NCAA:minnesota-crookston,University of Minnesota-Crookston,174075,2025,2025,False,MN,0.822754,13.786196,0.828144,8.703341,9.797267,54.0,13.786196,0.0,6.0,0.552096,10.000932,11.184796
NCAA:minnesota-duluth,University of Minnesota-Duluth,174233,2025,2025,False,MN,0.505389,12.769911,0.797605,8.5368,9.159095,37.0,12.769911,0.0,3.0,0.845509,11.759809,12.541755
NCAA:minnesota-morris,University of Minnesota-Morris,174251,2025,2025,False,MN,0.271257,12.249688,0.692216,8.230311,8.638942,37.0,12.254544,1017.0,3.0,0.45988,9.497247,10.8871
NCAA:minot-state,Minot State University,200253,2025,2025,False,ND,0.601198,13.076001,0.720359,8.297544,9.14428,51.0,13.076001,0.0,3.0,0.833533,11.682204,11.638289
NCAA:misericordia,Misericordia University,214069,2025,2025,False,PA,0.285629,12.275515,0.45988,7.793587,8.447083,46.0,12.282256,1450.0,5.0,0.794012,11.315389,11.212064
NCAA:missouri-saint-louis,University of Missouri-St Louis,178420,2025,2025,False,MO,0.616766,13.117079,0.697006,8.243808,9.379492,42.0,13.143487,13309.0,4.0,0.501198,9.749112,11.312729
NCAA:missouri-southern-state,Missouri Southern State University,178341,2025,2025,False,MO,0.687425,13.323494,0.701198,8.25062,9.634678,40.0,13.33903,9573.0,4.0,0.79521,11.321172,11.493498
NCAA:mitchell,Mitchell College,129774,2025,2025,False,CT,0.305988,12.332088,0.592814,8.006368,8.668694,39.0,12.434876,24559.0,5.0,0.34012,8.662505,10.480747
NCAA:molloy,Molloy University,193292,2025,2025,False,NY,0.629341,13.156102,0.811976,8.593969,9.629805,34.0,13.193586,19753.0,4.0,0.228144,7.243513,10.432438
NCAA:montclair-state,Montclair State University,185590,2025,2025,False,NJ,0.365269,12.472306,0.504192,7.851272,8.946072,34.0,12.432276,-10242.0,5.0,0.888623,12.278496,11.502158
NCAA:montevallo,University of Montevallo,101709,2025,2025,False,AL,0.635928,13.165011,0.667066,8.171599,9.314951,47.0,13.165011,0.0,3.0,0.611976,10.330257,11.061327
NCAA:moravian,Moravian University,214157,2025,2025,False,PA,0.271856,12.254448,0.160479,7.133296,8.362857,49.0,12.600332,86744.0,5.0,0.746108,11.003449,11.128791
NCAA:mount-aloysius,Mount Aloysius College,214166,2025,2025,False,PA,0.126347,11.711768,0.131138,7.030857,7.950912,43.0,11.711768,0.0,2.0,0.237126,7.36074,10.114316
NCAA:mount-olive,University of Mount Olive,199069,2025,2025,False,NC,0.723952,13.422055,0.740719,8.338784,9.470886,52.0,13.424515,1662.0,3.0,0.460479,9.498297,10.873035
NCAA:mount-union,University of Mount Union,204185,2025,2025,False,OH,0.464072,12.680712,0.358683,7.623153,8.446817,69.0,12.680712,0.0,4.0,0.792216,11.295416,11.207541
NCAA:muhlenberg,Muhlenberg College,214175,2025,2025,False,PA,0.411976,12.593269,0.263473,7.427739,8.879832,41.0,12.645843,15901.0,3.0,0.749102,11.025556,11.2228
NCAA:muskingum,Muskingum University,204264,2025,2025,False,OH,0.32515,12.372383,0.44491,7.754053,8.522431,47.0,12.372383,0.0,5.0,0.655689,10.501829,10.884048
NCAA:nebraska-wesleyan,Nebraska Wesleyan University,181446,2025,2025,False,NE,0.20479,12.046889,0.329341,7.565793,8.262952,44.0,12.053201,1080.0,4.0,0.576647,10.131738,11.249741
NCAA:neumann,Neumann University,214272,2025,2025,False,PA,0.321557,12.36556,0.534132,7.905442,8.869189,33.0,12.36556,0.0,4.0,0.55988,10.040812,10.742227
NCAA:new-jersey-city,New Jersey City University,185129,2025,2025,False,NJ,0.221557,12.098053,0.54012,7.911324,8.601724,33.0,12.109397,2048.0,7.0,0.105389,0.0,11.366014
NCAA:newberry,Newberry College,218414,2025,2025,False,SC,0.686826,13.322075,0.4,7.685244,9.351868,53.0,13.332123,6166.0,4.0,0.817964,11.52933,11.389243
NCAA:newman,Newman University,155335,2025,2025,False,KS,0.741916,13.470054,0.758084,8.394121,9.806546,39.0,13.470054,0.0,2.0,0.457485,9.481207,11.290332
NCAA:nichols,Nichols College,167260,2025,2025,False,MA,0.401198,12.57158,0.250299,7.388946,8.659727,50.0,12.585163,3942.0,5.0,0.635329,10.429074,10.943676
NCAA:north-carolina-wesleyan,North Carolina Wesleyan University,199209,2025,2025,False,NC,0.277246,12.262311,0.175449,7.16935,8.455857,45.0,12.262311,0.0,3.0,0.617964,10.351246,11.295317
NCAA:north-georgia,University of North Georgia,482680,2025,2025,False,GA,0.830539,13.811982,0.926347,9.428833,10.285655,34.0,13.700799,-104855.0,3.0,0.398802,9.133675,11.462053
NCAA:north-greenville,North Greenville University,218441,2025,2025,False,SC,0.792216,13.657477,0.605389,8.030084,9.850866,45.0,13.766849,98682.0,4.0,0.638922,10.443513,10.499601
NCAA:north-park,North Park University,147679,2025,2025,False,IL,0.365868,12.47277,0.453892,7.776954,8.688745,44.0,12.47277,0.0,4.0,0.708383,10.771134,11.320299
NCAA:northeastern-state,Northeastern State University,207263,2025,2025,False,OK,0.586826,13.036293,0.562275,7.946264,9.275185,43.0,13.036293,0.0,3.0,0.647904,10.476273,10.977995
NCAA:northern-state,Northern State University,219259,2025,2025,False,SD,0.641317,13.17562,0.68982,8.224967,9.115285,58.0,13.063759,-55810.0,4.0,0.665868,10.545999,11.55353
NCAA:northwest-missouri-state,Northwest Missouri State University,178624,2025,2025,False,MO,0.736527,13.45731,0.552695,7.930566,9.450054,55.0,13.45731,0.0,3.0,0.824551,11.568549,11.802081
NCAA:northwest-nazarene,Northwest Nazarene University,142461,2025,2025,False,ID,0.782036,13.614174,0.801796,8.561975,9.853025,43.0,13.614174,0.0,5.0,0.690419,10.678837,11.013452
NCAA:northwestern-saint-paul,University of Northwestern-St Paul,174491,2025,2025,False,MN,0.120958,11.67022,0.217365,7.315884,7.9329,42.0,11.67022,0.0,4.0,0.566467,10.067645,11.04822
NCAA:northwood,Northwood University,171492,2025,2025,False,MI,0.646108,13.185462,0.553892,7.930925,9.196578,54.0,13.185462,0.0,3.0,0.705389,10.74781,11.160385
NCAA:norwich,Norwich University,230995,2025,2025,False,VT,0.154491,11.820285,0.081437,6.818924,8.157003,39.0,11.820285,0.0,4.0,0.764671,11.100904,11.02285
NCAA:notre-dame-maryland,Notre Dame of Maryland University,163578,2025,2025,False,MD,0.050898,11.1648,0.14491,7.077498,7.527737,38.0,11.147858,-1186.0,3.0,0.200599,6.558198,9.89611
NCAA:nova-southeastern,Nova Southeastern University,136215,2025,2025,False,FL,0.787425,13.638913,0.819162,8.647695,10.055436,36.0,13.638913,0.0,2.0,0.488024,9.669725,11.842287
NCAA:oakland-city,Oakland City University,152099,2025,2025,False,IN,0.894012,14.247373,0.65988,8.149891,10.258423,54.0,14.247373,0.0,4.0,0.431138,9.337061,10.695756
NCAA:oberlin,Oberlin College,204501,2025,2025,False,OH,0.377844,12.505255,0.418563,7.716906,8.979016,34.0,12.505255,0.0,2.0,0.817365,11.520259,11.142832
NCAA:occidental,Occidental College,120254,2025,2025,False,CA,0.393413,12.547532,0.538323,7.910224,8.763496,44.0,12.799538,80650.0,6.0,0.622156,10.362462,11.293625
NCAA:oglethorpe,Oglethorpe University,140696,2025,2025,False,GA,0.337725,12.402157,0.449102,7.760893,8.510534,49.0,12.402157,0.0,4.0,0.429341,9.329012,11.298977
NCAA:ohio-dominican,Ohio Dominican University,204617,2025,2025,False,OH,0.522156,12.808011,0.513772,7.865572,9.070454,42.0,12.76007,-17092.0,4.0,0.658084,10.510041,11.020431
NCAA:ohio-northern,Ohio Northern University,204635,2025,2025,False,OH,0.459281,12.675457,0.426347,7.724888,8.825454,47.0,12.675457,0.0,3.0,0.762275,11.094436,11.276456
NCAA:ohio-wesleyan,Ohio Wesleyan University,204909,2025,2025,False,OH,0.244311,12.169445,0.229341,7.342779,8.45608,41.0,12.169445,0.0,4.0,0.730539,10.920058,11.089515
NCAA:oklahoma-baptist,Oklahoma Baptist University,207403,2025,2025,False,OK,0.72515,13.427682,0.665269,8.168203,9.99374,31.0,13.457502,20538.0,3.0,0.686228,10.660806,11.406442
NCAA:oklahoma-christian,Oklahoma Christian University,207324,2025,2025,False,OK,0.758084,13.525287,0.59521,8.01036,,,13.618988,73487.0,6.0,0.383832,9.025215,11.209371
NCAA:olivet,The University of Olivet,171599,2025,2025,False,MI,0.140719,11.766715,0.123353,6.996681,8.053453,41.0,11.766715,0.0,2.0,0.427545,9.325275,10.921125
NCAA:otterbein,Otterbein University,204936,2025,2025,False,OH,0.28503,12.275137,0.204192,7.26892,8.232347,57.0,12.778816,140324.0,5.0,0.613772,10.333808,11.016759
NCAA:ouachita-baptist,Ouachita Baptist University,107512,2025,2025,False,AR,0.649701,13.194129,0.764072,8.417373,9.638845,35.0,13.166581,-14597.0,3.0,0.783234,11.224817,11.363369
NCAA:pace,Pace University,194310,2025,2025,False,NY,0.6,13.073881,0.782036,8.461046,9.60821,32.0,13.056234,-8332.0,4.0,0.628144,10.38918,11.474954
NCAA:pacific-lutheran,Pacific Lutheran University,236230,2025,2025,False,WA,0.431737,12.62942,0.678443,8.198089,8.845371,44.0,12.82219,64932.0,4.0,0.476647,9.610726,11.210752
NCAA:paine,Paine College,140720,2025,2025,False,GA,0.241916,12.159028,0.079042,6.810142,8.940278,25.0,12.159028,0.0,2.0,0.207784,6.746412,10.921902
NCAA:palm-beach-atlantic,Palm Beach Atlantic University,136330,2025,2025,False,FL,0.783234,13.619081,0.656287,8.138857,9.881461,42.0,13.639858,17250.0,5.0,0.538323,9.934792,11.060573
NCAA:pfeiffer,Pfeiffer University,199306,2025,2025,False,NC,0.296407,12.303585,0.243713,7.36897,,,12.060989,-47495.0,2.0,0.28024,8.001355,10.922227
NCAA:piedmont,Piedmont University,140818,2025,2025,False,GA,0.562275,12.943567,0.577246,7.972121,9.093529,47.0,12.943567,0.0,3.0,0.561078,10.044813,10.912649
NCAA:pittsburg-state,Pittsburg State University,155681,2025,2025,False,KS,0.725749,13.430386,0.80479,8.571871,9.559254,48.0,13.430386,0.0,2.0,0.828743,11.620209,11.953236
NCAA:plymouth-state,Plymouth State University,183080,2025,2025,False,NH,0.115569,11.634125,0.27485,7.450661,8.079078,35.0,11.848483,26987.0,3.0,0.502395,9.75493,11.389254
NCAA:point-park,Point Park University,215442,2025,2025,False,PA,0.834731,13.82918,0.394611,7.676474,9.654856,65.0,13.844774,15933.0,6.0,0.41018,9.225328,11.129217
NCAA:post,Post University,130183,2025,2025,False,CT,0.752096,13.49311,0.747305,8.366835,9.621974,48.0,13.495179,1500.0,5.0,0.752096,11.030623,11.224216
NCAA:principia,Principia College,148016,2025,2025,False,IL,0.236527,12.137274,0.687425,8.222822,8.879312,26.0,12.137274,0.0,3.0,0.320958,8.451267,11.279113
NCAA:puget-sound,University of Puget Sound,236328,2025,2025,False,WA,0.347305,12.426777,0.613772,8.039802,8.576814,47.0,12.426777,0.0,4.0,0.612575,10.330257,11.177355
NCAA:purdue-northwest,Purdue University Northwest,490805,2025,2025,False,IN,0.371257,12.48781,0.286826,7.479864,8.681313,45.0,12.48781,0.0,4.0,0.450299,9.443989,11.036405
NCAA:quincy,Quincy University,148131,2025,2025,False,IL,0.791617,13.656023,0.591617,8.005701,9.379441,72.0,13.63971,-13796.0,5.0,0.718563,10.854412,10.933767
NCAA:randolph-macon,Randolph-Macon College,233295,2025,2025,False,VA,0.477844,12.713098,0.498204,7.845024,8.762008,52.0,12.713122,8.0,4.0,0.620359,10.356409,11.205
NCAA:redlands,University of Redlands,121691,2025,2025,False,CA,0.403593,12.574908,0.523353,7.88156,9.048662,34.0,12.70033,38646.0,4.0,0.735329,10.952857,11.368917
NCAA:rhodes,Rhodes College,221351,2025,2025,False,TN,0.655689,13.206328,0.812575,8.594154,9.399746,45.0,13.206328,0.0,4.0,0.751497,11.028644,11.222613
NCAA:ripon,Ripon College,239628,2025,2025,False,WI,0.316766,12.352348,0.614371,8.040125,8.523901,46.0,12.356164,885.0,5.0,0.588024,10.183049,10.91676
NCAA:rivier,Rivier University,183211,2025,2025,False,NH,0.368862,12.483799,0.749701,8.374708,8.722758,43.0,12.483799,0.0,6.0,0.433533,9.3547,11.284141
NCAA:roanoke,Roanoke College,233426,2025,2025,False,VA,0.229341,12.114949,0.417365,7.711549,8.451596,39.0,12.114949,0.0,4.0,0.738323,10.960583,11.235537
NCAA:rockford,Rockford University,148405,2025,2025,False,IL,0.441317,12.645527,0.42515,7.724005,8.656714,54.0,12.645527,0.0,6.0,0.471856,9.571366,10.948418
NCAA:rockhurst,Rockhurst University,179043,2025,2025,False,MO,0.792814,13.660855,0.443114,7.752335,9.533792,62.0,13.660855,0.0,6.0,0.610778,10.327382,11.082573
NCAA:roger-williams,Roger Williams University,217518,2025,2025,False,RI,0.264671,12.227756,0.620958,8.058327,8.421309,45.0,11.96699,-46914.0,4.0,0.349102,8.740177,10.990921
NCAA:rogers-state,Rogers State University,207661,2025,2025,False,OK,0.657485,13.21805,0.82515,8.679992,9.850805,29.0,13.21805,0.0,5.0,0.498204,9.74138,11.030574
NCAA:rollins,Rollins College,136950,2025,2025,False,FL,0.840719,13.864145,0.583832,7.985825,9.737068,62.0,13.864145,0.0,4.0,0.762874,11.099544,11.342173
NCAA:roosevelt,Roosevelt University,148487,2025,2025,False,IL,0.806587,13.718895,0.670659,8.186464,9.711621,55.0,13.718895,0.0,6.0,0.417365,9.27153,11.173445
NCAA:rosemont,Rosemont College,215691,2025,2025,False,PA,0.100599,11.565622,0.264671,7.430114,7.715911,47.0,11.565622,0.0,9.0,0.142515,0.0,10.919352
NCAA:rowan,Rowan University,184782,2025,2025,False,NJ,0.383832,12.527243,0.693413,8.238801,8.943851,36.0,12.69163,49268.0,5.0,0.565868,10.064841,11.565338
NCAA:russell-sage,Russell Sage College,195128,2025,2025,False,NY,0.173054,11.901102,0.100599,6.899723,8.140187,43.0,11.934756,5046.0,4.0,0.6,10.261407,10.8138
NCAA:rust,Rust College,176318,2025,2025,False,MS,0.314371,12.346851,0.068263,6.739337,8.236238,61.0,12.36545,4322.0,1.0,0.533533,9.903538,11.225257
NCAA:rutgers-camden,Rutgers University-Camden,186371,2025,2025,False,NJ,0.354491,12.44927,0.442515,7.751475,8.735855,41.0,12.44927,0.0,4.0,0.24012,7.395722,10.868664
NCAA:rutgers-newark,Rutgers University-Newark,186399,2025,2025,False,NJ,0.386228,12.529868,0.658683,8.14584,8.866444,39.0,12.566227,10237.0,4.0,0.493413,9.71764,11.344885
NCAA:saint-anselm,Saint Anselm College,183239,2025,2025,False,NH,0.534731,12.849268,0.650898,8.124743,8.999241,47.0,12.989257,57176.0,3.0,0.799401,11.361149,11.105468
NCAA:saint-cloud-state,Saint Cloud State University,174783,2025,2025,False,MN,0.631138,13.157257,0.756287,8.386173,9.493769,39.0,13.157257,0.0,5.0,0.832934,11.677032,12.097005
NCAA:saint-edwards,Saint Edward's University,227845,2025,2025,False,TX,0.870659,14.056514,0.78982,8.504513,9.929427,62.0,14.068612,15489.0,3.0,0.506587,9.777074,11.327463
NCAA:saint-elizabeth,Saint Elizabeth University,186618,2025,2025,False,NJ,0.234731,12.131872,0.437725,7.74457,8.394423,42.0,12.207961,14681.0,5.0,0.29521,8.187577,10.587266
NCAA:saint-john-fisher,St. John Fisher University,195720,2025,2025,False,NY,0.416766,12.599084,0.647904,8.109526,8.838025,43.0,12.650393,15599.0,5.0,0.841916,11.746091,11.233992
NCAA:saint-lawrence,St Lawrence University,195216,2025,2025,False,NY,0.234132,12.131608,0.121557,6.992096,8.281708,47.0,12.131608,0.0,2.0,0.856886,11.858924,11.499303
NCAA:saint-leo,Saint Leo University,137032,2025,2025,False,FL,0.644311,13.182916,0.390419,7.674617,9.291187,49.0,13.395987,126148.0,3.0,0.527545,9.871016,11.161181
NCAA:saint-martins,Saint Martin's University,236452,2025,2025,False,WA,0.623952,13.135753,0.737725,8.335192,9.472267,39.0,13.135753,0.0,4.0,0.388623,9.063926,11.068512
NCAA:saint-marys-maryland,St. Mary's College of Maryland,163912,2025,2025,False,MD,0.193413,11.992229,0.238323,7.359468,8.328903,39.0,11.992229,0.0,5.0,0.3,8.250098,11.082727
NCAA:saint-michaels,Saint Michael's College,231059,2025,2025,False,VT,0.577844,13.003654,0.649102,8.119994,9.242549,43.0,13.003654,0.0,4.0,0.732335,10.929762,11.106745
NCAA:saint-norbert,Saint Norbert College,239716,2025,2025,False,WI,0.422156,12.605607,0.285629,7.47817,8.545355,58.0,12.605607,0.0,5.0,0.724551,10.898941,11.191659
NCAA:saint-olaf,St Olaf College,174844,2025,2025,False,MN,0.391617,12.544375,0.506587,7.853605,8.830946,41.0,12.623917,23224.0,4.0,0.650299,10.485536,11.314877
NCAA:saint-scholastica,The College of Saint Scholastica,174899,2025,2025,False,MN,0.356287,12.455936,0.146707,7.083388,8.395715,58.0,12.696142,69716.0,5.0,0.507186,9.77713,10.687868
NCAA:saint-thomas-aquinas,St. Thomas Aquinas College,195243,2025,2025,False,NY,0.784431,13.619993,0.489222,7.833204,9.559619,58.0,13.619993,0.0,5.0,0.615569,10.347019,11.177005
NCAA:saint-vincent,Saint Vincent College,215798,2025,2025,False,PA,0.479641,12.715531,0.621557,8.061802,8.726706,54.0,12.715531,0.0,2.0,0.642515,10.4605,11.041
NCAA:salem-state,Salem State University,167729,2025,2025,False,MA,0.035329,10.964329,0.112575,6.973543,7.499129,32.0,10.964329,0.0,2.0,0.222156,7.117206,10.308619
NCAA:salisbury,Salisbury University,163851,2025,2025,False,MD,0.372455,12.491721,0.668263,8.177235,9.057847,31.0,12.491721,0.0,3.0,0.407186,9.207637,11.617952
NCAA:salve-regina,Salve Regina University,217536,2025,2025,False,RI,0.540719,12.886666,0.495808,7.842279,8.994968,49.0,13.123679,105648.0,3.0,0.623952,10.368133,10.981727
NCAA:savannah-state,Savannah State University,140960,2025,2025,False,GA,0.280838,12.272268,0.011976,5.686975,8.321263,52.0,12.272268,0.0,3.0,0.300599,8.252707,11.165154
NCAA:schreiner,Schreiner University,228042,2025,2025,False,TX,0.432335,12.62961,0.205988,7.271704,8.470933,64.0,12.664231,10761.0,2.0,0.406587,9.203215,10.76779
NCAA:scranton,University of Scranton,215929,2025,2025,False,PA,0.473653,12.703558,0.708982,8.265907,8.919499,44.0,12.703558,0.0,5.0,0.597605,10.239853,11.205694
NCAA:seton-hill,Seton Hill University,215947,2025,2025,False,PA,0.724551,13.424772,0.762874,8.412055,9.596197,46.0,13.424772,0.0,3.0,0.69521,10.704771,11.112791
NCAA:shenandoah,Shenandoah University,233541,2025,2025,False,VA,0.414371,12.595893,0.212575,7.303843,8.468965,62.0,12.595893,0.0,5.0,0.689222,10.675561,10.96592
NCAA:shepherd,Shepherd University,237792,2025,2025,False,WV,0.438323,12.637277,0.608982,8.035603,9.171642,32.0,12.637277,0.0,3.0,0.887425,12.256462,11.142282
NCAA:shorter,Shorter University,140988,2025,2025,False,GA,0.668862,13.25256,0.665868,8.169336,9.563749,40.0,13.25256,0.0,3.0,0.750898,11.028612,10.856303
NCAA:simpson,Simpson University,123457,2025,2025,False,CA,0.928743,14.49062,0.007784,5.356586,10.271146,68.0,14.49062,0.0,4.0,0.61497,10.346666,11.127733
NCAA:simpson,Simpson College,154350,2025,2025,False,IA,0.328743,12.380887,0.331138,7.569928,8.303593,59.0,12.172836,-44743.0,6.0,0.716168,10.830184,10.887082
NCAA:sioux-falls,University of Sioux Falls,219383,2025,2025,False,SD,0.51497,12.795963,0.748503,8.369389,8.945943,47.0,12.80486,3224.0,4.0,0.747305,11.008678,11.282707
NCAA:skidmore,Skidmore College,195526,2025,2025,False,NY,0.277844,12.26344,0.566467,7.952615,8.767084,33.0,12.26344,0.0,4.0,0.591018,10.192157,11.221289
NCAA:sonoma-state,Sonoma State University,123572,2025,2025,False,CA,0.682036,13.309022,0.557485,7.940228,9.480455,46.0,13.309022,0.0,6.0,0.290419,8.136226,11.882708
NCAA:southern-connecticut-state,Southern Connecticut State University,130493,2025,2025,False,CT,0.664671,13.245793,0.503593,7.851272,9.690505,35.0,13.245793,0.0,3.0,0.412575,9.241064,11.864329
NCAA:southern-nazarene,Southern Nazarene University,206862,2025,2025,False,OK,0.683832,13.311988,0.516766,7.871693,9.461917,47.0,13.3124,249.0,4.0,0.663473,10.53882,11.001049
NCAA:southern-virginia,Southern Virginia University,233611,2025,2025,False,VA,0.21976,12.095409,0.631138,8.078378,8.540251,35.0,12.095409,0.0,2.0,0.632934,10.422073,11.155193
NCAA:southern-wesleyan,Southern Wesleyan University,217776,2025,2025,False,SC,0.746707,13.474031,0.526347,7.885329,9.197465,72.0,13.474031,0.0,5.0,0.287425,8.105911,10.687595
NCAA:southwest-baptist,Southwest Baptist University,179326,2025,2025,False,MO,0.636527,13.167014,0.691018,8.230044,9.338458,46.0,13.167014,0.0,3.0,0.593413,10.211193,11.020005
NCAA:southwest-minnesota-state,Southwest Minnesota State University,175078,2025,2025,False,MN,0.424551,12.610027,0.561078,7.944137,8.738982,48.0,12.610027,0.0,3.0,0.661078,10.531403,11.602126
NCAA:spalding,Spalding University,157757,2025,2025,False,KY,0.368263,12.480761,0.606587,8.031385,8.696734,44.0,12.480761,0.0,4.0,0.57006,10.101436,10.736701
NCAA:spring-hill,Spring Hill College,102234,2025,2025,False,AL,0.698802,13.352761,0.353293,7.614312,9.178475,65.0,13.39382,26387.0,2.0,0.468263,9.550733,10.714707
NCAA:springfield,Springfield College,167899,2025,2025,False,MA,0.237126,12.143532,0.156287,7.122867,8.31513,46.0,12.143532,0.0,4.0,0.882036,12.143149,11.352099
NCAA:stevenson,Stevenson University,164173,2025,2025,False,MD,0.265868,12.232349,0.188623,7.216709,8.448369,44.0,12.335283,22261.0,2.0,0.793413,11.313645,11.228943
NCAA:stillman,Stillman College,102270,2025,2025,False,AL,0.188024,11.973333,0.049102,6.543912,8.166948,45.0,11.994703,3423.0,2.0,0.00479,0.0,10.085309
NCAA:stockton,Stockton University,186876,2025,2025,False,NJ,0.357485,12.459109,0.273653,7.447751,8.721598,42.0,12.459109,0.0,5.0,0.390419,9.088286,11.463147
NCAA:suffolk,Suffolk University,168005,2025,2025,False,MA,0.311377,12.341879,0.483234,7.825645,8.815662,34.0,12.341879,0.0,3.0,0.274251,7.902857,11.141383
NCAA:sul-ross-state,Sul Ross State University,228501,2025,2025,False,TX,0.171856,11.894412,0.219162,7.317876,8.133499,43.0,12.015523,18855.0,2.0,0.698204,10.724214,10.795342
NCAA:suny-brockport,SUNY Brockport,196121,2025,2025,False,NY,0.42515,12.610631,0.438922,7.746301,8.659557,52.0,12.610631,0.0,3.0,0.770659,11.131914,11.266027
NCAA:suny-maritime,SUNY Maritime College,196291,2025,2025,False,NY,0.044311,11.100164,0.041317,6.461468,7.463137,38.0,11.954806,89381.0,2.0,0.117365,0.0,10.933178
NCAA:suny-oneonta,SUNY Oneonta,196185,2025,2025,False,NY,0.307784,12.336495,0.407784,7.693026,8.599006,42.0,12.336495,0.0,3.0,0.526946,9.868948,11.03468
NCAA:susquehanna,Susquehanna University,216278,2025,2025,False,PA,0.447904,12.659845,0.425749,7.724005,8.708764,52.0,12.659845,0.0,4.0,0.681437,10.635254,11.164941
NCAA:swarthmore,Swarthmore College,216287,2025,2025,False,PA,0.343713,12.418746,0.400599,7.686621,8.755338,39.0,12.459385,10261.0,5.0,0.594012,10.212075,11.661819
NCAA:tampa,The University of Tampa,137847,2025,2025,False,FL,0.916766,14.4041,0.913174,9.299998,10.666453,42.0,14.558783,301359.0,4.0,0.81976,11.534423,11.73778
NCAA:temple,Temple College,228608,2025,2025,False,TX,0.593413,13.049339,0.546108,7.920083,9.360543,40.0,13.08294,15883.0,3.0,0.474251,9.595058,11.423996
NCAA:texas-a-and-m-international,Texas A & M International University,226152,2025,2025,False,TX,0.665868,13.246219,0.787425,8.496378,9.557408,40.0,13.246219,0.0,4.0,0.726347,10.911172,11.21228
NCAA:texas-a-and-m-kingsville,Texas A&M University-Kingsville,228705,2025,2025,False,TX,0.752695,13.493484,0.826347,8.691146,9.829975,39.0,13.313068,-119628.0,4.0,0.8,11.370451,11.518997
NCAA:texas-dallas,The University of Texas at Dallas,228787,2025,2025,False,TX,0.470659,12.698547,0.708383,8.265393,9.143303,35.0,12.714152,5147.0,2.0,0.508383,9.778661,11.30842
NCAA:texas-lutheran,Texas Lutheran University,228981,2025,2025,False,TX,0.350898,12.442523,0.38503,7.667158,8.510895,51.0,12.270028,-40140.0,2.0,0.401796,9.151333,11.280401
NCAA:thiel,Thiel College,216357,2025,2025,False,PA,0.274251,12.257155,0.344311,7.592366,8.47317,44.0,12.257155,0.0,2.0,0.559281,10.034647,10.880365
NCAA:thomas-more,Thomas More University,157809,2025,2025,False,KY,0.349102,12.432893,0.154491,7.114769,8.795455,38.0,12.498753,17082.0,4.0,0.609581,10.309552,10.749763
NCAA:tiffin,Tiffin University,206048,2025,2025,False,OH,0.642515,13.178797,0.288623,7.486053,8.916249,71.0,13.178797,0.0,4.0,0.749701,11.02689,11.025475
NCAA:transylvania,Transylvania University,157818,2025,2025,False,KY,0.528743,12.828827,0.671856,8.190632,8.897135,51.0,12.828827,0.0,3.0,0.526347,9.868482,11.219842
NCAA:trevecca-nazarene,Trevecca Nazarene University,221892,2025,2025,False,TN,0.743114,13.472209,0.847305,8.83521,9.734597,42.0,13.472209,0.0,7.0,0.600599,10.266741,11.207758
NCAA:trine,Trine University,152567,2025,2025,False,IN,0.306587,12.334255,0.07485,6.788972,8.309145,56.0,12.401738,15872.0,4.0,0.78024,11.214668,11.010266
NCAA:truman-state,Truman State University,178615,2025,2025,False,MO,0.343114,12.417253,0.431138,7.734996,9.016173,30.0,12.417253,0.0,2.0,0.675449,10.606338,11.12049
NCAA:tufts,Tufts University,168148,2025,2025,False,MA,0.59521,13.058744,0.652695,8.130648,9.208694,47.0,13.058744,0.0,5.0,0.808383,11.453016,11.473384
NCAA:tusculum,Tusculum University,221953,2025,2025,False,TN,0.662275,13.239988,0.530539,7.898782,9.197036,57.0,13.236597,-1904.0,3.0,0.743713,10.991005,10.911774
NCAA:tuskegee,Tuskegee University,102377,2025,2025,False,AL,0.335928,12.395258,0.192216,7.23201,8.657758,42.0,12.395258,0.0,2.0,0.790419,11.284242,11.68239
NCAA:upper-iowa,Upper Iowa University,154493,2025,2025,False,IA,0.60479,13.081166,0.444311,7.754053,9.055929,56.0,13.081166,0.0,4.0,0.626946,10.381397,11.161636
NCAA:ursinus,Ursinus College,216524,2025,2025,False,PA,0.346108,12.424911,0.152695,7.113142,8.454828,53.0,12.424911,0.0,7.0,0.617365,10.350606,11.208951
NCAA:utica,Utica University,197045,2025,2025,False,NY,0.341317,12.412814,0.35988,7.624131,8.562854,47.0,12.506033,24028.0,5.0,0.704192,10.746089,11.162318
NCAA:valdosta-state,Valdosta State University,141264,2025,2025,False,GA,0.661078,13.233704,0.722156,8.300032,9.405143,46.0,13.233704,0.0,3.0,0.796407,11.322999,11.359902
NCAA:valley-forge,University of Valley Forge,216542,2025,2025,False,PA,0.056287,11.223762,0.371257,7.644919,7.822952,30.0,11.653487,40203.0,3.0,0.229341,7.268223,10.608563
NCAA:vassar,Vassar College,197133,2025,2025,False,NY,0.305389,12.330747,0.281437,7.471932,8.896893,31.0,12.350134,4435.0,4.0,0.700599,10.726478,11.261498
NCAA:virginia-state,Virginia State University,234155,2025,2025,False,VA,0.164072,11.855394,0.477844,7.82044,8.454402,30.0,11.855394,0.0,4.0,0.463473,9.507775,11.724612
NCAA:virginia-wesleyan,Virginia Wesleyan University,234173,2025,2025,False,VA,0.291617,12.289729,0.126347,7.001246,8.115636,65.0,12.289729,0.0,3.0,0.550898,9.989574,11.212172
NCAA:walsh,Walsh University,206437,2025,2025,False,OH,0.661677,13.234266,0.296407,7.49887,8.985894,70.0,13.393253,96363.0,4.0,0.672455,10.587039,11.105123
NCAA:wartburg,Wartburg College,154527,2025,2025,False,IA,0.401796,12.571968,0.308982,7.522941,8.445046,62.0,12.571968,0.0,7.0,0.820958,11.545896,11.07662
NCAA:washburn,Washburn University,156082,2025,2025,False,KS,0.735329,13.453006,0.777246,8.445912,9.624429,46.0,13.453006,0.0,3.0,0.798802,11.357522,11.677796
NCAA:washington-and-lee,Washington and Lee University,234207,2025,2025,False,VA,0.390419,12.536807,0.650299,8.122074,9.010565,34.0,12.567958,8809.0,4.0,0.598204,10.246474,11.552387
NCAA:waynesburg,Waynesburg University,216694,2025,2025,False,PA,0.146108,11.788396,0.04491,6.481577,8.099812,40.0,11.788396,0.0,5.0,0.624551,10.373241,10.750321
NCAA:webster,Webster University,179894,2025,2025,False,MO,0.579641,13.011499,0.777844,8.448486,9.227405,44.0,13.163237,73330.0,7.0,0.625749,10.380653,10.942686
NCAA:west-alabama,University of West Alabama,101587,2025,2025,False,AL,0.774251,13.58189,0.756886,8.392537,9.820743,43.0,13.634576,42828.0,5.0,0.777844,11.197269,11.261099
NCAA:west-florida,University of West Florida,138354,2025,2025,False,FL,0.755689,13.504134,0.872455,9.015906,9.920663,36.0,13.475578,-20620.0,4.0,0.705988,10.754087,11.413669
NCAA:west-liberty,West Liberty University,237932,2025,2025,False,WV,0.49521,12.746939,0.228144,7.341484,8.875875,48.0,12.746939,0.0,5.0,0.411976,9.232689,11.140034
NCAA:west-texas-a-and-m,West Texas A & M University,229814,2025,2025,False,TX,0.692814,13.340483,0.67485,8.194782,9.556363,44.0,13.340483,0.0,3.0,0.851497,11.82027,11.582619
NCAA:west-virginia-state,West Virginia State University,237899,2025,2025,False,WV,0.58024,13.012042,0.222754,7.327123,9.323249,40.0,13.012042,0.0,4.0,0.605988,10.292315,11.224123
NCAA:west-virginia-wesleyan,West Virginia Wesleyan College,237969,2025,2025,False,WV,0.52515,12.81866,0.447305,7.759614,8.947587,48.0,12.81866,0.0,2.0,0.651497,10.489884,10.816974
NCAA:western-oregon,Western Oregon University,210429,2025,2025,False,OR,0.68024,13.30232,0.806587,8.579041,9.541191,43.0,13.30232,0.0,3.0,0.682635,10.640508,11.404482
NCAA:westfield-state,Westfield State University,168263,2025,2025,False,MA,0.231138,12.118667,0.596407,8.010692,8.455312,39.0,12.080407,-6879.0,6.0,0.49521,9.722505,11.111313
NCAA:westmont,Westmont College,125727,2025,2025,False,CA,0.763473,13.547926,0.735329,8.331586,9.559012,54.0,13.468362,-58526.0,5.0,0.445509,9.422544,11.428217
NCAA:wheeling,Wheeling University,238078,2025,2025,False,WV,0.672455,13.262789,0.618563,8.04719,9.599294,39.0,13.41793,96562.0,1.0,0.738922,10.963619,10.877122
NCAA:whitman,Whitman College,237057,2025,2025,False,WA,0.527545,12.825926,0.797006,8.534444,9.299654,34.0,12.942737,46060.0,4.0,0.620958,10.360564,11.42559
NCAA:whittier,Whittier College,125763,2025,2025,False,CA,0.177844,11.918031,0.156886,7.126087,7.893046,56.0,11.966939,7516.0,4.0,0.392814,9.104424,11.169068
NCAA:whitworth,Whitworth University,237066,2025,2025,False,WA,0.458683,12.675367,0.660479,8.152198,8.891311,44.0,12.842372,58122.0,7.0,0.696407,10.709517,11.378434
NCAA:widener,Widener University,216852,2025,2025,False,PA,0.227545,12.110635,0.02515,6.133398,8.499915,37.0,12.124233,2489.0,4.0,0.537126,9.927741,11.144395
NCAA:wilkes,Wilkes University,216931,2025,2025,False,PA,0.447305,12.65873,0.75988,8.39886,8.995289,39.0,12.65873,0.0,10.0,0.752695,11.037724,10.965868
NCAA:willamette,Willamette University,210401,2025,2025,False,OR,0.367066,12.474365,0.689222,8.224432,9.008748,32.0,12.474365,0.0,5.0,0.591617,10.199324,11.014226
NCAA:william-jewell,William Jewell College,179955,2025,2025,False,MO,0.561677,12.942957,0.09521,6.880384,9.051251,49.0,13.101021,71559.0,3.0,0.354491,8.795431,10.986732
NCAA:william-peace,William Peace University,199272,2025,2025,False,NC,0.240719,12.157649,0.267665,7.433075,8.168943,54.0,12.097178,-11181.0,4.0,0.51976,9.833709,10.442113
NCAA:williams,Williams College,168342,2025,2025,False,MA,0.4,12.562305,0.550898,7.929126,9.096678,32.0,12.562305,0.0,4.0,0.788024,11.269656,11.214196
NCAA:wilson,Wilson College,217013,2025,2025,False,PA,0.172455,11.896956,0.144311,7.076654,8.463173,31.0,11.896956,0.0,4.0,0.361078,8.853808,10.692604
NCAA:wingate,Wingate University,199962,2025,2025,False,NC,0.820958,13.782737,0.782635,8.461892,10.093898,40.0,13.794711,11657.0,3.0,0.646707,10.472771,11.393973
NCAA:winona-state,Winona State University,175272,2025,2025,False,MN,0.659281,13.226913,0.518563,7.873217,9.068143,64.0,13.226913,0.0,3.0,0.678443,10.619081,11.561754
NCAA:wisconsin-eau-claire,University of Wisconsin-Eau Claire,240268,2025,2025,False,WI,0.498204,12.756798,0.51018,7.858641,8.825116,51.0,12.78548,10094.0,5.0,0.77006,11.129496,11.101281
NCAA:wisconsin-louisiana-crosse,University of Wisconsin-La Crosse,240329,2025,2025,False,WI,0.599401,13.071064,0.675449,8.195334,9.460222,37.0,13.138996,33389.0,10.0,0.601198,10.267505,11.218514
NCAA:wisconsin-lutheran,Wisconsin Lutheran College,240338,2025,2025,False,WI,0.22515,12.104776,0.473054,7.816014,8.441425,39.0,12.237814,25717.0,6.0,0.658683,10.511839,10.986919
NCAA:wisconsin-oshkosh,University of Wisconsin-Oshkosh,240365,2025,2025,False,WI,0.495808,12.747027,0.706587,8.262559,8.962962,44.0,13.100316,145568.0,2.0,0.5,9.748703,11.363218
NCAA:wisconsin-parkside,University of Wisconsin-Parkside,240374,2025,2025,False,WI,0.552096,12.9245,0.376048,7.656337,9.032797,49.0,12.9245,0.0,4.0,0.423952,9.301916,11.238896
NCAA:wisconsin-platteville,University of Wisconsin-Platteville,240462,2025,2025,False,WI,0.204192,12.044142,0.315569,7.531552,8.215765,46.0,12.197793,28251.0,4.0,0.652695,10.490079,11.092991
NCAA:wisconsin-stevens-point,University of Wisconsin-Stevens Point,240480,2025,2025,False,WI,0.319162,12.358498,0.398204,7.683864,8.574493,44.0,12.335828,-5221.0,5.0,0.717365,10.847938,11.07886
NCAA:wisconsin-stout,University of Wisconsin-Stout,240417,2025,2025,False,WI,0.262874,12.219665,0.586228,7.993282,8.582261,38.0,12.219665,0.0,4.0,0.543114,9.955748,11.11061
NCAA:wisconsin-superior,University of Wisconsin-Superior,240426,2025,2025,False,WI,0.259281,12.211503,0.609581,8.035926,8.54813,39.0,12.211503,0.0,5.0,0.404192,9.173365,10.995528
NCAA:wisconsin-whitewater,University of Wisconsin-Whitewater,240189,2025,2025,False,WI,0.38503,12.52758,0.700599,8.248267,8.972355,35.0,12.518,-2630.0,7.0,0.223353,7.148346,11.270179
NCAA:wittenberg,Wittenberg University,206525,2025,2025,False,OH,0.38024,12.510756,0.340719,7.585281,8.68228,46.0,12.510756,0.0,5.0,0.680838,10.633786,10.973649
NCAA:wooster,The College of Wooster,206589,2025,2025,False,OH,0.511976,12.79066,0.576647,7.971776,9.207238,36.0,12.611354,-58905.0,3.0,0.694012,10.692536,11.151482
NCAA:worcester-state,Worcester State University,168430,2025,2025,False,MA,0.2,12.017258,0.396407,7.682022,8.379895,38.0,11.988911,-4628.0,4.0,0.293413,8.147867,10.581927
NCAA:yeshiva,Yeshiva University,197708,2025,2025,False,NY,0.088024,11.475234,0.186228,7.211557,7.979059,33.0,11.475234,0.0,4.0,0.211377,6.821107,11.054835
NCAA:york-pennsylvania,York College of Pennsylvania,217059,2025,2025,False,PA,0.156287,11.833377,0.253892,7.397562,8.096005,42.0,11.969337,20065.0,3.0,0.562275,10.04854,11.130772
NCAA:young-harris,Young Harris College,141361,2025,2025,False,GA,0.765269,13.554656,0.634132,8.083637,9.335235,68.0,13.554656,0.0,4.0,0.638323,10.441763,11.07189
IPEDS:100654,Alabama A & M University,100654,2026,2025,True,AL,0.723353,13.421727,0.611377,8.03722,9.571648,47.0,12.822023,-304217.0,3.0,0.756886,11.066685,11.818563
IPEDS:100663,University of Alabama at Birmingham,100663,2026,2025,True,AL,0.9,14.293523,0.890419,9.135186,10.486887,45.0,14.343269,82264.0,4.0,0.932934,13.152596,13.143214
IPEDS:100724,Alabama State University,100724,2026,2025,True,AL,0.747305,13.475437,0.682036,8.20958,9.920137,35.0,13.475437,0.0,3.0,0.755689,11.059472,11.760832
IPEDS:100751,The University of Alabama,100751,2026,2025,True,AL,0.990419,15.712966,0.991018,10.609156,11.821153,49.0,15.712966,0.0,3.0,0.998802,15.482539,14.285212
IPEDS:100858,Auburn University,100858,2026,2025,True,AL,0.992814,15.839787,0.988024,10.500261,12.078592,43.0,15.234942,-3435858.0,4.0,0.991617,14.972139,14.832584
IPEDS:101480,Jacksonville State University,101480,2026,2025,True,AL,0.928144,14.48807,0.784431,8.47512,10.824528,39.0,14.48807,0.0,4.0,0.931138,13.119942,12.744716
IPEDS:101879,University of North Alabama,101879,2026,2025,True,AL,0.842515,13.8705,0.9,9.213436,10.181657,40.0,13.8705,0.0,4.0,0.831737,11.661087,11.827919
IPEDS:102049,Samford University,102049,2026,2025,True,AL,0.88024,14.141618,0.849701,8.863899,10.478084,39.0,14.254104,164961.0,5.0,0.878443,12.125399,12.314007
IPEDS:102094,University of South Alabama,102094,2026,2025,True,AL,0.927545,14.478372,0.917964,9.353228,10.789512,40.0,14.527114,96919.0,4.0,0.936527,13.27561,12.804865
IPEDS:102368,Troy University,102368,2026,2025,True,AL,0.91018,14.358465,0.851497,8.865876,10.508344,47.0,14.470951,204906.0,4.0,0.91976,12.825598,12.966748
IPEDS:104151,Arizona State University Campus Immersion,104151,2026,2025,True,AZ,0.980838,15.44726,0.952695,9.8774,11.733696,41.0,15.44726,0.0,4.0,0.968263,14.385306,14.288763
IPEDS:104179,University of Arizona,104179,2026,2025,True,AZ,0.992216,15.779935,0.983832,10.328853,12.091061,40.0,15.779935,0.0,4.0,0.983234,14.769914,14.045977
IPEDS:104717,Grand Canyon University,104717,2026,2025,True,AZ,0.908982,14.35052,0.935329,9.573107,10.543883,45.0,14.35052,0.0,5.0,0.916168,12.754232,12.880699
IPEDS:106245,University of Arkansas at Little Rock,106245,2026,2025,True,AR,0.893413,14.244134,0.922156,9.387566,10.482961,43.0,14.244134,0.0,6.0,0.841317,11.743323,11.880869
IPEDS:106397,University of Arkansas,106397,2026,2025,True,AR,0.997605,16.107606,0.999401,11.000282,12.34641,43.0,15.725191,-3144722.0,4.0,0.982036,14.749297,15.019095
IPEDS:106412,University of Arkansas at Pine Bluff,106412,2026,2025,True,AR,0.549102,12.909277,0.242515,7.36897,9.245809,39.0,12.909277,0.0,3.0,0.299401,8.239593,11.923962
IPEDS:106458,Arkansas State University,106458,2026,2025,True,AR,0.937725,14.594034,0.963473,9.985252,10.856383,42.0,14.594034,0.0,4.0,0.943713,13.500909,12.045781
IPEDS:106704,University of Central Arkansas,106704,2026,2025,True,AR,0.834132,13.828872,0.877844,9.063811,10.044725,44.0,13.828872,0.0,4.0,0.877246,12.105047,11.758277
IPEDS:110361,California Baptist University,110361,2026,2025,True,CA,0.953293,14.812803,0.946108,9.726512,11.175231,38.0,14.896307,236094.0,5.0,0.880838,12.130039,12.596499
IPEDS:110422,California Polytechnic State University-San Luis Obispo,110422,2026,2025,True,CA,0.925749,14.464838,0.923952,9.414994,10.801296,39.0,14.464838,0.0,4.0,0.929341,13.050706,12.257117
IPEDS:110486,California State University-Bakersfield,110486,2026,2025,True,CA,0.867665,14.029076,0.836527,8.759198,10.340228,40.0,14.029076,0.0,6.0,0.835329,11.69806,12.152709
IPEDS:110556,California State University-Fresno,110556,2026,2025,True,CA,0.941317,14.614051,0.947904,9.751734,11.003149,37.0,14.614051,0.0,4.0,0.952695,13.729321,13.063036
IPEDS:110565,California State University-Fullerton,110565,2026,2025,True,CA,0.94012,14.611592,0.926946,9.430921,10.922731,40.0,14.611592,0.0,5.0,0.85509,11.843027,12.297498
IPEDS:110583,California State University-Long Beach,110583,2026,2025,True,CA,0.931138,14.50835,0.919162,9.354874,10.81949,40.0,14.50835,0.0,4.0,0.876048,12.095616,12.593051
IPEDS:110608,California State University-Northridge,110608,2026,2025,True,CA,0.930539,14.5058,0.950299,9.860476,11.209976,27.0,14.586897,168469.0,5.0,0.860479,11.896172,12.211563
IPEDS:110617,California State University-Sacramento,110617,2026,2025,True,CA,0.937126,14.585772,0.88982,9.133243,10.801603,44.0,14.585772,0.0,4.0,0.861677,11.90062,12.350489
IPEDS:110635,University of California-Berkeley,110635,2026,2025,True,CA,0.950898,14.759664,0.953892,9.899279,10.99848,43.0,14.135704,-1193241.0,4.0,0.98503,14.801792,13.62024
IPEDS:110644,University of California-Davis,110644,2026,2025,True,CA,0.89521,14.250594,0.889222,9.129781,10.489421,43.0,14.250594,0.0,4.0,0.913174,12.665972,12.217799
IPEDS:110653,University of California-Irvine,110653,2026,2025,True,CA,0.945509,14.656427,0.939521,9.640238,10.967564,40.0,14.656427,0.0,4.0,0.868862,11.981284,12.368489
IPEDS:110662,University of California-Los Angeles,110662,2026,2025,True,CA,0.982635,15.464035,0.973054,10.225825,11.775163,40.0,15.464035,0.0,4.0,0.986826,14.831551,14.190832
IPEDS:110671,University of California-Riverside,110671,2026,2025,True,CA,0.892216,14.228219,0.826946,8.693832,10.590657,38.0,14.228219,0.0,4.0,0.780838,11.214856,12.139334
IPEDS:110680,University of California-San Diego,110680,2026,2025,True,CA,0.938922,14.599755,0.945509,9.721486,10.862104,42.0,14.599755,0.0,5.0,0.891617,12.325703,11.729101
IPEDS:110705,University of California-Santa Barbara,110705,2026,2025,True,CA,0.964671,15.049672,0.901796,9.215328,11.098443,52.0,15.049672,0.0,4.0,0.933533,13.171355,12.401561
IPEDS:117946,Loyola Marymount University,117946,2026,2025,True,CA,0.951497,14.773924,0.944311,9.700943,11.060367,41.0,14.773924,0.0,4.0,0.926347,12.975982,12.584766
IPEDS:120883,University of the Pacific,120883,2026,2025,True,CA,0.932335,14.528286,0.887425,9.113168,10.814733,41.0,14.528286,0.0,4.0,0.904192,12.562621,12.260476
IPEDS:120883,Pacific University,209612,2026,2025,True,OR,0.482036,12.724214,0.423952,7.72312,8.663941,58.0,12.724214,0.0,5.0,0.734731,10.952051,11.093858
IPEDS:121150,Pepperdine University,121150,2026,2025,True,CA,0.956886,14.863874,0.937725,9.593151,11.175008,40.0,14.863874,0.0,4.0,0.91018,12.619846,12.707875
IPEDS:122409,San Diego State University,122409,2026,2025,True,CA,0.958683,14.93105,0.995808,10.76739,11.242184,40.0,15.021885,290135.0,3.0,0.958683,14.035615,13.789404
IPEDS:122436,University of San Diego,122436,2026,2025,True,CA,0.956287,14.839631,0.932934,9.503458,11.202058,38.0,14.839631,0.0,4.0,0.898204,12.481535,12.44693
IPEDS:122612,University of San Francisco,122612,2026,2025,True,CA,0.934132,14.546819,0.91018,9.270306,10.857958,40.0,14.546819,0.0,4.0,0.89521,12.393709,13.043112
IPEDS:122755,San Jose State University,122755,2026,2025,True,CA,0.873054,14.071722,0.847904,8.841304,10.200557,48.0,14.071722,0.0,3.0,0.917964,12.792202,12.343423
IPEDS:122931,Santa Clara University,122931,2026,2025,True,CA,0.94491,14.647874,0.876647,9.051813,10.934319,41.0,14.647874,0.0,4.0,0.911976,12.646577,12.515335
IPEDS:123554,Saint Mary's College of California,123554,2026,2025,True,CA,0.952096,14.778029,0.961677,9.978595,11.089165,40.0,14.778029,0.0,4.0,0.901796,12.543423,13.02344
IPEDS:123554,St. Mary's University,228149,2026,2025,True,TX,0.722754,13.420613,0.760479,8.403128,9.731791,40.0,13.482764,43203.0,3.0,0.602395,10.268686,11.223495
IPEDS:123961,University of Southern California,123961,2026,2025,True,CA,0.986228,15.590219,0.968263,10.066201,11.901346,40.0,15.590219,0.0,4.0,1.0,15.594975,14.593402
IPEDS:127741,University of Northern Colorado,127741,2026,2025,True,CO,0.727545,13.434332,0.823353,8.666303,9.770826,39.0,13.434332,0.0,4.0,0.846108,11.761417,11.967073
IPEDS:128771,Central Connecticut State University,128771,2026,2025,True,CT,0.790419,13.649683,0.788623,8.502891,9.912061,42.0,13.649683,0.0,6.0,0.692814,10.686727,11.946401
IPEDS:129020,University of Connecticut,129020,2026,2025,True,CT,0.955689,14.829573,0.97006,10.133448,11.091918,42.0,14.829573,0.0,4.0,0.961677,14.156013,14.05171
IPEDS:129242,Fairfield University,129242,2026,2025,True,CT,0.880838,14.142342,0.88024,9.071308,10.504783,38.0,14.142342,0.0,4.0,0.875449,12.089044,12.029932
IPEDS:129525,University of Hartford,129525,2026,2025,True,CT,0.532335,12.836304,0.513174,7.865572,8.811099,56.0,12.90971,28609.0,3.0,0.592814,10.210935,11.480258
IPEDS:129941,University of New Haven,129941,2026,2025,True,CT,0.712575,13.389123,0.793413,8.517193,9.892664,33.0,13.389123,0.0,3.0,0.72994,10.919533,11.60566
IPEDS:130226,Quinnipiac University,130226,2026,2025,True,CT,0.858683,13.983665,0.891018,9.135186,10.517955,32.0,13.983665,0.0,4.0,0.864072,11.918564,12.386793
IPEDS:130253,Sacred Heart University,130253,2026,2025,True,CT,0.831138,13.812754,0.865868,8.955964,10.14923,39.0,13.812754,0.0,3.0,0.889222,12.279449,11.659171
IPEDS:130794,Yale University,130794,2026,2025,True,CT,0.895808,14.251967,0.897006,9.203014,10.786251,32.0,14.251967,0.0,4.0,0.953892,13.776348,12.394418
IPEDS:130934,Delaware State University,130934,2026,2025,True,DE,0.456886,12.672605,0.869461,8.991313,9.453804,25.0,12.672605,0.0,4.0,0.844311,11.757369,12.121647
IPEDS:130943,University of Delaware,130943,2026,2025,True,DE,0.890419,14.212107,0.867665,8.972844,10.574546,38.0,14.212107,0.0,4.0,0.925749,12.952474,12.558552
IPEDS:131469,George Washington University,131469,2026,2025,True,DC,0.92994,14.499403,0.886228,9.107421,10.810543,40.0,14.499403,0.0,4.0,0.888024,12.269155,12.502073
IPEDS:131496,Georgetown University,131496,2026,2025,True,DC,0.923952,14.444186,0.850299,8.864605,10.755328,40.0,14.444186,0.0,3.0,0.9,12.502069,13.549585
IPEDS:131496,Georgetown College,156745,2026,2025,True,KY,0.954491,14.817521,0.161677,7.135687,,,14.817521,0.0,4.0,0.568263,10.087973,11.144525
IPEDS:132602,Bethune-Cookman University,132602,2026,2025,True,FL,0.841317,13.86787,0.938323,9.602382,10.179027,40.0,13.86787,0.0,3.0,0.849701,11.795733,12.277602
IPEDS:132903,College of Central Florida,132851,2026,2025,True,FL,0.408383,12.583025,0.448503,7.760041,9.250913,28.0,12.583025,0.0,2.0,0.059281,0.0,11.0278
IPEDS:132903,University of Central Florida,132903,2026,2025,True,FL,0.967665,15.090995,0.971257,10.198096,11.402126,40.0,15.544417,2054055.0,4.0,0.966467,14.342039,14.019452
IPEDS:133650,Florida Agricultural and Mechanical University,133650,2026,2025,True,FL,0.720359,13.414987,0.85509,8.89467,9.83152,36.0,13.220781,-118257.0,4.0,0.440719,9.392745,11.935339
IPEDS:133669,Florida Atlantic University,133669,2026,2025,True,FL,0.926946,14.469934,0.950898,9.866564,10.806392,39.0,14.469934,0.0,4.0,0.937725,13.297182,13.016576
IPEDS:133951,Florida International University,133951,2026,2025,True,FL,0.901796,14.304418,0.916168,9.317399,10.615563,40.0,14.304418,0.0,4.0,0.947904,13.617156,12.914532
IPEDS:134097,Florida State University,134097,2026,2025,True,FL,0.991617,15.74216,0.994012,10.66441,12.053286,40.0,15.74216,0.0,4.0,0.971257,14.454223,14.566794
IPEDS:134130,University of Florida,134130,2026,2025,True,FL,0.98982,15.672545,0.992216,10.63275,12.034965,38.0,15.221542,-2324984.0,4.0,0.992814,15.033554,14.713359
IPEDS:134945,Jacksonville University,134945,2026,2025,True,FL,0.913174,14.381596,0.873054,9.02039,10.826267,35.0,14.381596,0.0,4.0,0.853293,11.835943,11.983429
IPEDS:135726,University of Miami,135726,2026,2025,True,FL,0.986826,15.597448,0.982635,10.320815,12.013935,36.0,15.597448,0.0,4.0,0.999401,15.5168,14.776127
IPEDS:136172,University of North Florida,136172,2026,2025,True,FL,0.816168,13.750594,0.862275,8.922392,9.989439,43.0,13.750594,0.0,4.0,0.807186,11.440333,11.790421
IPEDS:137351,University of South Florida,137351,2026,2025,True,FL,0.953892,14.814773,0.894611,9.17108,10.720451,60.0,14.814773,0.0,4.0,0.979042,14.696439,13.401175
IPEDS:137546,Stetson University,137546,2026,2025,True,FL,0.949701,14.736719,0.918563,9.3547,10.930074,45.0,14.736719,0.0,4.0,0.852695,11.827641,11.895238
IPEDS:139755,Georgia Institute of Technology-Main Campus,139755,2026,2025,True,GA,0.97006,15.14492,0.960479,9.964536,11.31629,46.0,13.867763,-2725168.0,4.0,0.973653,14.535586,13.993395
IPEDS:139931,Georgia Southern University,139931,2026,2025,True,GA,0.921557,14.433197,0.894012,9.168893,10.541403,49.0,14.433197,0.0,5.0,0.916766,12.759587,12.436196
IPEDS:139940,Georgia State University,139940,2026,2025,True,GA,0.897006,14.260578,0.856287,8.902047,10.571724,40.0,14.260578,0.0,4.0,0.924551,12.928475,12.635674
IPEDS:139959,University of Georgia,139959,2026,2025,True,GA,0.988623,15.65856,0.975449,10.241423,11.651236,55.0,14.541068,-4249887.0,4.0,0.99521,15.165211,14.919309
IPEDS:140447,Mercer University,140447,2026,2025,True,GA,0.918563,14.420253,0.865269,8.943767,10.549077,48.0,14.420253,0.0,4.0,0.926946,12.9815,12.058309
IPEDS:141334,University of West Georgia,141334,2026,2025,True,GA,0.776048,13.598335,0.853293,8.877661,9.791728,45.0,13.598335,0.0,4.0,0.819162,11.530422,11.858095
IPEDS:141574,University of Hawaii at Manoa,141574,2026,2025,True,HI,0.946707,14.680085,0.949102,9.789311,10.96653,41.0,14.403384,-573839.0,4.0,0.934132,13.190687,12.494824
IPEDS:143358,Bradley University,143358,2026,2025,True,IL,0.891018,14.220664,0.878443,9.065661,10.637169,36.0,14.220664,0.0,4.0,0.867066,11.965338,12.508445
IPEDS:144892,Eastern Illinois University,144892,2026,2025,True,IL,0.811377,13.739082,0.823952,8.668024,9.954939,44.0,13.739082,0.0,6.0,0.839521,11.721921,11.69538
IPEDS:145600,University of Illinois Chicago,145600,2026,2025,True,IL,0.872455,14.070124,0.884431,9.084777,10.356583,41.0,14.070124,0.0,4.0,0.881437,12.139468,12.433475
IPEDS:145637,University of Illinois Urbana-Champaign,145637,2026,2025,True,IL,0.969461,15.141275,0.959281,9.954893,11.585936,35.0,13.341737,-3142415.0,4.0,0.988024,14.845401,14.473874
IPEDS:145637,Illinois College,145691,2026,2025,True,IL,0.304192,12.324873,0.365269,7.631917,8.453881,48.0,12.324873,0.0,2.0,0.759281,11.074064,11.003965
IPEDS:145813,Illinois State University,145813,2026,2025,True,IL,0.873653,14.073403,0.888623,9.129672,10.435846,38.0,14.073403,0.0,5.0,0.834132,11.683385,12.432184
IPEDS:147703,Northern Illinois University,147703,2026,2025,True,IL,0.836527,13.834118,0.868263,8.975757,10.145277,40.0,13.83999,6000.0,3.0,0.921557,12.856331,12.396437
IPEDS:147767,Northwestern University,147767,2026,2025,True,IL,0.960479,14.965478,0.952096,9.875448,11.301929,39.0,14.679709,-784987.0,4.0,0.97006,14.438123,13.945458
IPEDS:147767,Northwestern College,154101,2026,2025,True,IA,0.710778,13.381695,0.15509,7.118016,9.374445,55.0,13.384649,1917.0,5.0,0.530539,9.886291,10.983868
IPEDS:149222,Southern Illinois University-Carbondale,149222,2026,2025,True,IL,0.856287,13.96943,0.897605,9.204121,10.443098,34.0,13.96943,0.0,5.0,0.912575,12.661137,12.497973
IPEDS:149231,Southern Illinois University Edwardsville,149231,2026,2025,True,IL,0.771856,13.577168,0.832335,8.724858,9.939629,38.0,13.577168,0.0,4.0,0.77485,11.163637,11.627093
IPEDS:149772,Western Illinois University,149772,2026,2025,True,IL,0.766467,13.558572,0.063473,6.712956,10.032254,34.0,13.558572,0.0,4.0,0.622754,10.366278,11.734155
IPEDS:150136,Ball State University,150136,2026,2025,True,IN,0.889222,14.206249,0.925749,9.423595,10.568688,38.0,14.206249,0.0,4.0,0.919162,12.819302,12.486836
IPEDS:150163,Butler University,150163,2026,2025,True,IN,0.886228,14.199849,0.768263,8.424639,10.462208,42.0,14.276018,116235.0,4.0,0.985629,14.803623,13.119712
IPEDS:150534,University of Evansville,150534,2026,2025,True,IN,0.913772,14.382749,0.900599,9.213735,10.79925,36.0,14.382749,0.0,4.0,0.814371,11.506344,11.855557
IPEDS:151102,Purdue University Fort Wayne,151102,2026,2025,True,IN,0.713174,13.389461,0.840719,8.798757,9.751932,38.0,13.433963,29720.0,5.0,0.82515,11.571902,11.423559
IPEDS:151306,University of Southern Indiana,151306,2026,2025,True,IN,0.78982,13.648479,0.813174,8.59545,9.798386,47.0,13.648479,0.0,4.0,0.773653,11.156093,11.493304
IPEDS:151324,Indiana State University,151324,2026,2025,True,IN,0.885629,14.198706,0.911377,9.280892,10.461065,42.0,14.198706,0.0,4.0,0.894012,12.381969,12.412115
IPEDS:151351,Indiana University-Bloomington,151351,2026,2025,True,IN,0.967066,15.066005,0.962275,9.979708,11.352444,41.0,15.066005,0.0,4.0,0.971856,14.478065,14.303314
IPEDS:152080,University of Notre Dame,152080,2026,2025,True,IN,0.968263,15.099923,0.958683,9.948031,11.293273,45.0,15.099923,0.0,6.0,0.988623,14.862312,14.085509
IPEDS:152600,Valparaiso University,152600,2026,2025,True,IN,0.852096,13.917103,0.838323,8.772765,10.306217,37.0,13.916983,-133.0,4.0,0.858683,11.880315,12.132787
IPEDS:153658,University of Iowa,153658,2026,2025,True,IA,0.962874,15.046147,0.961078,9.976877,11.217519,46.0,13.359344,-2789699.0,4.0,0.964072,14.253237,14.543797
IPEDS:155317,University of Kansas,155317,2026,2025,True,KS,0.977246,15.326032,0.991617,10.620498,11.662479,39.0,14.612701,-2309794.0,4.0,0.969461,14.391386,14.083653
IPEDS:155399,Kansas State University,155399,2026,2025,True,KS,0.965868,15.060127,0.972455,10.21596,11.298939,43.0,15.060127,0.0,4.0,0.963473,14.234386,14.569345
IPEDS:156125,Wichita State University,156125,2026,2025,True,KS,0.95988,14.964437,0.954491,9.903188,11.072632,49.0,14.964437,0.0,4.0,0.905389,12.574061,13.088716
IPEDS:156286,Bellarmine University,156286,2026,2025,True,KY,0.839521,13.861171,0.85988,8.915567,9.969397,49.0,13.861171,0.0,4.0,0.798204,11.352498,11.616898
IPEDS:156620,Eastern Kentucky University,156620,2026,2025,True,KY,0.871257,14.056674,0.856886,8.903543,10.18551,48.0,14.056674,0.0,4.0,0.871856,11.998821,12.089735
IPEDS:157085,University of Kentucky,157085,2026,2025,True,KY,0.981437,15.457779,0.971856,10.212258,11.720117,42.0,15.457779,0.0,4.0,0.991018,14.908165,14.683487
IPEDS:157289,University of Louisville,157289,2026,2025,True,KY,0.98503,15.506571,0.938922,9.623774,11.89566,37.0,13.416797,-4754047.0,5.0,0.965269,14.272442,14.24683
IPEDS:157386,Morehead State University,157386,2026,2025,True,KY,0.853892,13.929994,0.908383,9.246672,10.266466,39.0,13.929294,-785.0,4.0,0.843713,11.757173,11.632174
IPEDS:157401,Murray State University,157401,2026,2025,True,KY,0.85509,13.951088,0.88503,9.087947,10.262243,40.0,14.126434,219487.0,4.0,0.907186,12.584393,12.339755
IPEDS:157401,Murray State College,207236,2026,2025,True,OK,0.415569,12.596346,0.273054,7.446585,8.958885,38.0,12.623496,8132.0,4.0,0.408383,9.21044,10.752505
IPEDS:157447,Northern Kentucky University,157447,2026,2025,True,KY,0.811976,13.740308,0.858683,8.913281,10.102762,38.0,13.740308,0.0,4.0,0.804192,11.414397,11.84635
IPEDS:157951,Western Kentucky University,157951,2026,2025,True,KY,0.888623,14.205227,0.923353,9.408289,10.516374,40.0,14.205227,0.0,4.0,0.942515,13.481089,12.888978
IPEDS:159009,Grambling State University,159009,2026,2025,True,LA,0.795808,13.667869,0.077246,6.799056,9.979034,40.0,13.667869,0.0,2.0,0.679641,10.62425,12.143351
IPEDS:159391,Louisiana State University and Agricultural & Mechanical College,159391,2026,2025,True,LA,0.999401,16.212351,0.998802,10.965695,12.498783,41.0,16.124754,-921605.0,4.0,0.993413,15.123045,14.772287
IPEDS:159647,Louisiana Tech University,159647,2026,2025,True,LA,0.935928,14.574829,0.943114,9.690727,10.885968,40.0,14.574829,0.0,4.0,0.939521,13.349649,12.915386
IPEDS:159717,McNeese State University,159717,2026,2025,True,LA,0.823952,13.790046,0.183832,7.196687,10.076515,41.0,13.790046,0.0,3.0,0.886228,12.243176,13.07888
IPEDS:159939,University of New Orleans,159939,2026,2025,True,LA,0.835329,13.831311,0.863473,8.927977,10.024692,45.0,13.831311,0.0,5.0,0.697605,10.71444,11.425776
IPEDS:159966,Nicholls State University,159966,2026,2025,True,LA,0.794611,13.664104,0.835329,8.745284,9.81401,47.0,13.707402,38032.0,3.0,0.776048,11.179144,11.474922
IPEDS:159993,University of Louisiana at Monroe,159993,2026,2025,True,LA,0.876647,14.086608,0.910778,9.276128,10.34897,42.0,14.086608,0.0,4.0,0.88982,12.28093,12.447374
IPEDS:160038,Northwestern State University of Louisiana,160038,2026,2025,True,LA,0.808982,13.727339,0.852695,8.874728,9.966185,43.0,13.853302,122911.0,4.0,0.830539,11.658929,11.830768
IPEDS:160612,Southeastern Louisiana University,160612,2026,2025,True,LA,0.936527,14.585193,0.807186,8.580168,10.824013,43.0,14.585193,0.0,4.0,0.699401,10.725072,12.125128
IPEDS:160621,Southern University and A & M College,160621,2026,2025,True,LA,0.762275,13.543072,0.828743,8.705662,9.554157,54.0,12.443963,-507806.0,4.0,0.475449,9.602045,11.828685
IPEDS:160658,University of Louisiana at Lafayette,160658,2026,2025,True,LA,0.964072,15.046311,0.979641,10.297588,11.38276,39.0,15.046311,0.0,4.0,0.931737,13.124778,12.853657
IPEDS:160755,Tulane University of Louisiana,160755,2026,2025,True,LA,0.963473,15.046309,0.976647,10.250688,11.262132,44.0,15.216989,637236.0,4.0,0.955689,13.893694,13.875643
IPEDS:161253,University of Maine,161253,2026,2025,True,ME,0.878443,14.112989,0.913772,9.301369,10.399447,41.0,14.112989,0.0,2.0,0.911377,12.631546,12.318441
IPEDS:162283,Coppin State University,162283,2026,2025,True,MD,0.526347,12.821953,0.593413,8.006368,9.3563,32.0,12.821953,0.0,4.0,0.268862,7.824446,11.802201
IPEDS:163268,University of Maryland-Baltimore County,163268,2026,2025,True,MD,0.809581,13.734542,0.834132,8.742095,10.151061,36.0,13.734542,0.0,4.0,0.825749,11.575431,11.981209
IPEDS:163286,University of Maryland-College Park,163286,2026,2025,True,MD,0.950299,14.740436,0.951497,9.866979,11.102864,38.0,13.144997,-2010234.0,4.0,0.975449,14.570061,14.330111
IPEDS:163338,University of Maryland Eastern Shore,163338,2026,2025,True,MD,0.768263,13.56119,0.864671,8.934587,9.897677,39.0,13.530966,-23086.0,3.0,0.68024,10.63246,11.691624
IPEDS:163462,Mount St. Mary's University,163462,2026,2025,True,MD,0.800599,13.698191,0.804192,8.571492,9.766422,51.0,13.698191,0.0,4.0,0.868263,11.972778,11.646792
IPEDS:164076,Towson University,164076,2026,2025,True,MD,0.815569,13.750459,0.78503,8.477204,9.921865,46.0,13.750459,0.0,3.0,0.891018,12.304347,12.636604
IPEDS:164924,Boston College,164924,2026,2025,True,MA,0.971257,15.188536,0.978443,10.272185,11.427347,43.0,15.188536,0.0,4.0,0.972455,14.517113,13.709883
IPEDS:166027,Harvard University,166027,2026,2025,True,MA,0.805988,13.713646,0.916766,9.336092,10.312481,30.0,13.713646,0.0,4.0,0.960479,14.132605,12.256728
IPEDS:166124,College of the Holy Cross,166124,2026,2025,True,MA,0.694611,13.34218,0.855689,8.899185,9.678679,39.0,13.34218,0.0,4.0,0.927545,12.99775,11.93055
IPEDS:166513,University of Massachusetts-Lowell,166513,2026,2025,True,MA,0.854491,13.944606,0.883234,9.074521,10.307053,38.0,13.944606,0.0,4.0,0.897006,12.409054,12.307202
IPEDS:166629,University of Massachusetts-Amherst,166629,2026,2025,True,MA,0.745509,13.473419,0.901198,9.215129,9.918119,35.0,13.473419,0.0,4.0,0.951497,13.72061,13.359203
IPEDS:166850,Merrimack College,166850,2026,2025,True,MA,0.849701,13.902107,0.809581,8.588397,10.213264,40.0,13.902107,0.0,3.0,0.883234,12.155916,11.743839
IPEDS:167358,Northeastern University,167358,2026,2025,True,MA,0.943713,14.63916,0.933533,9.505916,10.877978,43.0,14.63916,0.0,4.0,0.885629,12.237285,12.53863
IPEDS:167996,Stonehill College,167996,2026,2025,True,MA,0.843713,13.875422,0.871856,9.00957,10.23787,38.0,13.875422,0.0,4.0,0.816766,11.52004,11.680396
IPEDS:169248,Central Michigan University,169248,2026,2025,True,MI,0.87006,14.053382,0.860479,8.918516,10.339841,41.0,14.053382,0.0,4.0,0.923353,12.910078,12.828172
IPEDS:169798,Eastern Michigan University,169798,2026,2025,True,MI,0.869461,14.044964,0.857485,8.91126,10.1738,48.0,14.044964,0.0,4.0,0.956886,13.926592,12.661029
IPEDS:170976,University of Michigan-Ann Arbor,170976,2026,2025,True,MI,0.972455,15.200009,0.97485,10.238888,11.462349,42.0,13.652386,-3143337.0,5.0,0.997605,15.405281,14.04102
IPEDS:171100,Michigan State University,171100,2026,2025,True,MI,0.948503,14.722633,0.955689,9.923486,11.03377,40.0,14.722633,0.0,4.0,0.976048,14.584758,14.017415
IPEDS:171571,Oakland University,171571,2026,2025,True,MI,0.80479,13.710263,0.907186,9.237274,10.154953,35.0,13.710263,0.0,5.0,0.843114,11.751115,11.873058
IPEDS:172699,Western Michigan University,172699,2026,2025,True,MI,0.810778,13.735499,0.84491,8.817298,10.239026,33.0,13.735499,0.0,4.0,0.944311,13.505332,12.810506
IPEDS:174066,University of Minnesota-Twin Cities,174066,2026,2025,True,MN,0.95509,14.820298,0.965269,9.99716,11.182726,38.0,12.754945,-2385067.0,4.0,0.981437,14.747763,14.129977
IPEDS:174914,St. Thomas University,137476,2026,2025,True,FL,0.759281,13.532783,0.74491,8.359369,9.869272,39.0,13.532783,0.0,7.0,0.794611,11.317361,11.060856
IPEDS:174914,University of St Thomas,174914,2026,2025,True,MN,0.865868,14.022175,0.837725,8.764053,10.411286,37.0,14.022175,0.0,4.0,0.867665,11.969553,12.24624
IPEDS:174914,University of St Thomas,227863,2026,2025,True,TX,0.504192,12.767917,0.755689,8.385489,8.742722,56.0,12.767917,0.0,4.0,0.365269,8.884195,10.7874
IPEDS:175342,Alcorn State University,175342,2026,2025,True,MS,0.663473,13.243563,0.87006,8.998631,9.688275,35.0,13.243563,0.0,2.0,0.75988,11.074715,11.87727
IPEDS:175856,Jackson State University,175856,2026,2025,True,MS,0.694012,13.340848,0.277844,7.46049,9.703321,38.0,13.340848,0.0,3.0,0.691018,10.680355,12.171543
IPEDS:176017,University of Mississippi,176017,2026,2025,True,MS,0.998802,16.172772,1.0,11.202057,12.483897,40.0,16.278757,1180881.0,4.0,0.983832,14.774543,14.990757
IPEDS:176017,Mississippi College,176053,2026,2025,True,MS,0.794012,13.661851,0.231138,7.34601,9.973017,40.0,13.661851,0.0,4.0,0.535928,9.921327,11.107555
IPEDS:176044,Mississippi Valley State University,176044,2026,2025,True,MS,0.273054,12.255634,0.440719,7.749753,8.759279,33.0,12.255634,0.0,2.0,0.262275,7.706613,11.302266
IPEDS:176080,Mississippi State University,176080,2026,2025,True,MS,0.993413,15.841837,0.986228,10.422281,12.12827,41.0,15.841837,0.0,4.0,0.977246,14.656827,14.482292
IPEDS:176372,University of Southern Mississippi,176372,2026,2025,True,MS,0.946108,14.679279,0.929341,9.469391,11.015733,39.0,14.679279,0.0,6.0,0.935329,13.22066,12.682797
IPEDS:177968,Lindenwood University,177968,2026,2025,True,MO,0.78503,13.62015,0.824551,8.674197,10.009276,37.0,13.62015,0.0,3.0,0.859281,11.882141,11.832012
IPEDS:178396,University of Missouri-Columbia,178396,2026,2025,True,MO,0.977844,15.33982,0.969461,10.118801,11.44801,49.0,15.33982,0.0,4.0,0.98024,14.719033,14.730544
IPEDS:179159,Saint Louis University,179159,2026,2025,True,MO,0.917964,14.415672,0.936527,9.58864,10.832172,36.0,14.415672,0.0,4.0,0.910778,12.631242,13.139071
IPEDS:179557,Southeast Missouri State University,179557,2026,2025,True,MO,0.832335,13.823041,0.898204,9.208839,10.212159,37.0,13.823041,0.0,4.0,0.853892,11.837376,12.27702
IPEDS:179566,Missouri State University-Springfield,179566,2026,2025,True,MO,0.924551,14.444977,0.946707,9.728777,11.011006,31.0,14.444977,0.0,4.0,0.928144,13.029507,12.52185
IPEDS:181002,Creighton University,181002,2026,2025,True,NE,0.952695,14.810237,0.964072,9.989436,11.199332,37.0,14.242489,-1171365.0,5.0,0.94012,13.365683,13.559551
IPEDS:181394,University of Nebraska at Omaha,181394,2026,2025,True,NE,0.863473,14.007514,0.871257,9.009081,10.22336,44.0,12.863486,-825716.0,3.0,0.896407,12.403788,11.917924
IPEDS:181464,University of Nebraska-Lincoln,181464,2026,2025,True,NE,0.983832,15.467288,0.986826,10.444357,11.729626,42.0,14.40058,-3421127.0,4.0,0.978443,14.690707,14.435578
IPEDS:182281,University of Nevada-Las Vegas,182281,2026,2025,True,NV,0.896407,14.252771,0.909581,9.267854,10.615209,38.0,13.634436,-714087.0,4.0,0.962874,14.231898,12.212785
IPEDS:182290,University of Nevada-Reno,182290,2026,2025,True,NV,0.938323,14.595741,0.964671,9.989803,10.932197,39.0,14.619046,51448.0,3.0,0.943114,13.494303,13.221222
IPEDS:182670,Dartmouth College,182670,2026,2025,True,NH,0.767665,13.560613,0.880838,9.071423,10.126665,31.0,13.560613,0.0,4.0,0.949701,13.661674,12.040956
IPEDS:184603,Fairleigh Dickinson University-Metropolitan Campus,184603,2026,2025,True,NJ,0.751497,13.49304,0.746108,8.362175,9.882171,37.0,13.49304,0.0,4.0,0.820359,11.536505,11.443758
IPEDS:185572,Monmouth College,147341,2026,2025,True,IL,0.175449,11.912238,0.31018,7.523481,8.248932,39.0,11.912238,0.0,3.0,0.682036,10.635952,10.77168
IPEDS:185572,Monmouth University,185572,2026,2025,True,NJ,0.883832,14.191019,0.853892,8.878776,10.453378,42.0,14.191019,0.0,3.0,0.909581,12.609071,12.174092
IPEDS:185828,New Jersey Institute of Technology,185828,2026,2025,True,NJ,0.899401,14.280439,0.89521,9.180293,10.642877,38.0,14.357587,127672.0,5.0,0.847904,11.779711,11.833014
IPEDS:186131,Princeton University,186131,2026,2025,True,NJ,0.812575,13.743013,0.912575,9.291459,10.309058,31.0,13.743013,0.0,4.0,0.95988,14.103119,12.394592
IPEDS:186283,Rider University,186283,2026,2025,True,NJ,0.753293,13.496202,0.744311,8.358197,10.062256,31.0,13.496202,0.0,3.0,0.728144,10.916669,11.84089
IPEDS:186380,Rutgers University-New Brunswick,186380,2026,2025,True,NJ,0.974251,15.240386,0.973653,10.234409,11.551516,40.0,15.240386,0.0,5.0,0.973054,14.527547,14.221654
IPEDS:186432,Saint Peter's University,186432,2026,2025,True,NJ,0.602994,13.079433,0.719162,8.297045,9.250885,46.0,13.079433,0.0,6.0,0.691617,10.686293,12.175541
IPEDS:186584,Seton Hall University,186584,2026,2025,True,NJ,0.926347,14.467887,0.937126,9.590283,10.804345,39.0,14.467887,0.0,6.0,0.895808,12.403307,13.314693
IPEDS:187985,University of New Mexico-Main Campus,187985,2026,2025,True,NM,0.894611,14.247718,0.868862,8.981933,10.558863,40.0,14.409328,270234.0,4.0,0.956287,13.918251,13.024338
IPEDS:188030,New Mexico State University-Main Campus,188030,2026,2025,True,NM,0.905389,14.328431,0.931138,9.476084,10.567256,43.0,14.328431,0.0,3.0,0.937126,13.280163,12.57331
IPEDS:189705,Canisius University,189705,2026,2025,True,NY,0.732934,13.444444,0.816766,8.639588,9.73093,41.0,13.444444,0.0,3.0,0.873653,12.029831,11.508295
IPEDS:190150,Columbia College,177065,2026,2025,True,MO,0.594012,13.052267,0.438323,7.745868,9.291157,43.0,13.052267,0.0,4.0,0.368263,8.917043,10.999262
IPEDS:190150,Columbia University in the City of New York,190150,2026,2025,True,NY,0.897605,14.267759,0.940719,9.661671,10.578905,40.0,14.267759,0.0,4.0,0.950898,13.698841,12.390621
IPEDS:190415,Cornell College,153162,2026,2025,True,IA,0.298204,12.309112,0.286228,7.478735,8.39731,50.0,12.548293,59907.0,4.0,0.7,10.726215,11.230868
IPEDS:190415,Cornell University,190415,2026,2025,True,NY,0.779042,13.60592,0.829341,8.707814,9.995046,37.0,13.60592,0.0,5.0,0.95509,13.839223,12.262174
IPEDS:191241,Fordham University,191241,2026,2025,True,NY,0.920958,14.431946,0.888024,9.128479,10.694299,42.0,14.431946,0.0,4.0,0.934731,13.220145,12.783478
IPEDS:191649,Hofstra University,191649,2026,2025,True,NY,0.905988,14.32854,0.895808,9.183586,10.717644,37.0,14.32854,0.0,4.0,0.865868,11.94346,12.382116
IPEDS:191931,Iona University,191931,2026,2025,True,NY,0.771257,13.576277,0.791617,8.512583,9.938738,38.0,13.576277,0.0,5.0,0.898802,12.489276,12.109419
IPEDS:192323,Le Moyne College,192323,2026,2025,True,NY,0.773054,13.57874,0.861078,8.920523,10.052421,34.0,13.591387,10044.0,3.0,0.816168,11.516878,11.264438
IPEDS:192448,Long Island University,192448,2026,2025,True,NY,0.847904,13.895864,0.835928,8.758255,10.258312,38.0,13.895864,0.0,4.0,0.872455,12.005998,11.612173
IPEDS:192703,Manhattan University,192703,2026,2025,True,NY,0.822156,13.786033,0.846707,8.830104,10.072502,41.0,13.887657,103860.0,5.0,0.809581,11.464575,11.604383
IPEDS:192819,Marist University,192819,2026,2025,True,NY,0.859281,13.988049,0.849102,8.856661,10.299203,40.0,13.988049,0.0,4.0,0.901198,12.513704,11.960281
IPEDS:193973,Niagara University,193973,2026,2025,True,NY,0.749701,13.482065,0.870659,9.00307,10.016373,32.0,13.482065,0.0,2.0,0.805988,11.424357,11.920668
IPEDS:195164,St Bonaventure University,195164,2026,2025,True,NY,0.813772,13.743975,0.883832,9.075551,10.030446,41.0,13.743975,0.0,3.0,0.886826,12.249664,12.546949
IPEDS:195474,Siena College,195474,2026,2025,True,NY,0.85988,13.991355,0.046707,6.496775,10.3538,38.0,13.93094,-69898.0,3.0,0.82994,11.646162,11.87294
IPEDS:195809,St. John's University-New York,195809,2026,2025,True,NY,0.91497,14.386347,0.927545,9.435322,10.77545,37.0,14.386347,0.0,4.0,0.922754,12.884748,13.510407
IPEDS:196060,University at Albany,196060,2026,2025,True,NY,0.77006,13.573633,0.817964,8.644883,10.047314,34.0,13.550762,-17753.0,4.0,0.892814,12.347702,12.355281
IPEDS:196079,Binghamton University,196079,2026,2025,True,NY,0.860479,13.997121,0.907784,9.239122,10.50064,33.0,14.188967,253600.0,4.0,0.829341,11.641802,11.901373
IPEDS:196097,Stony Brook University,196097,2026,2025,True,NY,0.910778,14.360965,0.92994,9.472474,10.647416,41.0,14.360965,0.0,4.0,0.908383,12.607898,12.624286
IPEDS:197197,Wagner College,197197,2026,2025,True,NY,0.833533,13.826283,0.490419,7.833996,9.955129,48.0,13.826283,0.0,4.0,0.850299,11.801265,11.634019
IPEDS:197869,Appalachian State University,197869,2026,2025,True,NC,0.922156,14.436147,0.943713,9.693137,10.772606,39.0,14.436147,0.0,4.0,0.946707,13.576474,12.946156
IPEDS:198136,Campbell University,198136,2026,2025,True,NC,0.932934,14.529806,0.941916,9.680844,10.816253,41.0,14.529806,0.0,4.0,0.90479,12.566136,12.016521
IPEDS:198385,Davidson College,198385,2026,2025,True,NC,0.891617,14.224759,0.807784,8.580544,10.535906,40.0,13.909321,-407335.0,5.0,0.914371,12.698464,11.957957
IPEDS:198419,Duke University,198419,2026,2025,True,NC,0.979641,15.412818,0.968862,10.074453,11.651626,43.0,14.954251,-1816882.0,4.0,0.990419,14.903771,13.820213
IPEDS:198464,East Carolina University,198464,2026,2025,True,NC,0.968862,15.12847,0.980838,10.315067,11.367282,43.0,15.131884,12710.0,4.0,0.948503,13.627121,13.728766
IPEDS:198516,Elon University,198516,2026,2025,True,NC,0.920359,14.427132,0.891617,9.139489,10.738274,40.0,14.427132,0.0,4.0,0.907784,12.599381,12.379761
IPEDS:198561,Gardner-Webb University,198561,2026,2025,True,NC,0.838323,13.844904,0.815569,8.610319,10.060756,44.0,13.844904,0.0,4.0,0.849102,11.794715,11.515851
IPEDS:198695,High Point University,198695,2026,2025,True,NC,0.906587,14.330112,0.876048,9.050758,10.545948,44.0,14.507222,324159.0,5.0,0.913772,12.684537,12.363555
IPEDS:199102,North Carolina A & T State University,199102,2026,2025,True,NC,0.871856,14.060341,0.854491,8.881142,10.396809,39.0,14.060341,0.0,4.0,0.900599,12.507088,12.640475
IPEDS:199111,University of North Carolina Asheville,199111,2026,2025,True,NC,0.779641,13.609885,0.875449,9.044404,9.94637,39.0,13.609885,0.0,5.0,0.748503,11.020103,11.592485
IPEDS:199120,University of North Carolina at Chapel Hill,199120,2026,2025,True,NC,0.987425,15.631875,0.993413,10.655281,11.719859,50.0,15.235049,-2014247.0,5.0,0.992216,14.987608,14.131561
IPEDS:199139,University of North Carolina at Charlotte,199139,2026,2025,True,NC,0.944311,14.643423,0.970659,10.178426,10.954561,40.0,15.066267,1204448.0,4.0,0.952096,13.72732,12.023783
IPEDS:199148,University of North Carolina at Greensboro,199148,2026,2025,True,NC,0.838922,13.848542,0.850898,8.865735,10.185017,39.0,13.848542,0.0,4.0,0.861078,11.897249,12.072198
IPEDS:199193,North Carolina State University at Raleigh,199193,2026,2025,True,NC,0.996407,16.001254,0.983234,10.322856,12.337696,39.0,15.543212,-3269555.0,4.0,0.987425,14.836446,14.094849
IPEDS:199218,University of North Carolina Wilmington,199218,2026,2025,True,NC,0.887425,14.202141,0.920958,9.364862,10.440969,43.0,14.202141,0.0,4.0,0.840719,11.740499,12.234616
IPEDS:199412,Queens University of Charlotte,199412,2026,2025,True,NC,0.864671,14.010567,0.931737,9.480215,10.399679,37.0,14.010567,0.0,5.0,0.822156,11.554921,11.243987
IPEDS:199847,Wake Forest University,199847,2026,2025,True,NC,0.982036,15.461031,0.979042,10.273222,11.772159,40.0,15.461031,0.0,4.0,0.962275,14.189206,14.055638
IPEDS:200004,Western Carolina University,200004,2026,2025,True,NC,0.82515,13.794814,0.892814,9.144628,10.081283,41.0,13.794814,0.0,6.0,0.834731,11.684009,12.148486
IPEDS:200332,North Dakota State University-Main Campus,200332,2026,2025,True,ND,0.877844,14.096401,0.930539,9.474472,10.407551,40.0,14.096401,0.0,4.0,0.908982,12.608343,12.333005
IPEDS:200800,University of Akron Main Campus,200800,2026,2025,True,OH,0.640719,13.173421,0.879641,9.06647,9.618138,35.0,13.173421,0.0,5.0,0.894611,12.389935,12.466539
IPEDS:201441,Bowling Green State University-Main Campus,201441,2026,2025,True,OH,0.82994,13.810723,0.080838,6.813445,10.227239,36.0,13.824453,13759.0,3.0,0.946108,13.570641,12.837709
IPEDS:201885,University of Cincinnati-Main Campus,201885,2026,2025,True,OH,0.959281,14.946407,0.965868,9.999298,11.25754,40.0,14.946407,0.0,4.0,0.964671,14.253365,12.24058
IPEDS:202480,University of Dayton,202480,2026,2025,True,OH,0.917365,14.411807,0.91497,9.308465,10.698257,41.0,13.80717,-823689.0,4.0,0.903593,12.557148,13.159033
IPEDS:203517,Kent State University at Kent,203517,2026,2025,True,OH,0.919162,14.421669,0.898802,9.21134,10.732811,40.0,14.421669,0.0,3.0,0.932335,13.128582,12.370065
IPEDS:204024,Miami University-Oxford,204024,2026,2025,True,OH,0.914371,14.383314,0.92515,9.423029,10.51214,48.0,14.383314,0.0,5.0,0.94491,13.564547,12.797528
IPEDS:204796,Ohio State University-Main Campus,204796,2026,2025,True,OH,0.973653,15.219614,0.984431,10.397208,11.556062,39.0,15.219614,0.0,4.0,0.989222,14.864173,14.15906
IPEDS:204857,Ohio University-Main Campus,204857,2026,2025,True,OH,0.856886,13.970142,0.845509,8.81789,10.359255,37.0,13.970142,0.0,4.0,0.930539,13.090315,12.793376
IPEDS:206084,University of Toledo,206084,2026,2025,True,OH,0.864072,14.008836,0.862874,8.925321,10.319988,40.0,14.008836,0.0,4.0,0.935928,13.275575,12.80376
IPEDS:206604,Wright State University-Main Campus,206604,2026,2025,True,OH,0.858084,13.975454,0.906587,9.236203,10.286607,40.0,13.975454,0.0,4.0,0.74012,10.968836,11.868016
IPEDS:206622,Xavier University,206622,2026,2025,True,OH,0.923353,14.443659,0.903593,9.226902,10.682482,43.0,13.039208,-1414034.0,4.0,0.917365,12.781725,12.40641
IPEDS:206695,Youngstown State University,206695,2026,2025,True,OH,0.797006,13.673365,0.852096,8.865876,9.984531,40.0,13.673365,0.0,4.0,0.897605,12.47655,12.065735
IPEDS:207388,Oklahoma State University-Main Campus,207388,2026,2025,True,OK,0.978443,15.341673,0.988623,10.505396,11.62811,41.0,14.941814,-1516253.0,4.0,0.970659,14.441309,14.462266
IPEDS:207500,University of Oklahoma-Norman Campus,207500,2026,2025,True,OK,0.991018,15.733311,0.992814,10.645615,12.044437,40.0,14.341637,-5113605.0,4.0,0.998204,15.439253,14.272785
IPEDS:207582,Oral Roberts University,207582,2026,2025,True,OK,0.947305,14.684695,0.928144,9.436599,10.995832,40.0,14.684695,0.0,4.0,0.883832,12.162194,12.055145
IPEDS:209542,Oregon State University,209542,2026,2025,True,OR,0.985629,15.57666,0.98982,10.561992,11.863094,41.0,15.57666,0.0,4.0,0.959281,14.041016,13.730205
IPEDS:209551,University of Oregon,209551,2026,2025,True,OR,0.984431,15.501503,0.987425,10.47506,11.717322,44.0,13.962158,-4239861.0,4.0,0.98982,14.865324,14.816548
IPEDS:209825,University of Portland,209825,2026,2025,True,OR,0.907784,14.332922,0.896407,9.188197,10.695358,38.0,14.332922,0.0,4.0,0.88503,12.23568,12.513046
IPEDS:211291,Bucknell University,211291,2026,2025,True,PA,0.828144,13.799639,0.837126,8.763428,10.188758,37.0,13.799639,0.0,4.0,0.906587,12.57804,11.811021
IPEDS:213385,Lafayette College,213385,2026,2025,True,PA,0.847305,13.889314,0.90479,9.23171,10.200471,40.0,13.889314,0.0,4.0,0.91497,12.70402,11.979787
IPEDS:213543,Lehigh University,213543,2026,2025,True,PA,0.866467,14.0249,0.765868,8.422443,10.263734,43.0,14.0249,0.0,4.0,0.915569,12.714882,11.849205
IPEDS:213987,Mercyhurst University,213987,2026,2025,True,PA,0.761078,13.541851,0.664671,8.159947,9.571627,53.0,13.541851,0.0,4.0,0.864671,11.923915,11.220284
IPEDS:214777,Pennsylvania State University-Main Campus,214777,2026,2025,True,PA,0.973054,15.200224,0.98503,10.405626,11.486662,41.0,13.982093,-2812419.0,4.0,0.994012,15.12592,14.101874
IPEDS:215062,University of Pennsylvania,215062,2026,2025,True,PA,0.71976,13.414893,0.864072,8.929833,9.859595,35.0,13.414893,0.0,5.0,0.947305,13.590262,12.352914
IPEDS:215293,University of Pittsburgh-Pittsburgh Campus,215293,2026,2025,True,PA,0.958084,14.884883,0.95988,9.954988,11.273978,37.0,14.884883,0.0,4.0,0.961078,14.138324,14.799733
IPEDS:215770,Saint Joseph's University - Philadelphia,215770,2026,2025,True,PA,0.850898,13.907548,0.846108,8.819518,10.269996,38.0,13.907548,0.0,4.0,0.818563,11.529488,12.426184
IPEDS:216597,Villanova University,216597,2026,2025,True,PA,0.907186,14.330235,0.949701,9.819508,10.692671,38.0,14.330235,0.0,4.0,0.922156,12.8613,13.058931
IPEDS:217156,Brown University,217156,2026,2025,True,RI,0.707186,13.36913,0.801198,8.560827,9.842821,34.0,13.36913,0.0,3.0,0.950299,13.673997,12.301096
IPEDS:217165,Bryant University,217165,2026,2025,True,RI,0.888024,14.202255,0.882635,9.073145,10.513402,40.0,14.202255,0.0,4.0,0.892216,12.33997,11.90737
IPEDS:217484,Rhode Island College,217420,2026,2025,True,RI,0.231737,12.125643,0.258683,7.421178,8.436975,40.0,12.125643,0.0,4.0,0.267665,7.789869,11.078907
IPEDS:217484,University of Rhode Island,217484,2026,2025,True,RI,0.861078,13.999319,0.921557,9.373479,10.41583,36.0,13.999319,0.0,3.0,0.920958,12.843036,13.194807
IPEDS:217688,Charleston Southern University,217688,2026,2025,True,SC,0.849102,13.900812,0.861677,8.921591,10.211968,40.0,13.900812,0.0,3.0,0.869461,11.981378,11.586678
IPEDS:217819,College of Charleston,217819,2026,2025,True,SC,0.912575,14.376701,0.893413,9.154933,10.425486,52.0,14.376701,0.0,4.0,0.879042,12.126743,12.289844
IPEDS:217819,University of Charleston,237312,2026,2025,True,WV,0.716168,13.402425,0.413772,7.707512,9.291642,61.0,13.453397,34597.0,5.0,0.723353,10.891876,11.078351
IPEDS:217864,Citadel Military College of South Carolina,217864,2026,2025,True,SC,0.87485,14.077516,0.911976,9.283312,10.439959,38.0,14.154609,104148.0,4.0,0.863473,11.918091,11.784852
IPEDS:217882,Clemson University,217882,2026,2025,True,SC,0.994012,15.862245,0.990419,10.577809,12.17337,40.0,15.862245,0.0,4.0,0.995808,15.179456,14.544784
IPEDS:218539,Presbyterian College,218539,2026,2025,True,SC,0.819162,13.761902,0.742515,8.351611,10.024276,42.0,13.761902,0.0,5.0,0.877844,12.111674,11.386863
IPEDS:218663,University of South Carolina-Columbia,218663,2026,2025,True,SC,0.994611,15.900707,0.974251,10.236848,12.139512,43.0,15.900707,0.0,4.0,0.980838,14.738132,13.60686
IPEDS:218724,Coastal Carolina University,218724,2026,2025,True,SC,0.983234,15.466265,0.998204,10.947151,11.728603,42.0,15.466265,0.0,4.0,0.945509,13.569265,12.996848
IPEDS:218742,University of South Carolina-Upstate,218742,2026,2025,True,SC,0.862275,14.004652,0.805988,8.575839,10.154543,47.0,14.004652,0.0,4.0,0.713772,10.813941,11.659318
IPEDS:218964,Winthrop University,218964,2026,2025,True,SC,0.814371,13.748543,0.831737,8.72437,9.836573,50.0,13.748543,0.0,4.0,0.729341,10.918247,11.6528
IPEDS:218973,Wofford College,218973,2026,2025,True,SC,0.898204,14.273037,0.873653,9.025576,10.488874,44.0,14.273037,0.0,4.0,0.870659,11.991808,11.875497
IPEDS:219356,South Dakota State University,219356,2026,2025,True,SD,0.760479,13.538484,0.859281,8.915298,9.849656,40.0,13.538484,0.0,3.0,0.893413,12.371015,12.310595
IPEDS:219602,Austin Peay State University,219602,2026,2025,True,TN,0.90479,14.327719,0.934132,9.510593,10.66418,39.0,14.327719,0.0,4.0,0.918563,12.814925,12.31091
IPEDS:219709,Belmont University,219709,2026,2025,True,TN,0.901198,14.301717,0.905988,9.234545,10.71822,36.0,14.301717,0.0,4.0,0.807784,11.449112,12.826499
IPEDS:219976,Lipscomb University,219976,2026,2025,True,TN,0.92515,14.450069,0.922754,9.395076,10.786528,39.0,14.450069,0.0,4.0,0.835928,11.702372,12.116618
IPEDS:220075,East Tennessee State University,220075,2026,2025,True,TN,0.966467,15.062267,0.87485,9.036463,11.506929,35.0,15.062267,0.0,4.0,0.899401,12.495262,11.936473
IPEDS:220862,University of Memphis,220862,2026,2025,True,TN,0.934731,14.555402,0.947305,9.73424,10.944502,37.0,14.555402,0.0,4.0,0.953293,13.759444,13.694528
IPEDS:220978,Middle Tennessee State University,220978,2026,2025,True,TN,0.881437,14.157508,0.904192,9.231515,10.396338,43.0,14.157508,0.0,4.0,0.928743,13.039755,12.930064
IPEDS:221759,The University of Tennessee-Knoxville,221759,2026,2025,True,TN,1.0,16.253133,0.985629,10.414003,12.245804,55.0,16.144406,-1179200.0,4.0,0.994611,15.133051,15.06445
IPEDS:221768,The University of Tennessee-Martin,221768,2026,2025,True,TN,0.817365,13.754781,0.874251,9.028818,10.228456,34.0,13.765368,10016.0,4.0,0.855689,11.852963,11.923683
IPEDS:221847,Tennessee Technological University,221847,2026,2025,True,TN,0.848503,13.897575,0.867066,8.960468,10.234049,39.0,13.897575,0.0,4.0,0.882635,12.154432,12.143479
IPEDS:221999,Vanderbilt University,221999,2026,2025,True,TN,0.998204,16.127561,0.997605,10.947045,12.298924,46.0,16.127561,0.0,4.0,0.974251,14.545822,14.733846
IPEDS:222178,Abilene Christian University,222178,2026,2025,True,TX,0.916168,14.395076,0.942515,9.680969,10.681527,41.0,14.308537,-148000.0,4.0,0.87006,11.987027,12.263185
IPEDS:223232,Baylor University,223232,2026,2025,True,TX,0.98024,15.440256,0.981437,10.316921,11.679064,43.0,15.440256,0.0,5.0,0.982635,14.756852,14.732692
IPEDS:224147,Texas A & M University-Corpus Christi,224147,2026,2025,True,TX,0.852695,13.920886,0.822754,8.660774,10.136735,44.0,13.920886,0.0,6.0,0.847305,11.777741,11.972203
IPEDS:224226,Dallas Baptist University,224226,2026,2025,True,TX,0.975449,15.280796,0.989222,10.531376,11.567233,41.0,15.397255,534655.0,7.0,0.821557,11.554797,12.364959
IPEDS:225399,Houston Christian University,225399,2026,2025,True,TX,0.855689,13.961529,0.830539,8.719644,10.247992,41.0,13.961529,0.0,4.0,0.848503,11.786108,11.561182
IPEDS:225511,University of Houston,225511,2026,2025,True,TX,0.961677,14.975529,0.948503,9.773834,11.125395,47.0,14.975529,0.0,4.0,0.957485,13.972347,14.689409
IPEDS:225627,University of the Incarnate Word,225627,2026,2025,True,TX,0.868263,14.03225,0.822156,8.660081,10.225623,45.0,14.03225,0.0,4.0,0.858084,11.870859,11.715523
IPEDS:226091,Lamar University,226091,2026,2025,True,TX,0.900599,14.297886,0.915569,9.313529,10.609031,40.0,14.297886,0.0,4.0,0.884431,12.234213,12.147585
IPEDS:227368,The University of Texas Rio Grande Valley,227368,2026,2025,True,TX,0.886826,14.200258,0.917365,9.352447,10.511405,40.0,14.200258,0.0,4.0,0.862275,11.908764,11.907107
IPEDS:227526,Prairie View A & M University,227526,2026,2025,True,TX,0.726946,13.43244,0.817365,8.640649,9.671302,43.0,13.43244,0.0,3.0,0.641317,10.455733,11.863927
IPEDS:227757,Rice University,227757,2026,2025,True,TX,0.965269,15.051351,0.956287,9.923633,11.313693,42.0,15.051351,0.0,4.0,0.940719,13.367157,12.820244
IPEDS:227881,Sam Houston State University,227881,2026,2025,True,TX,0.874251,14.075979,0.908982,9.261604,10.492487,36.0,14.075979,0.0,4.0,0.85988,11.893927,12.788682
IPEDS:228431,Stephen F Austin State University,228431,2026,2025,True,TX,0.8,13.692402,0.774251,8.435983,9.614931,59.0,13.692402,0.0,3.0,0.905988,12.577395,12.462968
IPEDS:228459,Texas State University,228459,2026,2025,True,TX,0.947904,14.695728,0.953293,9.878785,11.006865,40.0,14.695728,0.0,4.0,0.949102,13.657797,13.180595
IPEDS:228529,Tarleton State University,228529,2026,2025,True,TX,0.902994,14.316435,0.920359,9.358243,10.602887,41.0,14.316435,0.0,4.0,0.920359,12.830505,12.106103
IPEDS:228723,Texas A&M University-College Station,228723,2026,2025,True,TX,0.997006,16.014081,0.996407,10.843534,12.142886,48.0,15.565362,-3258379.0,4.0,0.996407,15.186699,14.617878
IPEDS:228769,The University of Texas at Arlington,228769,2026,2025,True,TX,0.861677,14.000931,0.924551,9.416053,10.337401,39.0,14.000931,0.0,5.0,0.874251,12.041864,12.118601
IPEDS:228778,The University of Texas at Austin,228778,2026,2025,True,TX,0.99521,15.908198,0.967665,10.05741,12.194631,41.0,15.536112,-2518787.0,4.0,0.997006,15.343296,14.852711
IPEDS:228778,Texas College,228884,2026,2025,True,TX,0.381437,12.520956,0.664072,8.158802,9.055334,32.0,12.520956,0.0,2.0,0.151497,0.0,10.50966
IPEDS:228875,Texas Christian University,228875,2026,2025,True,TX,0.995808,15.913907,0.997006,10.883692,12.20034,41.0,15.913907,0.0,4.0,0.965868,14.310008,14.563949
IPEDS:229027,The University of Texas at San Antonio,229027,2026,2025,True,TX,0.941916,14.625679,0.962874,9.98516,10.988109,38.0,14.625679,0.0,4.0,0.938323,13.297758,13.502687
IPEDS:229063,Texas Southern University,229063,2026,2025,True,TX,0.596407,13.061755,0.017365,5.863631,9.372959,40.0,13.061755,0.0,3.0,0.78503,11.23382,12.293406
IPEDS:229115,Texas Tech University,229115,2026,2025,True,TX,0.988024,15.646922,0.99521,10.762297,11.958049,40.0,14.688262,-3849207.0,4.0,0.97485,14.56205,14.558965
IPEDS:230038,Brigham Young University,230038,2026,2025,True,UT,0.970659,15.18806,0.977844,10.271631,11.474498,41.0,15.20839,81029.0,4.0,0.979641,14.707978,13.964644
IPEDS:230171,Utah Tech University,230171,2026,2025,True,UT,0.868862,14.036649,0.935928,9.576718,10.540167,33.0,14.036649,0.0,4.0,0.876647,12.104953,11.824549
IPEDS:230737,Utah Valley University,230737,2026,2025,True,UT,0.904192,14.319596,0.94012,9.649563,10.535432,44.0,14.319596,0.0,4.0,0.890419,12.286191,12.004287
IPEDS:230764,University of Utah,230764,2026,2025,True,UT,0.962275,14.98132,0.958084,9.944438,11.31777,39.0,13.495822,-2482143.0,4.0,0.967665,14.37376,14.109616
IPEDS:231624,William & Mary,231624,2026,2025,True,VA,0.882635,14.174688,0.881437,9.071423,10.485836,40.0,14.056771,-159298.0,3.0,0.879641,12.126992,12.047809
IPEDS:232186,George Mason University,232186,2026,2025,True,VA,0.875449,14.083198,0.885629,9.093582,10.394348,40.0,14.083198,0.0,6.0,0.902395,12.55085,12.460661
IPEDS:232423,James Madison University,232423,2026,2025,True,VA,0.939521,14.610722,0.934731,9.55471,10.897168,41.0,14.610722,1.0,4.0,0.941317,13.406432,12.800289
IPEDS:232557,Liberty University,232557,2026,2025,True,VA,0.943114,14.635536,0.932335,9.487442,10.971991,39.0,14.635536,0.0,5.0,0.954491,13.835861,13.889445
IPEDS:232566,Longwood University,232566,2026,2025,True,VA,0.88982,14.208173,0.842515,8.809714,10.424012,44.0,14.182637,-37337.0,4.0,0.826946,11.59046,12.061792
IPEDS:232937,Norfolk State University,232937,2026,2025,True,VA,0.702994,13.359058,0.739521,8.337349,9.803764,35.0,13.359058,0.0,2.0,0.802994,11.390068,12.703275
IPEDS:232982,Old Dominion University,232982,2026,2025,True,VA,0.929341,14.491055,0.956886,9.927497,10.802195,40.0,14.491055,0.0,4.0,0.941916,13.443718,12.676623
IPEDS:233277,Radford University,233277,2026,2025,True,VA,0.898802,14.275501,0.91976,9.356603,10.586646,40.0,14.275501,0.0,5.0,0.836527,11.703199,11.672226
IPEDS:233374,University of Richmond,233374,2026,2025,True,VA,0.922754,14.443617,0.928743,9.443909,10.730067,41.0,14.443617,0.0,4.0,0.92515,12.945075,12.967605
IPEDS:233921,Virginia Polytechnic Institute and State University,233921,2026,2025,True,VA,0.971856,15.193471,0.977246,10.259377,11.386819,45.0,14.088473,-2652951.0,4.0,0.986228,14.810042,13.967828
IPEDS:234030,Virginia Commonwealth University,234030,2026,2025,True,VA,0.909581,14.354288,0.892216,9.140883,10.616642,42.0,14.354288,0.0,4.0,0.902994,12.555666,13.049973
IPEDS:234076,University of Virginia-Main Campus,234076,2026,2025,True,VA,0.989222,15.671362,0.994611,10.744645,11.957797,41.0,15.671362,0.0,4.0,0.976647,14.643057,13.984217
IPEDS:234085,Virginia Military Institute,234085,2026,2025,True,VA,0.831737,13.816198,0.879042,9.066239,10.205316,37.0,13.816198,0.0,4.0,0.837725,11.712178,11.724911
IPEDS:235316,Gonzaga University,235316,2026,2025,True,WA,0.957485,14.872111,0.941317,9.679093,11.183245,40.0,14.902796,89635.0,4.0,0.923952,12.915292,13.212575
IPEDS:236595,Seattle University,236595,2026,2025,True,WA,0.91976,14.426339,0.94491,9.714202,10.929848,33.0,14.463247,69253.0,3.0,0.850898,11.819424,11.981916
IPEDS:236939,Washington State University,236939,2026,2025,True,WA,0.949102,14.736312,0.966467,10.013821,11.152807,36.0,13.884765,-1439593.0,4.0,0.958084,14.026748,13.659284
IPEDS:236948,Washington College,164216,2026,2025,True,MD,0.25988,12.212482,0.345509,7.5989,8.384064,46.0,12.212482,0.0,3.0,0.534731,9.919607,10.988069
IPEDS:236948,University of Washington-Seattle Campus,236948,2026,2025,True,WA,0.979042,15.384807,0.976048,10.243738,11.623616,43.0,13.539692,-4044317.0,4.0,0.984431,14.783426,14.277999
IPEDS:237525,Marshall University,237525,2026,2025,True,WV,0.976647,15.306165,0.957485,9.931783,11.617294,40.0,15.306165,0.0,4.0,0.938922,13.319404,12.86603
IPEDS:238032,West Virginia University,238032,2026,2025,True,WV,0.97485,15.256488,0.967066,10.024776,11.518828,42.0,15.256488,0.0,4.0,0.968862,14.389112,12.459823
IPEDS:240453,University of Wisconsin-Milwaukee,240453,2026,2025,True,WI,0.862874,14.006535,0.886826,9.107643,10.317688,40.0,14.006535,0.0,5.0,0.856287,11.853596,12.030468
IPEDS:243744,Stanford University,243744,2026,2025,True,CA,0.976048,15.284365,0.98024,10.298296,11.646787,38.0,15.284365,0.0,4.0,0.967066,14.348475,13.31757
IPEDS:243780,Purdue University-Main Campus,243780,2026,2025,True,IN,0.961078,14.970428,0.982036,10.319365,11.16378,45.0,13.083535,-2692804.0,4.0,0.977844,14.661708,14.292755
IPEDS:433660,Florida Gulf Coast University,433660,2026,2025,True,FL,0.867066,14.028769,0.902994,9.218309,10.339921,40.0,14.028769,0.0,4.0,0.873054,12.009833,11.91753
IPEDS:486840,Kennesaw State University,486840,2026,2025,True,GA,0.940719,14.61304,0.95509,9.905885,10.924178,40.0,14.61304,0.0,3.0,0.92994,13.079335,12.317202
NCAA:adams-state,Adams State University,126182,2026,2025,True,CO,0.497006,12.75234,0.574251,7.962764,8.968275,44.0,12.75234,0.0,3.0,0.575449,10.129347,11.253468
NCAA:adelphi,Adelphi University,188429,2026,2025,True,NY,0.682635,13.310046,0.820359,8.654169,9.672521,38.0,13.310046,0.0,3.0,0.60479,10.286571,10.99146
NCAA:adrian,Adrian College,168528,2026,2025,True,MI,0.537725,12.856589,0.441916,7.751045,8.594092,71.0,12.856589,0.0,5.0,0.649102,10.477457,11.296335
NCAA:albertus-magnus,Albertus Magnus College,128498,2026,2025,True,CT,0.134731,11.743751,0.065868,6.726233,7.937438,45.0,11.743751,0.0,6.0,0.607784,10.302297,11.050557
NCAA:albion,Albion College,168546,2026,2025,True,MI,0.293413,12.291966,0.453293,7.776115,8.340956,52.0,12.362397,15903.0,2.0,0.580838,10.151909,11.044984
NCAA:albright,Albright College,210571,2026,2025,True,PA,0.131737,11.733418,0.020958,5.996452,7.690815,57.0,11.733418,0.0,5.0,0.558084,10.031837,11.072838
NCAA:alfred,Alfred University,188641,2026,2025,True,NY,0.267665,12.235078,0.432335,7.735433,8.624335,37.0,12.196921,-7708.0,2.0,0.763473,11.100602,11.184408
NCAA:allegheny,Allegheny College,210669,2026,2025,True,PA,0.409581,12.58874,0.652096,8.129175,8.782227,45.0,12.58874,0.0,3.0,0.866467,11.950754,11.112955
NCAA:alma,Alma College,168591,2026,2025,True,MI,0.456287,12.66891,0.497605,7.844633,8.494724,65.0,12.66891,0.0,6.0,0.582635,10.15875,11.045877
NCAA:alvernia,Alvernia University,210775,2026,2025,True,PA,0.199401,12.016364,0.158084,7.130099,8.0277,54.0,12.1553,24659.0,5.0,0.795808,11.321511,10.99968
NCAA:american-international,American International College,164447,2026,2025,True,MA,0.7,13.355456,0.074251,6.782192,9.330191,56.0,13.355456,0.0,3.0,0.782635,11.222493,11.413182
NCAA:amherst,Amherst College,164465,2026,2025,True,MA,0.535928,12.850723,0.761078,8.403352,9.354299,33.0,12.850723,0.0,3.0,0.84491,11.758003,11.777963
NCAA:angelo-state,Angelo State University,222831,2026,2025,True,TX,0.720958,13.41577,0.716766,8.28778,9.565691,47.0,13.434364,12584.0,3.0,0.802395,11.386171,11.908966
NCAA:anna-maria,Anna Maria College,164492,2026,2025,True,MA,0.359281,12.462926,0.480838,7.824446,8.551092,50.0,12.462926,0.0,3.0,0.586228,10.176449,11.273868
NCAA:arcadia,Arcadia University,211088,2026,2025,True,PA,0.379641,12.507861,0.383234,7.665753,8.794437,41.0,12.507861,0.0,6.0,0.637725,10.440244,11.206115
NCAA:arkansas-fort-smith,University of Arkansas-Fort Smith,108092,2026,2025,True,AR,0.705988,13.3637,0.791018,8.510169,9.700198,39.0,13.351327,-7827.0,3.0,0.516168,9.816022,10.960201
NCAA:arkansas-monticello,University of Arkansas at Monticello,106485,2026,2025,True,AR,0.675449,13.273373,0.813772,8.596559,9.55987,41.0,13.273373,0.0,2.0,0.701198,10.728715,11.274732
NCAA:arkansas-technological,Arkansas Tech University,106467,2026,2025,True,AR,0.635329,13.164156,0.050299,6.55108,9.272428,49.0,13.164156,0.0,2.0,0.426347,9.311994,11.344945
NCAA:asbury,Asbury University,156213,2026,2025,True,KY,0.148503,11.798706,0.125749,7.000334,7.992374,45.0,11.798706,0.0,5.0,0.359281,8.841593,10.578954
NCAA:ashland,Ashland University,201104,2026,2025,True,OH,0.757485,13.520956,0.707784,8.265393,9.649818,48.0,13.520956,0.0,4.0,0.756287,11.063273,11.208396
NCAA:assumption,Assumption University,164562,2026,2025,True,MA,0.637725,13.167218,0.674251,8.194782,9.056459,61.0,12.976873,-90639.0,4.0,0.694611,10.699282,11.300128
NCAA:augsburg,Augsburg University,173045,2026,2025,True,MN,0.301796,12.32061,0.157485,7.130099,8.536613,44.0,12.32061,0.0,9.0,0.561677,10.045378,11.093615
NCAA:augusta,Augusta University,482149,2026,2025,True,GA,0.621557,13.124816,0.294012,7.49443,9.135938,54.0,13.155233,15480.0,5.0,0.418563,9.275379,11.301303
NCAA:aurora,Aurora University,143118,2026,2025,True,IL,0.468862,12.691707,0.461078,7.794823,9.028262,39.0,12.691707,0.0,4.0,0.771257,11.132294,11.416899
NCAA:austin,Austin College,222983,2026,2025,True,TX,0.335329,12.394401,0.290419,7.488853,8.283776,61.0,12.268291,-28607.0,4.0,0.455689,9.475547,11.305286
NCAA:averett,Averett University,231420,2026,2025,True,VA,0.198802,12.015874,0.309581,7.522941,8.254928,43.0,12.015874,0.0,4.0,0.721557,10.873622,10.9068
NCAA:azusa-pacific,Azusa Pacific University,109785,2026,2025,True,CA,0.820359,13.774384,0.69521,8.241176,9.924285,47.0,13.774384,0.0,4.0,0.308383,8.333751,11.707974
NCAA:babson,Babson College,164580,2026,2025,True,MA,0.443114,12.645904,0.615569,8.040769,8.839383,45.0,12.645904,0.0,3.0,0.719162,10.859441,11.462842
NCAA:baldwin-wallace,Baldwin Wallace University,201195,2026,2025,True,OH,0.532934,12.840838,0.320359,7.541152,8.697868,63.0,12.840838,0.0,3.0,0.80479,11.418252,10.929852
NCAA:bard,Bard College,189088,2026,2025,True,NY,0.344311,12.420014,0.588024,7.995307,8.864803,35.0,12.420014,0.0,3.0,0.68503,10.655163,11.138363
NCAA:barry,Barry University,132471,2026,2025,True,FL,0.738922,13.460188,0.369461,7.640604,9.63161,46.0,13.460188,0.0,4.0,0.517964,9.820106,11.319511
NCAA:barton,Barton College,197911,2026,2025,True,NC,0.677246,13.277077,0.384431,7.667158,,,13.277077,0.0,3.0,0.447305,9.425129,10.829927
NCAA:bates,Bates College,160977,2026,2025,True,ME,0.491617,12.742958,0.507784,7.85632,9.187709,35.0,12.885978,52604.0,2.0,0.788623,11.271351,11.323773
NCAA:belhaven,Belhaven University,175421,2026,2025,True,MS,0.583832,13.026418,0.710778,8.27614,8.949009,59.0,13.026418,0.0,3.0,0.815569,11.50961,11.159374
NCAA:belmont-abbey,Belmont Abbey College,197984,2026,2025,True,NC,0.780838,13.613593,0.317964,7.536897,,,13.613593,0.0,5.0,0.671257,10.57352,10.89431
NCAA:beloit,Beloit College,238333,2026,2025,True,WI,0.267066,12.234582,0.565269,7.948738,8.497112,42.0,12.234582,0.0,6.0,0.720958,10.870833,10.803933
NCAA:bemidji-state,Bemidji State University,173124,2026,2025,True,MN,0.460479,12.676779,0.457485,7.788212,8.599423,59.0,12.676779,0.0,4.0,0.81018,11.46576,12.184466
NCAA:benedict,Benedict College,217721,2026,2025,True,SC,0.494611,12.746211,0.672455,8.19174,9.345099,30.0,12.521817,-68993.0,1.0,0.534132,9.913685,11.30488
NCAA:bentley,Bentley University,164739,2026,2025,True,MA,0.588623,13.038973,0.711377,8.276649,9.301393,42.0,13.23867,101674.0,3.0,0.827545,11.591376,11.609199
NCAA:berea,Berea College,156295,2026,2025,True,KY,0.30479,12.326266,0.31497,7.531016,8.959094,29.0,11.96544,-68317.0,6.0,0.188623,5.983936,11.056257
NCAA:berry,Berry College,139144,2026,2025,True,GA,0.684431,13.314204,0.74012,8.338545,9.576603,42.0,13.431244,75211.0,3.0,0.695808,10.708735,11.145839
NCAA:bethany-lutheran,Bethany Lutheran College,173142,2026,2025,True,MN,0.442515,12.645781,0.371856,7.646831,8.733916,50.0,12.640313,-1693.0,6.0,0.51497,9.815366,11.057944
NCAA:biola,Biola University,110097,2026,2025,True,CA,0.767066,13.560007,0.750898,8.376781,9.82239,42.0,13.64283,66880.0,4.0,0.565269,10.064075,11.443779
NCAA:blackburn,Blackburn College,143288,2026,2025,True,IL,0.235329,12.132738,0.392216,7.675082,8.444069,40.0,12.132738,0.0,3.0,0.423353,9.30146,10.9277
NCAA:bluefield-state,Bluefield State University,237215,2026,2025,True,WV,0.338323,12.403763,0.397006,7.682482,8.969899,31.0,12.403763,0.0,3.0,0.356287,8.81937,10.846634
NCAA:bluffton,Bluffton University,201371,2026,2025,True,OH,0.223353,12.101318,0.059281,6.674561,8.230377,48.0,12.464386,78840.0,3.0,0.485629,9.654706,10.862646
NCAA:bob-jones,Bob Jones University,217749,2026,2025,True,SC,0.116168,11.635267,0.082036,6.821107,8.33966,27.0,11.635267,0.0,1.0,0.413772,9.243485,10.789628
NCAA:bowdoin,Bowdoin College,161004,2026,2025,True,ME,0.453892,12.664842,0.692814,8.238801,9.138585,34.0,13.216387,232868.0,4.0,0.803593,11.40378,11.648636
NCAA:brandeis,Brandeis University,165015,2026,2025,True,MA,0.462275,12.679564,0.599401,8.014666,9.042093,38.0,12.679564,0.0,5.0,0.645509,10.469171,11.336713
NCAA:brevard,Brevard College,198066,2026,2025,True,NC,0.303593,12.322174,0.305988,7.515345,8.244895,59.0,12.322174,0.0,4.0,0.277844,7.960673,10.873679
NCAA:bridgeport,University of Bridgeport,128744,2026,2025,True,CT,0.721557,13.420558,0.738323,8.33663,9.549427,48.0,13.565223,104865.0,5.0,0.405988,9.2013,11.373525
NCAA:bridgewater-state,Bridgewater State University,165024,2026,2025,True,MA,0.089222,11.492468,0.356886,7.622664,8.027048,32.0,11.537286,4491.0,4.0,0.298802,8.23695,10.95326
NCAA:buena-vista,Buena Vista University,153001,2026,2025,True,IA,0.44491,12.649719,0.47006,7.811163,8.778669,48.0,12.694748,14355.0,3.0,0.768862,11.127631,11.152329
NCAA:caldwell,Caldwell University,183910,2026,2025,True,NJ,0.52994,12.834524,0.260479,7.422374,9.223702,37.0,12.856905,8486.0,4.0,0.385629,9.032768,10.917467
NCAA:california-lutheran,California Lutheran University,110413,2026,2025,True,CA,0.405988,12.580009,0.397605,7.683864,8.795968,44.0,12.580009,0.0,4.0,0.607186,10.297386,11.363044
NCAA:calvin,Calvin University,169080,2026,2025,True,MI,0.445509,12.651809,0.573054,7.961021,8.938365,41.0,12.651809,0.0,5.0,0.676048,10.607154,11.240618
NCAA:cameron,Cameron University,206914,2026,2025,True,OK,0.591018,13.047079,0.601796,8.019942,9.309498,42.0,13.048659,733.0,3.0,0.282635,8.011355,10.970059
NCAA:capital,Capital University,201548,2026,2025,True,OH,0.508982,12.783374,0.622156,8.062433,8.912305,48.0,12.783374,0.0,9.0,0.683234,10.648587,11.164545
NCAA:carleton,Carleton College,173258,2026,2025,True,MN,0.139521,11.757533,0.246707,7.376508,8.202451,35.0,11.757525,-1.0,4.0,0.71976,10.859691,11.736605
NCAA:carson-newman,Carson-Newman University,219806,2026,2025,True,TN,0.762874,13.545337,0.676048,8.195885,9.340731,67.0,13.545337,0.0,3.0,0.146108,0.0,11.169872
NCAA:carthage,Carthage College,238476,2026,2025,True,WI,0.557485,12.936631,0.553293,7.930566,8.660136,72.0,13.435229,268421.0,5.0,0.865269,11.939917,11.347827
NCAA:catawba,Catawba College,198215,2026,2025,True,NC,0.701198,13.35713,0.703593,8.255828,9.746269,37.0,13.341896,-9560.0,6.0,0.439521,9.384882,11.231583
NCAA:cedarville,Cedarville University,201654,2026,2025,True,OH,0.606587,13.090809,0.528144,7.889459,9.479965,37.0,13.090809,0.0,3.0,0.50479,9.771897,10.905681
NCAA:centenary-louisiana,Centenary College of Louisiana,158477,2026,2025,True,LA,0.492216,12.744053,0.256886,7.41216,8.683777,58.0,12.744053,0.0,5.0,0.740719,10.980008,11.214075
NCAA:central-missouri,University of Central Missouri,176965,2026,2025,True,MO,0.796407,13.672375,0.713772,8.279697,9.611998,58.0,13.672375,0.0,6.0,0.753892,11.042874,11.346552
NCAA:central-oklahoma,University of Central Oklahoma,206941,2026,2025,True,OK,0.700599,13.356113,0.666467,8.171317,9.278667,59.0,13.435403,52124.0,3.0,0.552695,10.004283,11.481166
NCAA:central-washington,Central Washington University,234827,2026,2025,True,WA,0.571257,12.986138,0.721557,8.299037,9.489704,33.0,13.01045,10738.0,3.0,0.667665,10.552526,11.403245
NCAA:centre,Centre College,156408,2026,2025,True,KY,0.353293,12.445755,0.532934,7.900266,8.73234,41.0,12.445755,0.0,3.0,0.808982,11.455084,10.681206
NCAA:chapman,Chapman University,111948,2026,2025,True,CA,0.573054,12.989104,0.450299,7.765569,9.405665,36.0,12.989104,0.0,4.0,0.478443,9.613937,11.301315
NCAA:chatham,Chatham University,211556,2026,2025,True,PA,0.206587,12.053935,0.341317,7.586296,8.204055,47.0,12.053935,0.0,2.0,0.692216,10.686567,10.845446
NCAA:chestnut-hill,Chestnut Hill College,211583,2026,2025,True,PA,0.531138,12.835683,0.359281,7.623642,9.098123,42.0,12.815531,-7489.0,5.0,0.373054,8.97702,10.286298
NCAA:chowan,Chowan University,198303,2026,2025,True,NC,0.579042,13.010971,0.61976,8.051978,9.079258,51.0,13.010971,0.0,2.0,0.571856,10.112208,10.968284
NCAA:christian-brothers,Christian Brothers University,219833,2026,2025,True,TN,0.679042,13.296071,0.392814,7.675082,9.558471,42.0,13.145763,-83016.0,2.0,0.544311,9.956412,10.722672
NCAA:claflin,Claflin University,217873,2026,2025,True,SC,0.463473,12.6806,0.603593,8.022241,8.991842,40.0,12.6806,0.0,2.0,0.813772,11.500711,11.099846
NCAA:clark-atlanta,Clark Atlanta University,138947,2026,2025,True,GA,0.315569,12.349432,0.575449,7.96624,8.948361,30.0,12.53456,46944.0,1.0,0.278443,7.9735,11.269554
NCAA:clarke,Clarke University,153126,2026,2025,True,IA,0.911377,14.362369,0.465868,7.800573,10.268059,60.0,14.362369,0.0,4.0,0.553293,10.004509,10.889099
NCAA:clarkson,Clarkson University,190044,2026,2025,True,NY,0.333533,12.393195,0.549102,7.924796,8.655696,42.0,12.781843,114545.0,2.0,0.777246,11.187998,11.576323
NCAA:coe,Coe College,153144,2026,2025,True,IA,0.203593,12.043313,0.141317,7.065613,7.966116,59.0,12.043313,0.0,6.0,0.707186,10.764329,11.199816
NCAA:coker,Coker University,217907,2026,2025,True,SC,0.735928,13.456542,0.497006,7.843456,9.449286,55.0,13.546493,65734.0,4.0,0.230539,7.297091,10.728868
NCAA:colby,Colby College,161086,2026,2025,True,ME,0.538323,12.866379,0.625749,8.073403,9.105287,43.0,12.866379,0.0,7.0,0.812575,11.499516,11.718117
NCAA:colby-sawyer,Colby-Sawyer College,182634,2026,2025,True,NH,0.162874,11.852009,0.168862,7.154615,8.091108,43.0,11.852009,0.0,4.0,0.446108,9.422949,10.44039
NCAA:colorado-christian,Colorado Christian University,126669,2026,2025,True,CO,0.550898,12.920338,0.663473,8.15737,9.282842,38.0,12.920338,0.0,3.0,0.401198,9.150378,11.113075
NCAA:colorado-mesa,Colorado Mesa University,127556,2026,2025,True,CO,0.782635,13.614409,0.632934,8.082711,9.487349,62.0,13.631193,13843.0,5.0,0.837126,11.710989,11.512465
NCAA:columbus-state,Columbus State University,139366,2026,2025,True,GA,0.688623,13.327301,0.617964,8.045588,9.543181,44.0,13.327301,0.0,3.0,0.735928,10.953382,11.092687
NCAA:concord,Concord University,237330,2026,2025,True,WV,0.656886,13.216506,0.597006,8.011355,9.191254,56.0,13.216506,0.0,3.0,0.61018,10.322987,10.965073
NCAA:concordia-chicago,Concordia University-Chicago,144351,2026,2025,True,IL,0.570659,12.983678,0.761677,8.409385,9.246103,42.0,13.012504,12729.0,5.0,0.47485,9.595875,11.064151
NCAA:concordia-saint-paul,Concordia University-Saint Paul,173328,2026,2025,True,MN,0.646707,13.185697,0.794611,8.524764,9.522206,39.0,13.185697,0.0,4.0,0.781437,11.218487,11.231159
NCAA:concordia-wisconsin,Concordia University-Wisconsin,238616,2026,2025,True,WI,0.258084,12.210164,0.214371,7.305188,8.298385,50.0,12.370082,34825.0,3.0,0.733533,10.936725,10.866223
NCAA:covenant,Covenant College,139393,2026,2025,True,GA,0.205988,12.053038,0.15988,7.132498,8.102091,52.0,12.135591,14769.0,4.0,0.411377,9.230241,10.89046
NCAA:curry,Curry College,165529,2026,2025,True,MA,0.168862,11.880038,0.501796,7.848934,8.269369,37.0,11.880038,0.0,6.0,0.64491,10.464502,10.563052
NCAA:dallas,University of Dallas,224323,2026,2025,True,TX,0.249102,12.181452,0.482635,7.825245,8.598112,36.0,12.181452,0.0,3.0,0.235329,7.342132,11.386353
NCAA:dallas,Dallas College,224615,2026,2025,True,TX,0.804192,13.709924,0.061078,6.689599,,,13.709924,0.0,13.0,0.150898,0.0,11.111134
NCAA:davenport,Davenport University,169479,2026,2025,True,MI,0.773653,13.581223,0.741317,8.350194,9.774616,45.0,13.581223,0.0,7.0,0.768263,11.119972,11.095347
NCAA:davis-and-elkins,Davis & Elkins College,237358,2026,2025,True,WV,0.559281,12.938642,0.129341,7.021976,9.301145,38.0,13.091135,68543.0,3.0,0.479641,9.615472,10.764012
NCAA:dean,Dean College,165574,2026,2025,True,MA,0.151497,11.81471,0.083832,6.830874,7.883254,51.0,11.826231,1567.0,3.0,0.570659,10.103322,10.979803
NCAA:defiance,Defiance College,202514,2026,2025,True,OH,0.821557,13.784567,0.235928,7.355002,9.913414,48.0,13.486526,-249876.0,3.0,0.652096,10.489912,10.837068
NCAA:delaware-valley,Delaware Valley University,211981,2026,2025,True,PA,0.155689,11.829333,0.337725,7.578657,8.116053,41.0,11.829333,0.0,2.0,0.487425,9.669473,11.149096
NCAA:delta-state,Delta State University,175616,2026,2025,True,MS,0.614371,13.112321,0.49521,7.8411,9.374734,42.0,13.112321,0.0,3.0,0.664072,10.541888,11.184866
NCAA:denison,Denison University,202523,2026,2025,True,OH,0.628743,13.154362,0.722754,8.30028,9.347785,45.0,13.154362,0.0,3.0,0.727545,10.916052,11.485205
NCAA:depauw,DePauw University,150400,2026,2025,True,IN,0.361078,12.465294,0.508982,7.857868,8.776565,40.0,12.465294,0.0,2.0,0.677246,10.613615,11.332506
NCAA:desales,DeSales University,210739,2026,2025,True,PA,0.369461,12.486092,0.393413,7.675546,8.848645,38.0,12.550811,17693.0,7.0,0.577844,10.14148,10.766715
NCAA:dickinson,Dickinson College,212009,2026,2025,True,PA,0.197006,12.004978,0.098204,6.896694,8.367618,38.0,12.293021,54601.0,4.0,0.769461,11.12838,11.05108
NCAA:drew,Drew University,184348,2026,2025,True,NJ,0.216766,12.093604,0.387425,7.670429,8.309655,44.0,12.093604,0.0,8.0,0.492216,9.70802,10.934303
NCAA:drury,Drury University,177214,2026,2025,True,MO,0.770659,13.5743,0.768862,8.425955,9.745716,46.0,13.5743,0.0,4.0,0.65509,10.497367,11.146171
NCAA:dubuque,University of Dubuque,153278,2026,2025,True,IA,0.37485,12.497992,0.224551,7.329094,8.736949,43.0,12.528258,8229.0,4.0,0.772455,11.140049,11.152673
NCAA:dyouville,D'Youville  University,190716,2026,2025,True,NY,0.701796,13.357451,0.816168,8.622994,9.719924,38.0,13.357839,245.0,8.0,0.564072,10.063521,10.911756
NCAA:earlham,Earlham College,150455,2026,2025,True,IN,0.516168,12.797123,0.430539,7.734559,9.15964,38.0,12.797123,0.0,8.0,0.603593,10.276533,10.858787
NCAA:east-central,East Central College,177250,2026,2025,True,MO,0.382635,12.521992,0.588623,7.995644,8.71549,45.0,12.521992,0.0,3.0,0.179042,5.204007,10.721813
NCAA:east-central,East Central University,207041,2026,2025,True,OK,0.598204,13.067066,0.423353,7.722235,,,13.067066,0.0,2.0,0.563473,10.055264,11.051794
NCAA:east-texas-baptist,East Texas Baptist University,224527,2026,2025,True,TX,0.57006,12.979552,0.786826,8.484257,9.290763,40.0,12.979552,0.0,5.0,0.784431,11.233622,11.170182
NCAA:eastern,Eastern University,212133,2026,2025,True,PA,0.537126,12.851142,0.434132,7.739359,,,12.817969,-12439.0,6.0,0.757485,11.066873,10.970386
NCAA:eastern-connecticut-state,Eastern Connecticut State University,129215,2026,2025,True,CT,0.434132,12.633501,0.607784,8.034307,8.944749,40.0,12.633501,0.0,7.0,0.291617,8.14613,11.504329
NCAA:eckerd,Eckerd College,133492,2026,2025,True,FL,0.793413,13.661355,0.624551,8.073091,10.023812,38.0,13.661355,0.0,4.0,0.523952,9.860267,11.213468
NCAA:edgewood,Edgewood College,238661,2026,2025,True,WI,0.465269,12.683204,0.72994,8.320692,9.186796,33.0,12.700592,5653.0,5.0,0.383234,9.02389,10.91387
NCAA:edward-waters,Edward Waters University,133526,2026,2025,True,FL,0.61976,13.123455,0.365868,7.632401,8.833139,73.0,13.123455,0.0,4.0,0.05988,0.0,10.938414
NCAA:elizabethtown,Elizabethtown College,212197,2026,2025,True,PA,0.310778,12.340249,0.137126,7.055313,8.533779,45.0,12.340249,0.0,6.0,0.438922,9.384042,10.903531
NCAA:elmhurst,Elmhurst University,144962,2026,2025,True,IL,0.307186,12.335363,0.402395,7.687997,8.621966,41.0,12.593313,66978.0,6.0,0.754491,11.047392,11.262668
NCAA:elmira,Elmira College,190983,2026,2025,True,NY,0.11976,11.664255,0.192814,7.232733,8.00102,39.0,11.664255,0.0,2.0,0.499401,9.745429,10.833188
NCAA:emerson,Emerson College,165662,2026,2025,True,MA,0.420359,12.603381,0.773054,8.435549,8.965919,38.0,12.621673,5493.0,4.0,0.64012,10.45236,11.164757
NCAA:emory,Emory University,139658,2026,2025,True,GA,0.584431,13.027096,0.841916,8.804775,9.443654,36.0,13.480923,261068.0,3.0,0.589222,10.18539,11.700591
NCAA:emory-and-henry,Emory & Henry University,232025,2026,2025,True,VA,0.650898,13.196628,0.292814,7.491645,9.245479,52.0,13.196628,0.0,3.0,0.734132,10.936779,10.90636
NCAA:emporia-state,Emporia State University,155025,2026,2025,True,KS,0.786826,13.635274,0.646707,8.107117,9.897654,42.0,13.634995,-233.0,3.0,0.81497,11.508927,11.465886
NCAA:endicott,Endicott College,165699,2026,2025,True,MA,0.507186,12.778782,0.567665,7.956477,8.789948,54.0,12.77878,-1.0,5.0,0.579042,10.144471,10.551245
NCAA:erskine,Erskine College,217998,2026,2025,True,SC,0.799401,13.691356,0.32515,7.554859,,,13.691356,0.0,3.0,0.143713,0.0,10.880911
NCAA:eureka,Eureka College,144971,2026,2025,True,IL,0.177246,11.916482,0.215569,7.31055,8.066642,47.0,11.916482,0.0,2.0,0.288024,8.121777,10.833287
NCAA:fairmont-state,Fairmont State University,237367,2026,2025,True,WV,0.384431,12.527246,0.479042,7.822845,8.943854,36.0,12.639782,32845.0,2.0,0.453293,9.464517,11.08068
NCAA:farmingdale-state,Farmingdale State College,196042,2026,2025,True,NY,0.105988,11.588534,0.114371,6.977281,8.062479,34.0,11.607799,2098.0,2.0,0.116766,0.0,11.587003
NCAA:felician,Felician University,184612,2026,2025,True,NJ,0.786228,13.625287,0.799401,8.554682,9.582303,57.0,13.625287,0.0,5.0,0.511377,9.805213,10.599431
NCAA:ferrum,Ferrum College,232089,2026,2025,True,VA,0.431138,12.628559,0.41497,7.70886,8.534408,60.0,12.628559,0.0,3.0,0.767665,11.119246,10.885116
NCAA:findlay,The University of Findlay,202763,2026,2025,True,OH,0.618563,13.121471,0.033533,6.324359,9.229747,49.0,13.253504,70510.0,2.0,0.58503,10.173362,11.185823
NCAA:fitchburg-state,Fitchburg State University,165820,2026,2025,True,MA,0.108383,11.603853,0.414371,7.707962,7.993264,37.0,11.652,5402.0,6.0,0.310778,8.349957,10.4415
NCAA:flagler,Flagler College,133711,2026,2025,True,FL,0.823353,13.789922,0.517964,7.872455,10.052294,42.0,13.789922,0.0,4.0,0.674251,10.593304,11.23841
NCAA:florida-southern,Florida Southern College,134079,2026,2025,True,FL,0.853293,13.929223,0.644311,8.095599,9.625223,74.0,13.929223,0.0,5.0,0.613174,10.330388,11.24067
NCAA:fort-hays-state,Fort Hays State University,155061,2026,2025,True,KS,0.605988,13.09026,0.709581,8.273337,9.563967,34.0,13.09026,0.0,3.0,0.852096,11.822599,11.43425
NCAA:framingham-state,Framingham State University,165866,2026,2025,True,MA,0.136527,11.749688,0.577844,7.973155,8.223588,34.0,11.749688,0.0,4.0,0.245509,7.488294,11.377804
NCAA:francis-marion,Francis Marion University,218061,2026,2025,True,SC,0.742515,13.471205,0.424551,7.723562,9.208623,71.0,13.471205,0.0,3.0,0.353293,8.769352,11.44577
NCAA:franklin,Franklin College,150604,2026,2025,True,IN,0.265269,12.229926,0.323952,7.549609,8.380003,47.0,12.290671,12828.0,3.0,0.482635,9.624699,11.017481
NCAA:franklin-and-marshall,Franklin and Marshall College,212577,2026,2025,True,PA,0.514371,12.795677,0.77006,8.429018,9.240423,35.0,12.729768,-23004.0,7.0,0.767066,11.119172,11.286
NCAA:franklin-pierce,Franklin Pierce University,182795,2026,2025,True,NH,0.705389,13.363014,0.182036,7.193686,9.431267,51.0,13.363014,0.0,3.0,0.639521,10.450655,11.163325
NCAA:fresno-pacific,Fresno Pacific University,114813,2026,2025,True,CA,0.788623,13.645354,0.798204,8.54091,9.694171,52.0,13.674648,25076.0,4.0,0.448503,9.430921,11.268175
NCAA:frostburg-state,Frostburg State University,162584,2026,2025,True,MD,0.553293,12.928038,0.541317,7.914618,9.099506,46.0,12.928038,0.0,6.0,0.461078,9.499871,11.254401
NCAA:gannon,Gannon University,212601,2026,2025,True,PA,0.651497,13.198281,0.616766,8.042378,9.369723,46.0,13.198281,0.0,4.0,0.797605,11.340154,11.130669
NCAA:geneva,Geneva College,212656,2026,2025,True,PA,0.200599,12.022426,0.303593,7.513164,8.216028,45.0,12.022426,0.0,3.0,0.608383,10.30384,10.913414
NCAA:george-fox,George Fox University,208822,2026,2025,True,OR,0.55988,12.939046,0.658084,8.144389,8.79606,63.0,13.044884,46471.0,7.0,0.739521,10.964796,11.267639
NCAA:georgian-court,Georgian Court University,184773,2026,2025,True,NJ,0.797605,13.684913,0.203593,7.268223,9.834818,47.0,13.688923,3526.0,3.0,0.432335,9.350015,11.145392
NCAA:gettysburg,Gettysburg College,212674,2026,2025,True,PA,0.518563,12.801053,0.643713,8.094684,8.869365,51.0,12.801053,0.0,5.0,0.826347,11.584027,11.284807
NCAA:glenville-state,Glenville State University,237385,2026,2025,True,WV,0.379042,12.506784,0.088024,6.851185,8.79336,41.0,13.07349,205987.0,2.0,0.505988,9.776222,11.060133
NCAA:goldey-beacom,Goldey-Beacom College,130989,2026,2025,True,DE,0.54491,12.896328,0.639521,8.090709,9.0678,46.0,12.896328,0.0,6.0,0.380838,8.998878,10.347564
NCAA:gordon,Gordon College,165936,2026,2025,True,MA,0.289222,12.282585,0.249102,7.387709,8.699228,36.0,12.540052,63400.0,3.0,0.511976,9.806701,10.887867
NCAA:grand-valley-state,Grand Valley State University,170082,2026,2025,True,MI,0.764072,13.551143,0.79521,8.528133,9.813526,42.0,13.5661,11569.0,4.0,0.800599,11.373445,11.646109
NCAA:greensboro,Greensboro College,198598,2026,2025,True,NC,0.257485,12.209975,0.358084,7.623153,8.318394,49.0,12.209975,0.0,6.0,0.402395,9.16115,10.840894
NCAA:greenville,Greenville University,145372,2026,2025,True,IL,0.214371,12.085598,0.272455,7.446585,8.396939,40.0,12.460633,80679.0,3.0,0.497006,9.739084,10.964519
NCAA:grinnell,Grinnell College,153384,2026,2025,True,IA,0.376647,12.502864,0.589222,7.998335,8.765347,42.0,12.502864,0.0,5.0,0.664671,10.542469,11.368951
NCAA:guilford,Guilford College,198613,2026,2025,True,NC,0.164671,11.862469,0.181437,7.192182,8.101565,43.0,12.040172,27584.0,2.0,0.435928,9.36666,10.801655
NCAA:gustavus-adolphus,Gustavus Adolphus College,173647,2026,2025,True,MN,0.446108,12.653486,0.408383,7.695758,8.419596,69.0,12.653486,0.0,6.0,0.741916,10.98414,11.357954
NCAA:gwynedd-mercy,Gwynedd Mercy University,212832,2026,2025,True,PA,0.12515,11.693479,0.136527,7.050989,8.197238,33.0,11.693479,0.0,4.0,0.422156,9.296977,11.119824
NCAA:hamilton,Hamilton College,191515,2026,2025,True,NY,0.577246,13.002379,0.688024,8.224164,9.338903,39.0,13.002379,0.0,3.0,0.778443,11.20106,11.776965
NCAA:hamline,Hamline University,173665,2026,2025,True,MN,0.486228,12.735465,0.827545,8.695841,8.997916,42.0,12.735465,0.0,6.0,0.524551,9.862561,10.685241
NCAA:hanover,Hanover College,150756,2026,2025,True,IN,0.260479,12.213242,0.472455,7.815611,8.406798,45.0,12.213242,0.0,2.0,0.765269,11.111582,11.213778
NCAA:hardin-simmons,Hardin-Simmons University,225247,2026,2025,True,TX,0.39521,12.551076,0.398802,7.684324,8.639227,50.0,12.63357,24284.0,3.0,0.481437,9.618203,11.314487
NCAA:harding,Harding University,107044,2026,2025,True,AR,0.781437,13.614115,0.304192,7.514255,9.785529,46.0,13.693081,67179.0,3.0,0.747904,11.017826,11.497345
NCAA:haverford,Haverford College,212911,2026,2025,True,PA,0.441916,12.645691,0.841317,8.799812,9.149287,33.0,12.644324,-424.0,5.0,0.581437,10.152416,11.160755
NCAA:hawaii-hilo,University of Hawaii at Hilo,141565,2026,2025,True,HI,0.746108,13.473555,0.770659,8.430763,9.413193,58.0,13.473555,0.0,8.0,0.449701,9.438034,11.217695
NCAA:hawaii-pacific,Hawaii Pacific University,141644,2026,2025,True,HI,0.702395,13.357453,0.81497,8.603554,9.573331,44.0,13.357453,0.0,7.0,0.319162,8.430545,11.134881
NCAA:heidelberg,Heidelberg University,203085,2026,2025,True,OH,0.378443,12.506473,0.429341,7.727535,8.594632,50.0,12.506473,0.0,4.0,0.673653,10.592325,10.918591
NCAA:henderson-state,Henderson State University,107071,2026,2025,True,AR,0.589222,13.041557,0.24491,7.372118,9.016324,56.0,13.041557,0.0,2.0,0.594611,10.212148,11.253831
NCAA:hendrix,Hendrix College,107080,2026,2025,True,AR,0.430539,12.627792,0.535928,7.907652,8.533641,60.0,12.627792,0.0,9.0,0.765868,11.114774,11.031853
NCAA:hilbert,Hilbert College,191621,2026,2025,True,NY,0.301198,12.319022,0.581437,7.980366,8.735659,36.0,12.794037,136149.0,5.0,0.529341,9.886036,10.79524
NCAA:hiram,Hiram College,203128,2026,2025,True,OH,0.228743,12.113881,0.247305,7.376508,8.106843,55.0,12.113881,0.0,4.0,0.538922,9.934841,10.789917
NCAA:holy-family,Holy Family University,212984,2026,2025,True,PA,0.74012,13.464562,0.138922,7.057898,,,13.319488,-95072.0,4.0,0.284431,8.057694,10.900602
NCAA:hood,Hood College,162760,2026,2025,True,MD,0.21018,12.066017,0.343114,7.591862,8.510865,35.0,12.066017,0.0,3.0,0.434132,9.355047,10.647756
NCAA:hope,Hope College,170301,2026,2025,True,MI,0.208982,12.065505,0.317365,7.536897,8.428132,38.0,12.124532,10566.0,3.0,0.785629,11.242874,11.210779
NCAA:houghton,Houghton University,191676,2026,2025,True,NY,0.153293,11.815863,0.320958,7.543803,8.031991,44.0,11.815863,0.0,4.0,0.408982,9.221676,10.809223
NCAA:howard-payne,Howard Payne University,225548,2026,2025,True,TX,0.230539,12.117045,0.232934,7.349874,8.379599,42.0,12.211279,18080.0,2.0,0.446707,9.42408,11.030898
NCAA:huntingdon,Huntingdon College,101435,2026,2025,True,AL,0.608982,13.097607,0.695808,8.24144,9.226503,48.0,13.244747,77320.0,3.0,0.723952,10.895442,11.376349
NCAA:husson,Husson University,487524,2026,2025,True,ME,0.474251,12.706899,0.765269,8.420682,8.993449,41.0,12.801125,32608.0,4.0,0.688024,10.671603,10.980944
NCAA:illinois-springfield,University of Illinois Springfield,148654,2026,2025,True,IL,0.679641,13.301955,0.71018,8.274867,9.410214,49.0,13.301955,0.0,4.0,0.582036,10.153078,11.044089
NCAA:illinois-wesleyan,Illinois Wesleyan University,145646,2026,2025,True,IL,0.246108,12.172485,0.249701,7.388328,8.260715,50.0,12.172485,0.0,5.0,0.736527,10.954851,11.019334
NCAA:immaculata,Immaculata University,213011,2026,2025,True,PA,0.061677,11.275531,0.079641,6.810142,7.491886,44.0,11.275531,0.0,4.0,0.279641,7.99497,10.727356
NCAA:ithaca,Ithaca College,191968,2026,2025,True,NY,0.42994,12.627283,0.546707,7.920447,8.843235,44.0,12.627283,0.0,3.0,0.782036,11.221155,11.279012
NCAA:jamestown,University of Jamestown,200156,2026,2025,True,ND,0.686228,13.321814,0.523952,7.881937,9.278855,57.0,13.321814,0.0,5.0,0.823952,11.568266,10.990634
NCAA:jefferson,Jefferson College,177676,2026,2025,True,MO,0.429341,12.626873,0.543713,7.915348,9.13047,33.0,12.626873,0.0,4.0,0.198802,6.419995,10.819798
NCAA:john-carroll,John Carroll University,203368,2026,2025,True,OH,0.288024,12.278291,0.248503,7.380256,8.15144,62.0,12.278291,0.0,5.0,0.653293,10.492301,11.081604
NCAA:johns-hopkins,Johns Hopkins University,162928,2026,2025,True,MD,0.62994,13.156666,0.727545,8.310169,9.37256,44.0,13.156666,0.0,4.0,0.862874,11.918031,11.748124
NCAA:juniata,Juniata College,213251,2026,2025,True,PA,0.261078,12.215399,0.25988,7.421776,8.386981,46.0,12.396788,40149.0,5.0,0.731138,10.922172,11.058559
NCAA:kalamazoo,Kalamazoo College,170532,2026,2025,True,MI,0.560479,12.939666,0.81018,8.588397,9.155579,44.0,12.939666,0.0,7.0,0.693413,10.687458,10.965176
NCAA:kean,Kean University,185262,2026,2025,True,NJ,0.37006,12.486281,0.597605,8.012018,8.875499,37.0,12.486281,0.0,8.0,0.608982,10.304443,11.53586
NCAA:keene-state,Keene State College,183062,2026,2025,True,NH,0.449102,12.661546,0.702994,8.254269,8.97279,40.0,12.661546,0.0,5.0,0.514371,9.814711,11.257465
NCAA:kentucky-state,Kentucky State University,157058,2026,2025,True,KY,0.494012,12.745652,0.899401,9.213136,9.344539,30.0,12.745652,0.0,3.0,0.074251,0.0,10.904064
NCAA:kentucky-wesleyan,Kentucky Wesleyan College,157076,2026,2025,True,KY,0.717365,13.406191,0.654491,8.135347,9.535061,48.0,13.385406,-13661.0,5.0,0.61976,10.35383,10.895405
NCAA:kenyon,Kenyon College,203535,2026,2025,True,OH,0.256287,12.208445,0.220958,7.32251,8.42447,44.0,12.208445,0.0,3.0,0.801796,11.380879,10.816011
NCAA:keuka,Keuka College,192192,2026,2025,True,NY,0.094611,11.529124,0.216766,7.315218,7.91856,37.0,11.529124,0.0,3.0,0.358084,8.831858,10.840287
NCAA:keystone,Keystone College,213303,2026,2025,True,PA,0.475449,12.70868,0.697605,8.244597,8.971134,42.0,12.70868,0.0,3.0,0.48503,9.652459,10.827766
NCAA:knox,Knox College,146427,2026,2025,True,IL,0.273653,12.256847,0.456287,7.784889,8.428419,46.0,11.660121,-94559.0,3.0,0.67485,10.604528,10.955096
NCAA:lagrange,LaGrange College,140234,2026,2025,True,GA,0.428743,12.620048,0.464671,7.798113,8.688388,51.0,12.620048,0.0,3.0,0.616766,10.350031,10.790452
NCAA:lake-erie,Lake Erie College,203580,2026,2025,True,OH,0.695808,13.34413,0.431737,7.734996,9.373921,53.0,13.34413,0.0,3.0,0.621557,10.360849,11.073521
NCAA:lakeland,Lakeland University,238980,2026,2025,True,WI,0.225749,12.105661,0.198802,7.252054,8.579483,34.0,12.153373,8840.0,2.0,0.598802,10.248105,10.816473
NCAA:lancaster-bible,Lancaster Bible College,213400,2026,2025,True,PA,0.167665,11.875462,0.382036,7.664816,8.320351,35.0,12.153684,46095.0,7.0,0.372455,8.971448,10.856342
NCAA:lander,Lander University,218229,2026,2025,True,SC,0.817964,13.758237,0.406587,7.692113,,,14.083451,362933.0,3.0,0.484431,9.650915,11.712219
NCAA:lane,Lane College,220598,2026,2025,True,TN,0.326347,12.375089,0.339521,7.582738,9.117098,26.0,12.375089,0.0,2.0,0.399401,9.134754,11.085092
NCAA:lasell,Lasell University,166391,2026,2025,True,MA,0.31976,12.358768,0.608383,8.034307,8.721341,38.0,12.358768,0.0,4.0,0.449102,9.435801,10.964225
NCAA:lawrence,Lawrence University,239017,2026,2025,True,WI,0.297006,12.306497,0.349701,7.607878,8.723136,36.0,12.306497,0.0,4.0,0.707784,10.767621,11.127028
NCAA:lebanon-valley,Lebanon Valley College,213507,2026,2025,True,PA,0.286228,12.276587,0.558084,7.941651,8.492598,44.0,12.278807,477.0,7.0,0.746707,11.007054,11.102985
NCAA:lee,Lee University,220613,2026,2025,True,TN,0.741317,13.46822,0.582036,7.980366,9.730608,42.0,13.46822,0.0,3.0,0.539521,9.943621,11.334122
NCAA:lenoir-rhyne,Lenoir-Rhyne University,198835,2026,2025,True,NC,0.713772,13.395572,0.474251,7.818028,9.284789,61.0,13.395572,0.0,4.0,0.72515,10.903531,11.44561
NCAA:lesley,Lesley University,166452,2026,2025,True,MA,0.037725,11.000198,0.202994,7.266827,7.909506,22.0,11.000198,0.0,3.0,0.382036,9.009081,10.667652
NCAA:letourneau,LeTourneau University,226231,2026,2025,True,TX,0.515569,12.796464,0.788024,8.501267,9.107693,40.0,12.796464,0.0,4.0,0.572455,10.113059,10.996316
NCAA:lewis,Lewis University,146612,2026,2025,True,IL,0.706587,13.368492,0.562874,7.947325,9.561898,45.0,13.368492,0.0,3.0,0.616168,10.348398,11.291742
NCAA:lewis-and-clark,Lewis & Clark College,209056,2026,2025,True,OR,0.308383,12.337083,0.718563,8.29355,8.96991,29.0,12.337083,0.0,5.0,0.656287,10.502873,11.229833
NCAA:lincoln-memorial,Lincoln Memorial University,220631,2026,2025,True,TN,0.726347,13.430762,0.522754,7.880426,9.793231,38.0,13.412301,-12450.0,5.0,0.811377,11.491487,11.041785
NCAA:linfield,Linfield University,209065,2026,2025,True,OR,0.450898,12.661981,0.586826,7.99362,8.877927,44.0,13.05973,154123.0,5.0,0.641916,10.459698,11.046499
NCAA:loras,Loras College,153825,2026,2025,True,IA,0.316168,12.350398,0.149102,7.088409,8.239784,61.0,12.350398,0.0,7.0,0.758683,11.072558,11.112821
NCAA:louisiana-roche,La Roche University,213358,2026,2025,True,PA,0.099401,11.562039,0.158683,7.130899,7.898839,39.0,11.562039,0.0,3.0,0.314371,8.395703,10.621864
NCAA:louisiana-verne,University of La Verne,117140,2026,2025,True,CA,0.47006,12.693904,0.416766,7.711549,8.865401,46.0,12.83044,47657.0,6.0,0.031138,0.0,11.465509
NCAA:lubbock-christian,Lubbock Christian University,226383,2026,2025,True,TX,0.776647,13.601872,0.789222,8.503297,9.864253,42.0,13.601872,0.0,5.0,0.632335,10.420255,11.15075
NCAA:luther,Luther College,153834,2026,2025,True,IA,0.362275,12.467352,0.152096,7.113142,8.575716,49.0,12.48122,3627.0,5.0,0.714371,10.819838,11.117138
NCAA:lycoming,Lycoming College,213668,2026,2025,True,PA,0.339521,12.405128,0.491617,7.835184,8.69172,41.0,12.698975,83362.0,3.0,0.742515,10.9892,11.022327
NCAA:lynchburg,University of Lynchburg,232609,2026,2025,True,VA,0.528144,12.826601,0.032335,6.276643,8.955526,48.0,12.826601,0.0,4.0,0.647305,10.472827,11.1628
NCAA:lynn,Lynn University,132657,2026,2025,True,FL,0.805389,13.710931,0.769461,8.427487,9.949777,43.0,13.710931,0.0,2.0,0.420359,9.285448,11.289194
NCAA:lyon,Lyon College,106342,2026,2025,True,AR,0.402994,12.574625,0.412575,7.705262,8.623557,52.0,12.574625,0.0,4.0,0.813174,11.500002,10.914234
NCAA:macalester,Macalester College,173902,2026,2025,True,MN,0.508383,12.779679,0.408982,7.695758,9.116224,39.0,12.852063,26644.0,8.0,0.722754,10.88296,11.34621
NCAA:malone,Malone University,203775,2026,2025,True,OH,0.764671,13.551157,0.441317,7.750184,9.361587,66.0,13.551157,0.0,11.0,0.513772,9.814492,10.584436
NCAA:manchester,Manchester University,151777,2026,2025,True,IN,0.202395,12.033842,0.05988,6.677083,7.814732,68.0,12.123549,15801.0,4.0,0.623353,10.367599,11.031934
NCAA:manhattanville,Manhattanville University,192749,2026,2025,True,NY,0.144311,11.784204,0.047904,6.522093,7.852759,51.0,11.844335,8129.0,4.0,0.491617,9.691098,10.96348
NCAA:maranatha-baptist,Maranatha Baptist University,239071,2026,2025,True,WI,0.01497,10.544552,0.201796,7.26473,7.600587,19.0,10.736918,8054.0,4.0,0.330539,8.551401,10.449294
NCAA:marietta,Marietta College,203845,2026,2025,True,OH,0.261677,12.217136,0.216168,7.314553,8.456144,43.0,12.275603,12176.0,4.0,0.702994,10.740129,10.999981
NCAA:mars-hill,Mars Hill University,198899,2026,2025,True,NC,0.754491,13.50015,0.483832,7.825645,9.3731,62.0,13.50015,0.0,2.0,0.688623,10.674406,10.877689
NCAA:martin-luther,Martin Luther College,173452,2026,2025,True,MN,0.085629,11.468482,0.587425,7.993958,8.578288,18.0,11.468482,0.0,3.0,0.092814,0.0,10.993479
NCAA:mary,University of Mary,200217,2026,2025,True,ND,0.552695,12.927312,0.568263,7.956477,9.035608,49.0,12.927312,0.0,3.0,0.779641,11.20436,10.966887
NCAA:mary-baldwin,Mary Baldwin University,232672,2026,2025,True,VA,0.215569,12.090645,0.291018,7.489412,8.401984,40.0,12.090645,0.0,3.0,0.435329,9.357725,10.768106
NCAA:mary-hardin-baylor,University of Mary Hardin-Baylor,226471,2026,2025,True,TX,0.488024,12.740174,0.346108,7.5989,8.751346,54.0,12.740174,0.0,3.0,0.774251,11.158377,11.347272
NCAA:mary-washington,University of Mary Washington,232681,2026,2025,True,VA,0.323952,12.371786,0.405389,7.690743,8.587779,44.0,12.361639,-2383.0,3.0,0.483832,9.636,11.337429
NCAA:marywood,Marywood University,213826,2026,2025,True,PA,0.213772,12.084984,0.137725,7.055313,8.193434,49.0,12.493568,89426.0,4.0,0.392216,9.098403,10.498967
NCAA:mcdaniel,McDaniel College,164270,2026,2025,True,MD,0.398204,12.561188,0.48024,7.824046,8.872445,40.0,12.552279,-2530.0,5.0,0.709581,10.788246,11.094755
NCAA:mckendree,McKendree University,147013,2026,2025,True,IL,0.765868,13.556867,0.280838,7.470794,,,13.556867,0.0,5.0,0.810778,11.475151,11.078289
NCAA:mcmurry,McMurry University,226587,2026,2025,True,TX,0.554491,12.930236,0.762275,8.41161,9.0802,47.0,12.930236,0.0,3.0,0.669461,10.5574,10.938805
NCAA:menlo,Menlo College,118693,2026,2025,True,CA,0.743713,13.472241,0.741916,8.350666,9.622158,47.0,13.472241,0.0,3.0,0.588623,10.183163,11.252392
NCAA:mercy,Mercy University,193016,2026,2025,True,NY,0.38982,12.536527,0.637725,8.089482,8.847787,40.0,12.536527,0.0,4.0,0.305988,8.2943,11.002117
NCAA:messiah,Messiah University,213996,2026,2025,True,PA,0.239521,12.152941,0.350898,7.610358,8.303036,47.0,12.059097,-16988.0,6.0,0.549102,9.987691,11.091209
NCAA:methodist,Methodist University,198969,2026,2025,True,NC,0.45988,12.675504,0.209581,7.295056,,,12.675504,0.0,4.0,0.717964,10.852129,11.000332
NCAA:middlebury,Middlebury College,230959,2026,2025,True,VT,0.623353,13.134494,0.42994,7.727976,9.551044,36.0,13.134494,0.0,4.0,0.831138,11.660017,11.54577
NCAA:miles,Miles College,101675,2026,2025,True,AL,0.51018,12.786446,0.685629,8.218787,8.89476,49.0,12.786446,0.0,2.0,0.665269,10.543208,11.305298
NCAA:millikin,Millikin University,147244,2026,2025,True,IL,0.41976,12.603314,0.332335,7.571988,8.732271,48.0,12.603314,0.0,6.0,0.725749,10.90366,11.098273
NCAA:millsaps,Millsaps College,175980,2026,2025,True,MS,0.565868,12.963672,0.452695,7.774436,8.920752,57.0,12.963672,0.0,3.0,0.537725,9.933823,11.10826
NCAA:minnesota-crookston,University of Minnesota-Crookston,174075,2026,2025,True,MN,0.822754,13.786196,0.828144,8.703341,9.797267,54.0,13.786196,0.0,6.0,0.552096,10.000932,11.184796
NCAA:minnesota-duluth,University of Minnesota-Duluth,174233,2026,2025,True,MN,0.505389,12.769911,0.797605,8.5368,9.159095,37.0,12.769911,0.0,3.0,0.845509,11.759809,12.541755
NCAA:minnesota-morris,University of Minnesota-Morris,174251,2026,2025,True,MN,0.271257,12.249688,0.692216,8.230311,8.638942,37.0,12.254544,1017.0,3.0,0.45988,9.497247,10.8871
NCAA:minot-state,Minot State University,200253,2026,2025,True,ND,0.601198,13.076001,0.720359,8.297544,9.14428,51.0,13.076001,0.0,3.0,0.833533,11.682204,11.638289
NCAA:misericordia,Misericordia University,214069,2026,2025,True,PA,0.285629,12.275515,0.45988,7.793587,8.447083,46.0,12.282256,1450.0,5.0,0.794012,11.315389,11.212064
NCAA:missouri-saint-louis,University of Missouri-St Louis,178420,2026,2025,True,MO,0.616766,13.117079,0.697006,8.243808,9.379492,42.0,13.143487,13309.0,4.0,0.501198,9.749112,11.312729
NCAA:missouri-southern-state,Missouri Southern State University,178341,2026,2025,True,MO,0.687425,13.323494,0.701198,8.25062,9.634678,40.0,13.33903,9573.0,4.0,0.79521,11.321172,11.493498
NCAA:mitchell,Mitchell College,129774,2026,2025,True,CT,0.305988,12.332088,0.592814,8.006368,8.668694,39.0,12.434876,24559.0,5.0,0.34012,8.662505,10.480747
NCAA:molloy,Molloy University,193292,2026,2025,True,NY,0.629341,13.156102,0.811976,8.593969,9.629805,34.0,13.193586,19753.0,4.0,0.228144,7.243513,10.432438
NCAA:montclair-state,Montclair State University,185590,2026,2025,True,NJ,0.365269,12.472306,0.504192,7.851272,8.946072,34.0,12.432276,-10242.0,5.0,0.888623,12.278496,11.502158
NCAA:montevallo,University of Montevallo,101709,2026,2025,True,AL,0.635928,13.165011,0.667066,8.171599,9.314951,47.0,13.165011,0.0,3.0,0.611976,10.330257,11.061327
NCAA:moravian,Moravian University,214157,2026,2025,True,PA,0.271856,12.254448,0.160479,7.133296,8.362857,49.0,12.600332,86744.0,5.0,0.746108,11.003449,11.128791
NCAA:mount-aloysius,Mount Aloysius College,214166,2026,2025,True,PA,0.126347,11.711768,0.131138,7.030857,7.950912,43.0,11.711768,0.0,2.0,0.237126,7.36074,10.114316
NCAA:mount-olive,University of Mount Olive,199069,2026,2025,True,NC,0.723952,13.422055,0.740719,8.338784,9.470886,52.0,13.424515,1662.0,3.0,0.460479,9.498297,10.873035
NCAA:mount-union,University of Mount Union,204185,2026,2025,True,OH,0.464072,12.680712,0.358683,7.623153,8.446817,69.0,12.680712,0.0,4.0,0.792216,11.295416,11.207541
NCAA:muhlenberg,Muhlenberg College,214175,2026,2025,True,PA,0.411976,12.593269,0.263473,7.427739,8.879832,41.0,12.645843,15901.0,3.0,0.749102,11.025556,11.2228
NCAA:muskingum,Muskingum University,204264,2026,2025,True,OH,0.32515,12.372383,0.44491,7.754053,8.522431,47.0,12.372383,0.0,5.0,0.655689,10.501829,10.884048
NCAA:nebraska-wesleyan,Nebraska Wesleyan University,181446,2026,2025,True,NE,0.20479,12.046889,0.329341,7.565793,8.262952,44.0,12.053201,1080.0,4.0,0.576647,10.131738,11.249741
NCAA:neumann,Neumann University,214272,2026,2025,True,PA,0.321557,12.36556,0.534132,7.905442,8.869189,33.0,12.36556,0.0,4.0,0.55988,10.040812,10.742227
NCAA:new-jersey-city,New Jersey City University,185129,2026,2025,True,NJ,0.221557,12.098053,0.54012,7.911324,8.601724,33.0,12.109397,2048.0,7.0,0.105389,0.0,11.366014
NCAA:newberry,Newberry College,218414,2026,2025,True,SC,0.686826,13.322075,0.4,7.685244,9.351868,53.0,13.332123,6166.0,4.0,0.817964,11.52933,11.389243
NCAA:newman,Newman University,155335,2026,2025,True,KS,0.741916,13.470054,0.758084,8.394121,9.806546,39.0,13.470054,0.0,2.0,0.457485,9.481207,11.290332
NCAA:nichols,Nichols College,167260,2026,2025,True,MA,0.401198,12.57158,0.250299,7.388946,8.659727,50.0,12.585163,3942.0,5.0,0.635329,10.429074,10.943676
NCAA:north-carolina-wesleyan,North Carolina Wesleyan University,199209,2026,2025,True,NC,0.277246,12.262311,0.175449,7.16935,8.455857,45.0,12.262311,0.0,3.0,0.617964,10.351246,11.295317
NCAA:north-georgia,University of North Georgia,482680,2026,2025,True,GA,0.830539,13.811982,0.926347,9.428833,10.285655,34.0,13.700799,-104855.0,3.0,0.398802,9.133675,11.462053
NCAA:north-greenville,North Greenville University,218441,2026,2025,True,SC,0.792216,13.657477,0.605389,8.030084,9.850866,45.0,13.766849,98682.0,4.0,0.638922,10.443513,10.499601
NCAA:north-park,North Park University,147679,2026,2025,True,IL,0.365868,12.47277,0.453892,7.776954,8.688745,44.0,12.47277,0.0,4.0,0.708383,10.771134,11.320299
NCAA:northeastern-state,Northeastern State University,207263,2026,2025,True,OK,0.586826,13.036293,0.562275,7.946264,9.275185,43.0,13.036293,0.0,3.0,0.647904,10.476273,10.977995
NCAA:northern-state,Northern State University,219259,2026,2025,True,SD,0.641317,13.17562,0.68982,8.224967,9.115285,58.0,13.063759,-55810.0,4.0,0.665868,10.545999,11.55353
NCAA:northwest-missouri-state,Northwest Missouri State University,178624,2026,2025,True,MO,0.736527,13.45731,0.552695,7.930566,9.450054,55.0,13.45731,0.0,3.0,0.824551,11.568549,11.802081
NCAA:northwest-nazarene,Northwest Nazarene University,142461,2026,2025,True,ID,0.782036,13.614174,0.801796,8.561975,9.853025,43.0,13.614174,0.0,5.0,0.690419,10.678837,11.013452
NCAA:northwestern-saint-paul,University of Northwestern-St Paul,174491,2026,2025,True,MN,0.120958,11.67022,0.217365,7.315884,7.9329,42.0,11.67022,0.0,4.0,0.566467,10.067645,11.04822
NCAA:northwood,Northwood University,171492,2026,2025,True,MI,0.646108,13.185462,0.553892,7.930925,9.196578,54.0,13.185462,0.0,3.0,0.705389,10.74781,11.160385
NCAA:norwich,Norwich University,230995,2026,2025,True,VT,0.154491,11.820285,0.081437,6.818924,8.157003,39.0,11.820285,0.0,4.0,0.764671,11.100904,11.02285
NCAA:notre-dame-maryland,Notre Dame of Maryland University,163578,2026,2025,True,MD,0.050898,11.1648,0.14491,7.077498,7.527737,38.0,11.147858,-1186.0,3.0,0.200599,6.558198,9.89611
NCAA:nova-southeastern,Nova Southeastern University,136215,2026,2025,True,FL,0.787425,13.638913,0.819162,8.647695,10.055436,36.0,13.638913,0.0,2.0,0.488024,9.669725,11.842287
NCAA:oakland-city,Oakland City University,152099,2026,2025,True,IN,0.894012,14.247373,0.65988,8.149891,10.258423,54.0,14.247373,0.0,4.0,0.431138,9.337061,10.695756
NCAA:oberlin,Oberlin College,204501,2026,2025,True,OH,0.377844,12.505255,0.418563,7.716906,8.979016,34.0,12.505255,0.0,2.0,0.817365,11.520259,11.142832
NCAA:occidental,Occidental College,120254,2026,2025,True,CA,0.393413,12.547532,0.538323,7.910224,8.763496,44.0,12.799538,80650.0,6.0,0.622156,10.362462,11.293625
NCAA:oglethorpe,Oglethorpe University,140696,2026,2025,True,GA,0.337725,12.402157,0.449102,7.760893,8.510534,49.0,12.402157,0.0,4.0,0.429341,9.329012,11.298977
NCAA:ohio-dominican,Ohio Dominican University,204617,2026,2025,True,OH,0.522156,12.808011,0.513772,7.865572,9.070454,42.0,12.76007,-17092.0,4.0,0.658084,10.510041,11.020431
NCAA:ohio-northern,Ohio Northern University,204635,2026,2025,True,OH,0.459281,12.675457,0.426347,7.724888,8.825454,47.0,12.675457,0.0,3.0,0.762275,11.094436,11.276456
NCAA:ohio-wesleyan,Ohio Wesleyan University,204909,2026,2025,True,OH,0.244311,12.169445,0.229341,7.342779,8.45608,41.0,12.169445,0.0,4.0,0.730539,10.920058,11.089515
NCAA:oklahoma-baptist,Oklahoma Baptist University,207403,2026,2025,True,OK,0.72515,13.427682,0.665269,8.168203,9.99374,31.0,13.457502,20538.0,3.0,0.686228,10.660806,11.406442
NCAA:oklahoma-christian,Oklahoma Christian University,207324,2026,2025,True,OK,0.758084,13.525287,0.59521,8.01036,,,13.618988,73487.0,6.0,0.383832,9.025215,11.209371
NCAA:olivet,The University of Olivet,171599,2026,2025,True,MI,0.140719,11.766715,0.123353,6.996681,8.053453,41.0,11.766715,0.0,2.0,0.427545,9.325275,10.921125
NCAA:otterbein,Otterbein University,204936,2026,2025,True,OH,0.28503,12.275137,0.204192,7.26892,8.232347,57.0,12.778816,140324.0,5.0,0.613772,10.333808,11.016759
NCAA:ouachita-baptist,Ouachita Baptist University,107512,2026,2025,True,AR,0.649701,13.194129,0.764072,8.417373,9.638845,35.0,13.166581,-14597.0,3.0,0.783234,11.224817,11.363369
NCAA:pace,Pace University,194310,2026,2025,True,NY,0.6,13.073881,0.782036,8.461046,9.60821,32.0,13.056234,-8332.0,4.0,0.628144,10.38918,11.474954
NCAA:pacific-lutheran,Pacific Lutheran University,236230,2026,2025,True,WA,0.431737,12.62942,0.678443,8.198089,8.845371,44.0,12.82219,64932.0,4.0,0.476647,9.610726,11.210752
NCAA:paine,Paine College,140720,2026,2025,True,GA,0.241916,12.159028,0.079042,6.810142,8.940278,25.0,12.159028,0.0,2.0,0.207784,6.746412,10.921902
NCAA:palm-beach-atlantic,Palm Beach Atlantic University,136330,2026,2025,True,FL,0.783234,13.619081,0.656287,8.138857,9.881461,42.0,13.639858,17250.0,5.0,0.538323,9.934792,11.060573
NCAA:pfeiffer,Pfeiffer University,199306,2026,2025,True,NC,0.296407,12.303585,0.243713,7.36897,,,12.060989,-47495.0,2.0,0.28024,8.001355,10.922227
NCAA:piedmont,Piedmont University,140818,2026,2025,True,GA,0.562275,12.943567,0.577246,7.972121,9.093529,47.0,12.943567,0.0,3.0,0.561078,10.044813,10.912649
NCAA:pittsburg-state,Pittsburg State University,155681,2026,2025,True,KS,0.725749,13.430386,0.80479,8.571871,9.559254,48.0,13.430386,0.0,2.0,0.828743,11.620209,11.953236
NCAA:plymouth-state,Plymouth State University,183080,2026,2025,True,NH,0.115569,11.634125,0.27485,7.450661,8.079078,35.0,11.848483,26987.0,3.0,0.502395,9.75493,11.389254
NCAA:point-park,Point Park University,215442,2026,2025,True,PA,0.834731,13.82918,0.394611,7.676474,9.654856,65.0,13.844774,15933.0,6.0,0.41018,9.225328,11.129217
NCAA:post,Post University,130183,2026,2025,True,CT,0.752096,13.49311,0.747305,8.366835,9.621974,48.0,13.495179,1500.0,5.0,0.752096,11.030623,11.224216
NCAA:principia,Principia College,148016,2026,2025,True,IL,0.236527,12.137274,0.687425,8.222822,8.879312,26.0,12.137274,0.0,3.0,0.320958,8.451267,11.279113
NCAA:puget-sound,University of Puget Sound,236328,2026,2025,True,WA,0.347305,12.426777,0.613772,8.039802,8.576814,47.0,12.426777,0.0,4.0,0.612575,10.330257,11.177355
NCAA:purdue-northwest,Purdue University Northwest,490805,2026,2025,True,IN,0.371257,12.48781,0.286826,7.479864,8.681313,45.0,12.48781,0.0,4.0,0.450299,9.443989,11.036405
NCAA:quincy,Quincy University,148131,2026,2025,True,IL,0.791617,13.656023,0.591617,8.005701,9.379441,72.0,13.63971,-13796.0,5.0,0.718563,10.854412,10.933767
NCAA:randolph-macon,Randolph-Macon College,233295,2026,2025,True,VA,0.477844,12.713098,0.498204,7.845024,8.762008,52.0,12.713122,8.0,4.0,0.620359,10.356409,11.205
NCAA:redlands,University of Redlands,121691,2026,2025,True,CA,0.403593,12.574908,0.523353,7.88156,9.048662,34.0,12.70033,38646.0,4.0,0.735329,10.952857,11.368917
NCAA:rhodes,Rhodes College,221351,2026,2025,True,TN,0.655689,13.206328,0.812575,8.594154,9.399746,45.0,13.206328,0.0,4.0,0.751497,11.028644,11.222613
NCAA:ripon,Ripon College,239628,2026,2025,True,WI,0.316766,12.352348,0.614371,8.040125,8.523901,46.0,12.356164,885.0,5.0,0.588024,10.183049,10.91676
NCAA:rivier,Rivier University,183211,2026,2025,True,NH,0.368862,12.483799,0.749701,8.374708,8.722758,43.0,12.483799,0.0,6.0,0.433533,9.3547,11.284141
NCAA:roanoke,Roanoke College,233426,2026,2025,True,VA,0.229341,12.114949,0.417365,7.711549,8.451596,39.0,12.114949,0.0,4.0,0.738323,10.960583,11.235537
NCAA:rockford,Rockford University,148405,2026,2025,True,IL,0.441317,12.645527,0.42515,7.724005,8.656714,54.0,12.645527,0.0,6.0,0.471856,9.571366,10.948418
NCAA:rockhurst,Rockhurst University,179043,2026,2025,True,MO,0.792814,13.660855,0.443114,7.752335,9.533792,62.0,13.660855,0.0,6.0,0.610778,10.327382,11.082573
NCAA:roger-williams,Roger Williams University,217518,2026,2025,True,RI,0.264671,12.227756,0.620958,8.058327,8.421309,45.0,11.96699,-46914.0,4.0,0.349102,8.740177,10.990921
NCAA:rogers-state,Rogers State University,207661,2026,2025,True,OK,0.657485,13.21805,0.82515,8.679992,9.850805,29.0,13.21805,0.0,5.0,0.498204,9.74138,11.030574
NCAA:rollins,Rollins College,136950,2026,2025,True,FL,0.840719,13.864145,0.583832,7.985825,9.737068,62.0,13.864145,0.0,4.0,0.762874,11.099544,11.342173
NCAA:roosevelt,Roosevelt University,148487,2026,2025,True,IL,0.806587,13.718895,0.670659,8.186464,9.711621,55.0,13.718895,0.0,6.0,0.417365,9.27153,11.173445
NCAA:rosemont,Rosemont College,215691,2026,2025,True,PA,0.100599,11.565622,0.264671,7.430114,7.715911,47.0,11.565622,0.0,9.0,0.142515,0.0,10.919352
NCAA:rowan,Rowan University,184782,2026,2025,True,NJ,0.383832,12.527243,0.693413,8.238801,8.943851,36.0,12.69163,49268.0,5.0,0.565868,10.064841,11.565338
NCAA:russell-sage,Russell Sage College,195128,2026,2025,True,NY,0.173054,11.901102,0.100599,6.899723,8.140187,43.0,11.934756,5046.0,4.0,0.6,10.261407,10.8138
NCAA:rust,Rust College,176318,2026,2025,True,MS,0.314371,12.346851,0.068263,6.739337,8.236238,61.0,12.36545,4322.0,1.0,0.533533,9.903538,11.225257
NCAA:rutgers-camden,Rutgers University-Camden,186371,2026,2025,True,NJ,0.354491,12.44927,0.442515,7.751475,8.735855,41.0,12.44927,0.0,4.0,0.24012,7.395722,10.868664
NCAA:rutgers-newark,Rutgers University-Newark,186399,2026,2025,True,NJ,0.386228,12.529868,0.658683,8.14584,8.866444,39.0,12.566227,10237.0,4.0,0.493413,9.71764,11.344885
NCAA:saint-anselm,Saint Anselm College,183239,2026,2025,True,NH,0.534731,12.849268,0.650898,8.124743,8.999241,47.0,12.989257,57176.0,3.0,0.799401,11.361149,11.105468
NCAA:saint-cloud-state,Saint Cloud State University,174783,2026,2025,True,MN,0.631138,13.157257,0.756287,8.386173,9.493769,39.0,13.157257,0.0,5.0,0.832934,11.677032,12.097005
NCAA:saint-edwards,Saint Edward's University,227845,2026,2025,True,TX,0.870659,14.056514,0.78982,8.504513,9.929427,62.0,14.068612,15489.0,3.0,0.506587,9.777074,11.327463
NCAA:saint-elizabeth,Saint Elizabeth University,186618,2026,2025,True,NJ,0.234731,12.131872,0.437725,7.74457,8.394423,42.0,12.207961,14681.0,5.0,0.29521,8.187577,10.587266
NCAA:saint-john-fisher,St. John Fisher University,195720,2026,2025,True,NY,0.416766,12.599084,0.647904,8.109526,8.838025,43.0,12.650393,15599.0,5.0,0.841916,11.746091,11.233992
NCAA:saint-lawrence,St Lawrence University,195216,2026,2025,True,NY,0.234132,12.131608,0.121557,6.992096,8.281708,47.0,12.131608,0.0,2.0,0.856886,11.858924,11.499303
NCAA:saint-leo,Saint Leo University,137032,2026,2025,True,FL,0.644311,13.182916,0.390419,7.674617,9.291187,49.0,13.395987,126148.0,3.0,0.527545,9.871016,11.161181
NCAA:saint-martins,Saint Martin's University,236452,2026,2025,True,WA,0.623952,13.135753,0.737725,8.335192,9.472267,39.0,13.135753,0.0,4.0,0.388623,9.063926,11.068512
NCAA:saint-marys-maryland,St. Mary's College of Maryland,163912,2026,2025,True,MD,0.193413,11.992229,0.238323,7.359468,8.328903,39.0,11.992229,0.0,5.0,0.3,8.250098,11.082727
NCAA:saint-michaels,Saint Michael's College,231059,2026,2025,True,VT,0.577844,13.003654,0.649102,8.119994,9.242549,43.0,13.003654,0.0,4.0,0.732335,10.929762,11.106745
NCAA:saint-norbert,Saint Norbert College,239716,2026,2025,True,WI,0.422156,12.605607,0.285629,7.47817,8.545355,58.0,12.605607,0.0,5.0,0.724551,10.898941,11.191659
NCAA:saint-olaf,St Olaf College,174844,2026,2025,True,MN,0.391617,12.544375,0.506587,7.853605,8.830946,41.0,12.623917,23224.0,4.0,0.650299,10.485536,11.314877
NCAA:saint-scholastica,The College of Saint Scholastica,174899,2026,2025,True,MN,0.356287,12.455936,0.146707,7.083388,8.395715,58.0,12.696142,69716.0,5.0,0.507186,9.77713,10.687868
NCAA:saint-thomas-aquinas,St. Thomas Aquinas College,195243,2026,2025,True,NY,0.784431,13.619993,0.489222,7.833204,9.559619,58.0,13.619993,0.0,5.0,0.615569,10.347019,11.177005
NCAA:saint-vincent,Saint Vincent College,215798,2026,2025,True,PA,0.479641,12.715531,0.621557,8.061802,8.726706,54.0,12.715531,0.0,2.0,0.642515,10.4605,11.041
NCAA:salem-state,Salem State University,167729,2026,2025,True,MA,0.035329,10.964329,0.112575,6.973543,7.499129,32.0,10.964329,0.0,2.0,0.222156,7.117206,10.308619
NCAA:salisbury,Salisbury University,163851,2026,2025,True,MD,0.372455,12.491721,0.668263,8.177235,9.057847,31.0,12.491721,0.0,3.0,0.407186,9.207637,11.617952
NCAA:salve-regina,Salve Regina University,217536,2026,2025,True,RI,0.540719,12.886666,0.495808,7.842279,8.994968,49.0,13.123679,105648.0,3.0,0.623952,10.368133,10.981727
NCAA:savannah-state,Savannah State University,140960,2026,2025,True,GA,0.280838,12.272268,0.011976,5.686975,8.321263,52.0,12.272268,0.0,3.0,0.300599,8.252707,11.165154
NCAA:schreiner,Schreiner University,228042,2026,2025,True,TX,0.432335,12.62961,0.205988,7.271704,8.470933,64.0,12.664231,10761.0,2.0,0.406587,9.203215,10.76779
NCAA:scranton,University of Scranton,215929,2026,2025,True,PA,0.473653,12.703558,0.708982,8.265907,8.919499,44.0,12.703558,0.0,5.0,0.597605,10.239853,11.205694
NCAA:seton-hill,Seton Hill University,215947,2026,2025,True,PA,0.724551,13.424772,0.762874,8.412055,9.596197,46.0,13.424772,0.0,3.0,0.69521,10.704771,11.112791
NCAA:shenandoah,Shenandoah University,233541,2026,2025,True,VA,0.414371,12.595893,0.212575,7.303843,8.468965,62.0,12.595893,0.0,5.0,0.689222,10.675561,10.96592
NCAA:shepherd,Shepherd University,237792,2026,2025,True,WV,0.438323,12.637277,0.608982,8.035603,9.171642,32.0,12.637277,0.0,3.0,0.887425,12.256462,11.142282
NCAA:shorter,Shorter University,140988,2026,2025,True,GA,0.668862,13.25256,0.665868,8.169336,9.563749,40.0,13.25256,0.0,3.0,0.750898,11.028612,10.856303
NCAA:simpson,Simpson University,123457,2026,2025,True,CA,0.928743,14.49062,0.007784,5.356586,10.271146,68.0,14.49062,0.0,4.0,0.61497,10.346666,11.127733
NCAA:simpson,Simpson College,154350,2026,2025,True,IA,0.328743,12.380887,0.331138,7.569928,8.303593,59.0,12.172836,-44743.0,6.0,0.716168,10.830184,10.887082
NCAA:sioux-falls,University of Sioux Falls,219383,2026,2025,True,SD,0.51497,12.795963,0.748503,8.369389,8.945943,47.0,12.80486,3224.0,4.0,0.747305,11.008678,11.282707
NCAA:skidmore,Skidmore College,195526,2026,2025,True,NY,0.277844,12.26344,0.566467,7.952615,8.767084,33.0,12.26344,0.0,4.0,0.591018,10.192157,11.221289
NCAA:sonoma-state,Sonoma State University,123572,2026,2025,True,CA,0.682036,13.309022,0.557485,7.940228,9.480455,46.0,13.309022,0.0,6.0,0.290419,8.136226,11.882708
NCAA:southern-connecticut-state,Southern Connecticut State University,130493,2026,2025,True,CT,0.664671,13.245793,0.503593,7.851272,9.690505,35.0,13.245793,0.0,3.0,0.412575,9.241064,11.864329
NCAA:southern-nazarene,Southern Nazarene University,206862,2026,2025,True,OK,0.683832,13.311988,0.516766,7.871693,9.461917,47.0,13.3124,249.0,4.0,0.663473,10.53882,11.001049
NCAA:southern-virginia,Southern Virginia University,233611,2026,2025,True,VA,0.21976,12.095409,0.631138,8.078378,8.540251,35.0,12.095409,0.0,2.0,0.632934,10.422073,11.155193
NCAA:southern-wesleyan,Southern Wesleyan University,217776,2026,2025,True,SC,0.746707,13.474031,0.526347,7.885329,9.197465,72.0,13.474031,0.0,5.0,0.287425,8.105911,10.687595
NCAA:southwest-baptist,Southwest Baptist University,179326,2026,2025,True,MO,0.636527,13.167014,0.691018,8.230044,9.338458,46.0,13.167014,0.0,3.0,0.593413,10.211193,11.020005
NCAA:southwest-minnesota-state,Southwest Minnesota State University,175078,2026,2025,True,MN,0.424551,12.610027,0.561078,7.944137,8.738982,48.0,12.610027,0.0,3.0,0.661078,10.531403,11.602126
NCAA:spalding,Spalding University,157757,2026,2025,True,KY,0.368263,12.480761,0.606587,8.031385,8.696734,44.0,12.480761,0.0,4.0,0.57006,10.101436,10.736701
NCAA:spring-hill,Spring Hill College,102234,2026,2025,True,AL,0.698802,13.352761,0.353293,7.614312,9.178475,65.0,13.39382,26387.0,2.0,0.468263,9.550733,10.714707
NCAA:springfield,Springfield College,167899,2026,2025,True,MA,0.237126,12.143532,0.156287,7.122867,8.31513,46.0,12.143532,0.0,4.0,0.882036,12.143149,11.352099
NCAA:stevenson,Stevenson University,164173,2026,2025,True,MD,0.265868,12.232349,0.188623,7.216709,8.448369,44.0,12.335283,22261.0,2.0,0.793413,11.313645,11.228943
NCAA:stillman,Stillman College,102270,2026,2025,True,AL,0.188024,11.973333,0.049102,6.543912,8.166948,45.0,11.994703,3423.0,2.0,0.00479,0.0,10.085309
NCAA:stockton,Stockton University,186876,2026,2025,True,NJ,0.357485,12.459109,0.273653,7.447751,8.721598,42.0,12.459109,0.0,5.0,0.390419,9.088286,11.463147
NCAA:suffolk,Suffolk University,168005,2026,2025,True,MA,0.311377,12.341879,0.483234,7.825645,8.815662,34.0,12.341879,0.0,3.0,0.274251,7.902857,11.141383
NCAA:sul-ross-state,Sul Ross State University,228501,2026,2025,True,TX,0.171856,11.894412,0.219162,7.317876,8.133499,43.0,12.015523,18855.0,2.0,0.698204,10.724214,10.795342
NCAA:suny-brockport,SUNY Brockport,196121,2026,2025,True,NY,0.42515,12.610631,0.438922,7.746301,8.659557,52.0,12.610631,0.0,3.0,0.770659,11.131914,11.266027
NCAA:suny-maritime,SUNY Maritime College,196291,2026,2025,True,NY,0.044311,11.100164,0.041317,6.461468,7.463137,38.0,11.954806,89381.0,2.0,0.117365,0.0,10.933178
NCAA:suny-oneonta,SUNY Oneonta,196185,2026,2025,True,NY,0.307784,12.336495,0.407784,7.693026,8.599006,42.0,12.336495,0.0,3.0,0.526946,9.868948,11.03468
NCAA:susquehanna,Susquehanna University,216278,2026,2025,True,PA,0.447904,12.659845,0.425749,7.724005,8.708764,52.0,12.659845,0.0,4.0,0.681437,10.635254,11.164941
NCAA:swarthmore,Swarthmore College,216287,2026,2025,True,PA,0.343713,12.418746,0.400599,7.686621,8.755338,39.0,12.459385,10261.0,5.0,0.594012,10.212075,11.661819
NCAA:tampa,The University of Tampa,137847,2026,2025,True,FL,0.916766,14.4041,0.913174,9.299998,10.666453,42.0,14.558783,301359.0,4.0,0.81976,11.534423,11.73778
NCAA:temple,Temple College,228608,2026,2025,True,TX,0.593413,13.049339,0.546108,7.920083,9.360543,40.0,13.08294,15883.0,3.0,0.474251,9.595058,11.423996
NCAA:texas-a-and-m-international,Texas A & M International University,226152,2026,2025,True,TX,0.665868,13.246219,0.787425,8.496378,9.557408,40.0,13.246219,0.0,4.0,0.726347,10.911172,11.21228
NCAA:texas-a-and-m-kingsville,Texas A&M University-Kingsville,228705,2026,2025,True,TX,0.752695,13.493484,0.826347,8.691146,9.829975,39.0,13.313068,-119628.0,4.0,0.8,11.370451,11.518997
NCAA:texas-dallas,The University of Texas at Dallas,228787,2026,2025,True,TX,0.470659,12.698547,0.708383,8.265393,9.143303,35.0,12.714152,5147.0,2.0,0.508383,9.778661,11.30842
NCAA:texas-lutheran,Texas Lutheran University,228981,2026,2025,True,TX,0.350898,12.442523,0.38503,7.667158,8.510895,51.0,12.270028,-40140.0,2.0,0.401796,9.151333,11.280401
NCAA:thiel,Thiel College,216357,2026,2025,True,PA,0.274251,12.257155,0.344311,7.592366,8.47317,44.0,12.257155,0.0,2.0,0.559281,10.034647,10.880365
NCAA:thomas-more,Thomas More University,157809,2026,2025,True,KY,0.349102,12.432893,0.154491,7.114769,8.795455,38.0,12.498753,17082.0,4.0,0.609581,10.309552,10.749763
NCAA:tiffin,Tiffin University,206048,2026,2025,True,OH,0.642515,13.178797,0.288623,7.486053,8.916249,71.0,13.178797,0.0,4.0,0.749701,11.02689,11.025475
NCAA:transylvania,Transylvania University,157818,2026,2025,True,KY,0.528743,12.828827,0.671856,8.190632,8.897135,51.0,12.828827,0.0,3.0,0.526347,9.868482,11.219842
NCAA:trevecca-nazarene,Trevecca Nazarene University,221892,2026,2025,True,TN,0.743114,13.472209,0.847305,8.83521,9.734597,42.0,13.472209,0.0,7.0,0.600599,10.266741,11.207758
NCAA:trine,Trine University,152567,2026,2025,True,IN,0.306587,12.334255,0.07485,6.788972,8.309145,56.0,12.401738,15872.0,4.0,0.78024,11.214668,11.010266
NCAA:truman-state,Truman State University,178615,2026,2025,True,MO,0.343114,12.417253,0.431138,7.734996,9.016173,30.0,12.417253,0.0,2.0,0.675449,10.606338,11.12049
NCAA:tufts,Tufts University,168148,2026,2025,True,MA,0.59521,13.058744,0.652695,8.130648,9.208694,47.0,13.058744,0.0,5.0,0.808383,11.453016,11.473384
NCAA:tusculum,Tusculum University,221953,2026,2025,True,TN,0.662275,13.239988,0.530539,7.898782,9.197036,57.0,13.236597,-1904.0,3.0,0.743713,10.991005,10.911774
NCAA:tuskegee,Tuskegee University,102377,2026,2025,True,AL,0.335928,12.395258,0.192216,7.23201,8.657758,42.0,12.395258,0.0,2.0,0.790419,11.284242,11.68239
NCAA:upper-iowa,Upper Iowa University,154493,2026,2025,True,IA,0.60479,13.081166,0.444311,7.754053,9.055929,56.0,13.081166,0.0,4.0,0.626946,10.381397,11.161636
NCAA:ursinus,Ursinus College,216524,2026,2025,True,PA,0.346108,12.424911,0.152695,7.113142,8.454828,53.0,12.424911,0.0,7.0,0.617365,10.350606,11.208951
NCAA:utica,Utica University,197045,2026,2025,True,NY,0.341317,12.412814,0.35988,7.624131,8.562854,47.0,12.506033,24028.0,5.0,0.704192,10.746089,11.162318
NCAA:valdosta-state,Valdosta State University,141264,2026,2025,True,GA,0.661078,13.233704,0.722156,8.300032,9.405143,46.0,13.233704,0.0,3.0,0.796407,11.322999,11.359902
NCAA:valley-forge,University of Valley Forge,216542,2026,2025,True,PA,0.056287,11.223762,0.371257,7.644919,7.822952,30.0,11.653487,40203.0,3.0,0.229341,7.268223,10.608563
NCAA:vassar,Vassar College,197133,2026,2025,True,NY,0.305389,12.330747,0.281437,7.471932,8.896893,31.0,12.350134,4435.0,4.0,0.700599,10.726478,11.261498
NCAA:virginia-state,Virginia State University,234155,2026,2025,True,VA,0.164072,11.855394,0.477844,7.82044,8.454402,30.0,11.855394,0.0,4.0,0.463473,9.507775,11.724612
NCAA:virginia-wesleyan,Virginia Wesleyan University,234173,2026,2025,True,VA,0.291617,12.289729,0.126347,7.001246,8.115636,65.0,12.289729,0.0,3.0,0.550898,9.989574,11.212172
NCAA:walsh,Walsh University,206437,2026,2025,True,OH,0.661677,13.234266,0.296407,7.49887,8.985894,70.0,13.393253,96363.0,4.0,0.672455,10.587039,11.105123
NCAA:wartburg,Wartburg College,154527,2026,2025,True,IA,0.401796,12.571968,0.308982,7.522941,8.445046,62.0,12.571968,0.0,7.0,0.820958,11.545896,11.07662
NCAA:washburn,Washburn University,156082,2026,2025,True,KS,0.735329,13.453006,0.777246,8.445912,9.624429,46.0,13.453006,0.0,3.0,0.798802,11.357522,11.677796
NCAA:washington-and-lee,Washington and Lee University,234207,2026,2025,True,VA,0.390419,12.536807,0.650299,8.122074,9.010565,34.0,12.567958,8809.0,4.0,0.598204,10.246474,11.552387
NCAA:waynesburg,Waynesburg University,216694,2026,2025,True,PA,0.146108,11.788396,0.04491,6.481577,8.099812,40.0,11.788396,0.0,5.0,0.624551,10.373241,10.750321
NCAA:webster,Webster University,179894,2026,2025,True,MO,0.579641,13.011499,0.777844,8.448486,9.227405,44.0,13.163237,73330.0,7.0,0.625749,10.380653,10.942686
NCAA:west-alabama,University of West Alabama,101587,2026,2025,True,AL,0.774251,13.58189,0.756886,8.392537,9.820743,43.0,13.634576,42828.0,5.0,0.777844,11.197269,11.261099
NCAA:west-florida,University of West Florida,138354,2026,2025,True,FL,0.755689,13.504134,0.872455,9.015906,9.920663,36.0,13.475578,-20620.0,4.0,0.705988,10.754087,11.413669
NCAA:west-liberty,West Liberty University,237932,2026,2025,True,WV,0.49521,12.746939,0.228144,7.341484,8.875875,48.0,12.746939,0.0,5.0,0.411976,9.232689,11.140034
NCAA:west-texas-a-and-m,West Texas A & M University,229814,2026,2025,True,TX,0.692814,13.340483,0.67485,8.194782,9.556363,44.0,13.340483,0.0,3.0,0.851497,11.82027,11.582619
NCAA:west-virginia-state,West Virginia State University,237899,2026,2025,True,WV,0.58024,13.012042,0.222754,7.327123,9.323249,40.0,13.012042,0.0,4.0,0.605988,10.292315,11.224123
NCAA:west-virginia-wesleyan,West Virginia Wesleyan College,237969,2026,2025,True,WV,0.52515,12.81866,0.447305,7.759614,8.947587,48.0,12.81866,0.0,2.0,0.651497,10.489884,10.816974
NCAA:western-oregon,Western Oregon University,210429,2026,2025,True,OR,0.68024,13.30232,0.806587,8.579041,9.541191,43.0,13.30232,0.0,3.0,0.682635,10.640508,11.404482
NCAA:westfield-state,Westfield State University,168263,2026,2025,True,MA,0.231138,12.118667,0.596407,8.010692,8.455312,39.0,12.080407,-6879.0,6.0,0.49521,9.722505,11.111313
NCAA:westmont,Westmont College,125727,2026,2025,True,CA,0.763473,13.547926,0.735329,8.331586,9.559012,54.0,13.468362,-58526.0,5.0,0.445509,9.422544,11.428217
NCAA:wheeling,Wheeling University,238078,2026,2025,True,WV,0.672455,13.262789,0.618563,8.04719,9.599294,39.0,13.41793,96562.0,1.0,0.738922,10.963619,10.877122
NCAA:whitman,Whitman College,237057,2026,2025,True,WA,0.527545,12.825926,0.797006,8.534444,9.299654,34.0,12.942737,46060.0,4.0,0.620958,10.360564,11.42559
NCAA:whittier,Whittier College,125763,2026,2025,True,CA,0.177844,11.918031,0.156886,7.126087,7.893046,56.0,11.966939,7516.0,4.0,0.392814,9.104424,11.169068
NCAA:whitworth,Whitworth University,237066,2026,2025,True,WA,0.458683,12.675367,0.660479,8.152198,8.891311,44.0,12.842372,58122.0,7.0,0.696407,10.709517,11.378434
NCAA:widener,Widener University,216852,2026,2025,True,PA,0.227545,12.110635,0.02515,6.133398,8.499915,37.0,12.124233,2489.0,4.0,0.537126,9.927741,11.144395
NCAA:wilkes,Wilkes University,216931,2026,2025,True,PA,0.447305,12.65873,0.75988,8.39886,8.995289,39.0,12.65873,0.0,10.0,0.752695,11.037724,10.965868
NCAA:willamette,Willamette University,210401,2026,2025,True,OR,0.367066,12.474365,0.689222,8.224432,9.008748,32.0,12.474365,0.0,5.0,0.591617,10.199324,11.014226
NCAA:william-jewell,William Jewell College,179955,2026,2025,True,MO,0.561677,12.942957,0.09521,6.880384,9.051251,49.0,13.101021,71559.0,3.0,0.354491,8.795431,10.986732
NCAA:william-peace,William Peace University,199272,2026,2025,True,NC,0.240719,12.157649,0.267665,7.433075,8.168943,54.0,12.097178,-11181.0,4.0,0.51976,9.833709,10.442113
NCAA:williams,Williams College,168342,2026,2025,True,MA,0.4,12.562305,0.550898,7.929126,9.096678,32.0,12.562305,0.0,4.0,0.788024,11.269656,11.214196
NCAA:wilson,Wilson College,217013,2026,2025,True,PA,0.172455,11.896956,0.144311,7.076654,8.463173,31.0,11.896956,0.0,4.0,0.361078,8.853808,10.692604
NCAA:wingate,Wingate University,199962,2026,2025,True,NC,0.820958,13.782737,0.782635,8.461892,10.093898,40.0,13.794711,11657.0,3.0,0.646707,10.472771,11.393973
NCAA:winona-state,Winona State University,175272,2026,2025,True,MN,0.659281,13.226913,0.518563,7.873217,9.068143,64.0,13.226913,0.0,3.0,0.678443,10.619081,11.561754
NCAA:wisconsin-eau-claire,University of Wisconsin-Eau Claire,240268,2026,2025,True,WI,0.498204,12.756798,0.51018,7.858641,8.825116,51.0,12.78548,10094.0,5.0,0.77006,11.129496,11.101281
NCAA:wisconsin-louisiana-crosse,University of Wisconsin-La Crosse,240329,2026,2025,True,WI,0.599401,13.071064,0.675449,8.195334,9.460222,37.0,13.138996,33389.0,10.0,0.601198,10.267505,11.218514
NCAA:wisconsin-lutheran,Wisconsin Lutheran College,240338,2026,2025,True,WI,0.22515,12.104776,0.473054,7.816014,8.441425,39.0,12.237814,25717.0,6.0,0.658683,10.511839,10.986919
NCAA:wisconsin-oshkosh,University of Wisconsin-Oshkosh,240365,2026,2025,True,WI,0.495808,12.747027,0.706587,8.262559,8.962962,44.0,13.100316,145568.0,2.0,0.5,9.748703,11.363218
NCAA:wisconsin-parkside,University of Wisconsin-Parkside,240374,2026,2025,True,WI,0.552096,12.9245,0.376048,7.656337,9.032797,49.0,12.9245,0.0,4.0,0.423952,9.301916,11.238896
NCAA:wisconsin-platteville,University of Wisconsin-Platteville,240462,2026,2025,True,WI,0.204192,12.044142,0.315569,7.531552,8.215765,46.0,12.197793,28251.0,4.0,0.652695,10.490079,11.092991
NCAA:wisconsin-stevens-point,University of Wisconsin-Stevens Point,240480,2026,2025,True,WI,0.319162,12.358498,0.398204,7.683864,8.574493,44.0,12.335828,-5221.0,5.0,0.717365,10.847938,11.07886
NCAA:wisconsin-stout,University of Wisconsin-Stout,240417,2026,2025,True,WI,0.262874,12.219665,0.586228,7.993282,8.582261,38.0,12.219665,0.0,4.0,0.543114,9.955748,11.11061
NCAA:wisconsin-superior,University of Wisconsin-Superior,240426,2026,2025,True,WI,0.259281,12.211503,0.609581,8.035926,8.54813,39.0,12.211503,0.0,5.0,0.404192,9.173365,10.995528
NCAA:wisconsin-whitewater,University of Wisconsin-Whitewater,240189,2026,2025,True,WI,0.38503,12.52758,0.700599,8.248267,8.972355,35.0,12.518,-2630.0,7.0,0.223353,7.148346,11.270179
NCAA:wittenberg,Wittenberg University,206525,2026,2025,True,OH,0.38024,12.510756,0.340719,7.585281,8.68228,46.0,12.510756,0.0,5.0,0.680838,10.633786,10.973649
NCAA:wooster,The College of Wooster,206589,2026,2025,True,OH,0.511976,12.79066,0.576647,7.971776,9.207238,36.0,12.611354,-58905.0,3.0,0.694012,10.692536,11.151482
NCAA:worcester-state,Worcester State University,168430,2026,2025,True,MA,0.2,12.017258,0.396407,7.682022,8.379895,38.0,11.988911,-4628.0,4.0,0.293413,8.147867,10.581927
NCAA:yeshiva,Yeshiva University,197708,2026,2025,True,NY,0.088024,11.475234,0.186228,7.211557,7.979059,33.0,11.475234,0.0,4.0,0.211377,6.821107,11.054835
NCAA:york-pennsylvania,York College of Pennsylvania,217059,2026,2025,True,PA,0.156287,11.833377,0.253892,7.397562,8.096005,42.0,11.969337,20065.0,3.0,0.562275,10.04854,11.130772
NCAA:young-harris,Young Harris College,141361,2026,2025,True,GA,0.765269,13.554656,0.634132,8.083637,9.335235,68.0,13.554656,0.0,4.0,0.638323,10.441763,11.07189
